customerID,gender,SeniorCitizen,Partner,Dependents,tenure,PhoneService,InternetService,Contract,PaymentMethod,MonthlyCharges,TotalCharges,Churn
CUST1,Male,0,Yes,No,16,Yes,Fiber optic,Month-to-month,Mailed check,74.44,1285.0,No
CUST2,Female,0,No,No,57,Yes,Fiber optic,Two year,Mailed check,3.18,249.0,No
CUST3,Male,1,Yes,Yes,57,Yes,DSL,Month-to-month,Electronic check,20.01,1135.63,No
CUST4,Male,0,No,Yes,56,Yes,Fiber optic,Month-to-month,Electronic check,89.88,5061.7,No
CUST5,Male,1,Yes,Yes,6,Yes,No,One year,Electronic check,95.17,678.35,No
CUST6,Female,0,Yes,No,38,Yes,DSL,One year,Bank transfer,29.52,1122.6,Yes
CUST7,Male,1,Yes,Yes,57,Yes,DSL,Month-to-month,Mailed check,102.98,5788.65,Yes
CUST8,Male,0,Yes,No,55,Yes,Fiber optic,One year,Bank transfer,64.09,3464.66,No
CUST9,Male,0,No,No,14,Yes,DSL,Month-to-month,Electronic check,39.33,641.55,Yes
CUST10,Female,0,Yes,Yes,43,Yes,DSL,Month-to-month,Bank transfer,53.19,2206.05,No
CUST11,Male,0,No,No,11,Yes,Fiber optic,Month-to-month,Credit card,33.32,209.74,No
CUST12,Male,0,Yes,Yes,7,No,DSL,Month-to-month,Electronic check,51.52,330.22,No
CUST13,Male,1,Yes,No,40,Yes,DSL,Month-to-month,Credit card,13.93,549.67,No
CUST14,Male,0,No,Yes,33,Yes,No,Month-to-month,Bank transfer,67.79,2323.12,No
CUST15,Female,1,Yes,Yes,45,Yes,DSL,Month-to-month,Credit card,87.61,3796.67,Yes
CUST16,Male,1,Yes,Yes,28,Yes,No,Month-to-month,Bank transfer,29.58,862.89,No
CUST17,Female,0,No,Yes,15,Yes,DSL,One year,Mailed check,70.51,1172.78,No
CUST18,Female,0,Yes,No,4,Yes,No,One year,Mailed check,,101.71,No
CUST19,Female,0,No,Yes,4,Yes,Fiber optic,One year,Bank transfer,90.06,368.4,Yes
CUST20,Male,0,Yes,No,29,Yes,DSL,Two year,Electronic check,0.57,-198.53,Yes
CUST21,Female,0,Yes,Yes,49,Yes,Fiber optic,Two year,Mailed check,91.36,4563.96,No
CUST22,Male,0,Yes,Yes,4,Yes,No,Two year,Bank transfer,15.47,141.44,No
CUST23,Female,0,No,Yes,12,Yes,DSL,Month-to-month,Electronic check,63.7,762.4,Yes
CUST24,Female,0,Yes,No,48,Yes,Fiber optic,Month-to-month,Mailed check,48.73,2206.31,No
CUST25,Female,0,Yes,Yes,49,Yes,Fiber optic,Month-to-month,Bank transfer,59.18,2966.51,No
CUST26,Female,0,Yes,Yes,13,Yes,Fiber optic,Month-to-month,Electronic check,24.12,289.06,No
CUST27,Female,1,Yes,No,45,Yes,Fiber optic,Month-to-month,Electronic check,119.8,5112.96,No
CUST28,Female,0,Yes,Yes,33,Yes,DSL,Month-to-month,Bank transfer,31.4,1114.02,No
CUST29,Female,1,Yes,No,70,Yes,DSL,Two year,Credit card,33.77,2480.26,No
CUST30,Female,0,Yes,Yes,46,Yes,Fiber optic,Month-to-month,Credit card,123.84,5830.57,No
CUST31,Male,0,Yes,Yes,59,Yes,No,Month-to-month,Credit card,79.68,4573.42,No
CUST32,Male,0,Yes,Yes,10,Yes,DSL,Month-to-month,Credit card,32.37,132.02,No
CUST33,Female,0,No,No,49,Yes,Fiber optic,One year,Electronic check,66.14,3199.82,Yes
CUST34,Female,0,Yes,Yes,3,Yes,DSL,Month-to-month,Credit card,62.93,,No
CUST35,Female,0,No,Yes,40,Yes,Fiber optic,Month-to-month,Bank transfer,19.37,680.52,No
CUST36,Male,0,No,Yes,58,Yes,Fiber optic,Two year,Electronic check,47.25,2581.4,No
CUST37,Female,0,No,No,59,Yes,Fiber optic,One year,Credit card,69.21,4155.85,No
CUST38,Male,0,Yes,No,61,Yes,No,One year,Bank transfer,107.99,6552.87,Yes
CUST39,Male,0,No,No,24,Yes,DSL,Two year,Mailed check,64.34,1606.42,No
CUST40,Male,0,No,No,32,Yes,DSL,Month-to-month,Electronic check,66.59,2132.46,No
CUST41,Male,0,No,No,18,Yes,No,One year,Bank transfer,45.54,803.11,No
CUST42,Male,0,Yes,No,56,No,DSL,Month-to-month,Credit card,102.88,,Yes
CUST43,Female,0,No,Yes,14,Yes,Fiber optic,One year,Bank transfer,97.07,,No
CUST44,Female,0,Yes,Yes,40,Yes,Fiber optic,Month-to-month,Electronic check,93.68,3701.35,No
CUST45,Female,1,No,Yes,68,Yes,Fiber optic,Month-to-month,Mailed check,73.36,4878.35,No
CUST46,Female,0,No,Yes,59,Yes,DSL,Month-to-month,Credit card,22.04,1348.69,Yes
CUST47,Female,0,Yes,Yes,21,Yes,DSL,Month-to-month,Bank transfer,102.6,2279.35,No
CUST48,Male,0,Yes,No,42,Yes,Fiber optic,Month-to-month,Mailed check,71.72,2962.19,No
CUST49,Female,0,No,No,31,Yes,DSL,Month-to-month,Electronic check,60.74,2069.55,No
CUST50,Female,0,No,No,12,Yes,Fiber optic,One year,Credit card,83.45,,No
CUST51,Male,0,No,Yes,37,Yes,Fiber optic,Month-to-month,Mailed check,76.73,2864.83,No
CUST52,Female,0,Yes,No,25,Yes,DSL,Month-to-month,Electronic check,37.92,1013.5,No
CUST53,Male,0,Yes,Yes,4,Yes,DSL,One year,Credit card,60.38,339.03,No
CUST54,Female,0,No,No,48,Yes,No,One year,Bank transfer,12.88,572.78,Yes
CUST55,Male,0,No,Yes,4,Yes,Fiber optic,Month-to-month,Mailed check,72.58,345.8,Yes
CUST56,Female,0,Yes,No,70,No,Fiber optic,Month-to-month,Electronic check,109.9,7797.66,No
CUST57,Female,0,Yes,Yes,47,Yes,No,One year,Bank transfer,16.13,720.17,No
CUST58,Male,0,No,No,17,Yes,Fiber optic,Month-to-month,Credit card,73.86,1256.09,Yes
CUST59,Male,0,Yes,Yes,5,Yes,No,Month-to-month,Mailed check,90.05,373.52,No
CUST60,Male,0,No,No,65,Yes,DSL,Month-to-month,Electronic check,94.49,6092.55,Yes
CUST61,Male,0,Yes,Yes,41,Yes,No,Two year,Mailed check,47.61,1917.04,No
CUST62,Male,0,No,Yes,51,Yes,DSL,Month-to-month,Bank transfer,36.93,1793.01,Yes
CUST63,Male,0,No,Yes,10,Yes,No,Month-to-month,Bank transfer,52.39,517.61,Yes
CUST64,Male,0,No,Yes,25,Yes,No,Two year,Electronic check,105.73,2676.33,No
CUST65,Male,0,Yes,No,20,Yes,DSL,Month-to-month,Mailed check,18.71,417.0,No
CUST66,Female,0,No,No,65,Yes,Fiber optic,Month-to-month,Mailed check,33.52,2097.95,Yes
CUST67,Female,0,No,No,39,No,Fiber optic,Month-to-month,Bank transfer,56.24,2132.73,Yes
CUST68,Male,0,Yes,Yes,55,Yes,DSL,Two year,Mailed check,40.73,2325.24,No
CUST69,Female,0,No,No,50,Yes,Fiber optic,One year,Mailed check,68.75,3376.63,No
CUST70,Female,1,No,Yes,19,Yes,DSL,One year,Mailed check,112.44,2218.78,No
CUST71,Female,0,No,No,56,Yes,No,Month-to-month,Electronic check,33.89,1824.59,No
CUST72,Female,0,Yes,Yes,4,Yes,DSL,Month-to-month,Bank transfer,65.61,300.14,No
CUST73,Male,0,Yes,No,13,Yes,Fiber optic,Month-to-month,Credit card,69.75,981.99,No
CUST74,Female,1,Yes,Yes,23,Yes,DSL,Month-to-month,Electronic check,59.96,1114.11,No
CUST75,Male,1,Yes,Yes,67,Yes,DSL,One year,Bank transfer,22.65,1604.4,No
CUST76,Female,0,No,No,51,Yes,Fiber optic,Month-to-month,Electronic check,50.87,2724.78,No
CUST77,Female,0,Yes,No,47,Yes,Fiber optic,One year,Credit card,50.95,2363.76,No
CUST78,Female,0,Yes,No,46,Yes,DSL,Month-to-month,Electronic check,89.01,4129.03,No
CUST79,Male,0,Yes,Yes,59,Yes,No,Month-to-month,Electronic check,82.59,4788.9,Yes
CUST80,Female,0,No,Yes,2,No,DSL,One year,Credit card,23.44,83.23,No
CUST81,Male,0,No,Yes,8,Yes,Fiber optic,Month-to-month,Mailed check,58.39,713.22,Yes
CUST82,Female,0,No,No,23,No,Fiber optic,One year,Bank transfer,54.99,1045.1,No
CUST83,Male,0,Yes,Yes,3,Yes,Fiber optic,Month-to-month,Credit card,128.64,335.85,Yes
CUST84,Female,1,No,No,8,No,DSL,One year,Electronic check,78.77,709.84,Yes
CUST85,Male,0,No,Yes,0,Yes,Fiber optic,Two year,Mailed check,37.68,126.16,No
CUST86,Male,0,Yes,No,34,Yes,Fiber optic,Month-to-month,Electronic check,46.7,1449.56,Yes
CUST87,Female,0,No,Yes,11,Yes,DSL,Month-to-month,Mailed check,58.64,581.22,Yes
CUST88,Male,0,Yes,Yes,17,Yes,DSL,Month-to-month,Electronic check,80.87,1316.76,Yes
CUST89,Female,0,Yes,No,9,Yes,DSL,One year,Bank transfer,84.55,695.65,No
CUST90,Female,0,No,Yes,17,Yes,DSL,Month-to-month,Bank transfer,76.01,1280.55,No
CUST91,Female,1,Yes,Yes,23,Yes,DSL,Month-to-month,Electronic check,63.71,1322.46,No
CUST92,Female,0,Yes,No,0,Yes,DSL,One year,Credit card,65.92,-25.45,No
CUST93,Female,0,Yes,Yes,71,Yes,Fiber optic,One year,Electronic check,66.13,4601.62,No
CUST94,Female,0,Yes,No,15,Yes,DSL,Two year,Electronic check,16.51,240.76,Yes
CUST95,Female,0,Yes,No,14,Yes,DSL,Month-to-month,Credit card,68.16,883.73,No
CUST96,Female,0,Yes,Yes,61,Yes,DSL,Month-to-month,Credit card,52.68,3196.58,No
CUST97,Female,0,No,Yes,4,Yes,Fiber optic,Two year,Electronic check,20.42,-21.96,Yes
CUST98,Female,0,Yes,Yes,44,Yes,DSL,Month-to-month,Mailed check,142.54,6367.03,No
CUST99,Female,0,Yes,No,51,Yes,Fiber optic,One year,Bank transfer,79.34,4013.78,Yes
CUST100,Male,0,Yes,Yes,70,Yes,Fiber optic,One year,Mailed check,70.39,4928.68,Yes
CUST101,Male,0,Yes,No,6,Yes,Fiber optic,Month-to-month,Credit card,58.87,338.64,No
CUST102,Female,0,No,Yes,26,Yes,DSL,Month-to-month,Bank transfer,91.91,2390.38,Yes
CUST103,Female,0,No,Yes,12,Yes,Fiber optic,Month-to-month,Electronic check,35.13,421.78,Yes
CUST104,Female,0,Yes,No,16,Yes,DSL,Month-to-month,Bank transfer,60.62,1050.43,Yes
CUST105,Female,0,No,Yes,43,Yes,No,Month-to-month,Electronic check,41.43,1752.88,Yes
CUST106,Female,0,Yes,Yes,12,Yes,Fiber optic,One year,Electronic check,91.65,1027.82,Yes
CUST107,Female,0,Yes,Yes,4,Yes,Fiber optic,Month-to-month,Credit card,45.2,184.97,No
CUST108,Female,0,Yes,Yes,32,Yes,No,Month-to-month,Mailed check,103.04,3235.99,Yes
CUST109,Female,1,Yes,Yes,3,Yes,Fiber optic,Month-to-month,Credit card,67.02,193.57,No
CUST110,Male,1,No,No,25,Yes,DSL,Month-to-month,Credit card,93.23,2225.55,No
CUST111,Female,0,No,Yes,67,Yes,DSL,Month-to-month,Bank transfer,82.0,5598.98,No
CUST112,Male,0,Yes,No,15,Yes,Fiber optic,Month-to-month,Mailed check,101.78,1448.65,Yes
CUST113,Female,0,Yes,Yes,21,Yes,No,Month-to-month,Mailed check,41.94,1000.68,No
CUST114,Female,0,No,Yes,35,Yes,No,Month-to-month,Mailed check,97.17,3394.84,No
CUST115,Male,0,No,No,57,Yes,Fiber optic,Month-to-month,Mailed check,14.12,890.46,Yes
CUST116,Female,0,Yes,Yes,54,Yes,DSL,One year,Bank transfer,71.29,3772.93,No
CUST117,Male,0,No,Yes,34,Yes,Fiber optic,Month-to-month,Bank transfer,53.62,1626.4,No
CUST118,Female,0,Yes,No,24,Yes,Fiber optic,Month-to-month,Credit card,27.86,503.76,No
CUST119,Female,0,No,No,71,Yes,Fiber optic,Two year,Credit card,43.19,3316.78,No
CUST120,Male,0,No,Yes,60,Yes,Fiber optic,One year,Mailed check,50.78,2987.01,Yes
CUST121,Female,0,No,No,17,Yes,Fiber optic,Month-to-month,Credit card,64.1,1199.32,Yes
CUST122,Male,0,No,No,57,Yes,No,Month-to-month,Bank transfer,54.25,2962.47,No
CUST123,Female,0,Yes,No,56,Yes,Fiber optic,One year,Credit card,72.4,4072.29,No
CUST124,Male,1,Yes,No,62,Yes,DSL,Month-to-month,Electronic check,45.1,2831.04,Yes
CUST125,Male,0,No,Yes,11,Yes,DSL,Month-to-month,Credit card,55.69,896.23,No
CUST126,Female,0,Yes,Yes,10,No,No,Month-to-month,Bank transfer,61.33,581.51,Yes
CUST127,Female,0,No,No,12,Yes,No,Two year,Mailed check,75.46,834.39,No
CUST128,Male,1,No,Yes,34,No,DSL,Month-to-month,Electronic check,95.47,3281.07,No
CUST129,Female,0,Yes,No,26,Yes,Fiber optic,Month-to-month,Electronic check,95.61,2393.38,No
CUST130,Female,0,Yes,Yes,66,Yes,No,Month-to-month,Electronic check,77.12,5130.88,No
CUST131,Female,0,Yes,Yes,44,Yes,No,Month-to-month,Credit card,82.91,3642.69,No
CUST132,Male,0,No,No,66,Yes,Fiber optic,Month-to-month,Credit card,,5162.38,Yes
CUST133,Male,0,Yes,No,21,Yes,DSL,Two year,Electronic check,60.56,1321.2,No
CUST134,Male,0,Yes,Yes,41,Yes,Fiber optic,Month-to-month,Electronic check,97.02,3988.65,No
CUST135,Male,0,Yes,Yes,19,Yes,DSL,Two year,Mailed check,42.57,884.86,No
CUST136,Male,0,Yes,Yes,47,Yes,No,Month-to-month,Mailed check,8.56,567.57,Yes
CUST137,Male,1,No,No,17,No,DSL,Month-to-month,Electronic check,38.76,608.76,No
CUST138,Male,0,No,Yes,69,Yes,Fiber optic,Month-to-month,Mailed check,112.09,7693.06,No
CUST139,Male,0,No,No,5,Yes,Fiber optic,Month-to-month,Bank transfer,61.14,171.14,No
CUST140,Male,0,No,No,38,Yes,Fiber optic,Month-to-month,Credit card,,3024.46,No
CUST141,Female,0,No,No,10,Yes,Fiber optic,One year,Mailed check,61.78,553.32,No
CUST142,Male,1,No,Yes,24,Yes,DSL,Month-to-month,Bank transfer,86.85,2118.95,No
CUST143,Female,0,No,No,54,Yes,Fiber optic,Month-to-month,Credit card,72.12,4011.03,No
CUST144,Female,0,Yes,Yes,57,Yes,DSL,One year,Mailed check,67.94,3804.14,No
CUST145,Female,0,No,No,36,Yes,DSL,Month-to-month,Credit card,88.41,3135.33,No
CUST146,Male,0,No,Yes,15,Yes,No,Month-to-month,Bank transfer,56.03,941.9,No
CUST147,Male,0,No,Yes,69,Yes,Fiber optic,Month-to-month,Bank transfer,81.16,5670.78,Yes
CUST148,Male,0,No,No,36,Yes,Fiber optic,Month-to-month,Credit card,64.76,2391.51,No
CUST149,Male,0,Yes,No,52,Yes,Fiber optic,One year,Electronic check,66.78,3433.42,Yes
CUST150,Female,1,No,Yes,15,Yes,Fiber optic,Month-to-month,Mailed check,45.44,537.99,No
CUST151,Male,0,No,Yes,17,Yes,Fiber optic,Two year,Electronic check,63.52,1008.66,No
CUST152,Male,0,Yes,No,18,Yes,Fiber optic,Two year,Bank transfer,53.76,866.73,No
CUST153,Male,0,No,No,43,Yes,No,Month-to-month,Credit card,103.9,4525.85,No
CUST154,Male,0,No,Yes,1,Yes,Fiber optic,Month-to-month,Mailed check,19.48,47.93,No
CUST155,Male,0,No,Yes,57,Yes,Fiber optic,One year,Mailed check,96.68,5450.9,No
CUST156,Female,0,No,No,9,Yes,Fiber optic,Two year,Electronic check,17.67,116.24,No
CUST157,Male,0,No,Yes,45,Yes,DSL,Month-to-month,Mailed check,86.12,3922.96,Yes
CUST158,Female,0,No,No,18,Yes,Fiber optic,Two year,Mailed check,44.87,775.73,No
CUST159,Male,0,No,No,37,Yes,No,Two year,Mailed check,86.99,3160.52,Yes
CUST160,Female,1,Yes,No,36,Yes,DSL,Month-to-month,Bank transfer,66.36,,No
CUST161,Male,0,Yes,No,44,Yes,DSL,One year,Electronic check,27.03,1134.36,No
CUST162,Male,0,No,Yes,33,Yes,Fiber optic,Month-to-month,Bank transfer,110.76,3721.94,Yes
CUST163,Female,0,Yes,No,1,Yes,DSL,Month-to-month,Credit card,93.3,132.56,No
CUST164,Female,0,No,No,43,Yes,No,Month-to-month,Credit card,85.1,3506.97,Yes
CUST165,Female,0,Yes,Yes,26,Yes,DSL,Month-to-month,Electronic check,50.79,1252.64,Yes
CUST166,Male,0,No,Yes,47,Yes,DSL,One year,Credit card,94.33,4515.42,Yes
CUST167,Female,0,Yes,No,6,Yes,No,Month-to-month,Bank transfer,31.5,175.85,No
CUST168,Male,0,No,No,26,No,DSL,Month-to-month,Bank transfer,3.17,,No
CUST169,Male,0,Yes,No,70,Yes,Fiber optic,Two year,Bank transfer,23.13,1658.55,Yes
CUST170,Female,0,Yes,No,17,Yes,No,Month-to-month,Bank transfer,42.34,661.55,No
CUST171,Female,0,No,No,32,Yes,Fiber optic,Month-to-month,Electronic check,47.35,1558.79,No
CUST172,Male,0,No,No,32,Yes,Fiber optic,Month-to-month,Mailed check,56.95,2091.18,No
CUST173,Male,0,Yes,Yes,24,Yes,DSL,Month-to-month,Credit card,58.29,1437.2,No
CUST174,Female,0,Yes,Yes,13,Yes,DSL,One year,Electronic check,50.5,717.72,No
CUST175,Female,0,No,No,37,Yes,DSL,Month-to-month,Mailed check,6.51,215.47,Yes
CUST176,Female,0,Yes,Yes,37,No,DSL,Month-to-month,Electronic check,75.76,2691.16,No
CUST177,Male,0,No,Yes,3,Yes,Fiber optic,Month-to-month,Credit card,62.06,288.57,No
CUST178,Male,0,Yes,No,61,Yes,DSL,Month-to-month,Electronic check,49.11,2935.13,Yes
CUST179,Male,0,Yes,Yes,9,Yes,Fiber optic,Month-to-month,Credit card,111.94,984.54,No
CUST180,Male,0,No,Yes,34,Yes,DSL,Month-to-month,Electronic check,62.74,2312.51,No
CUST181,Male,0,No,No,22,Yes,Fiber optic,Month-to-month,Electronic check,71.76,1544.95,Yes
CUST182,Male,0,No,No,64,Yes,DSL,Month-to-month,Bank transfer,,,Yes
CUST183,Female,0,Yes,No,24,Yes,DSL,Month-to-month,Electronic check,25.3,645.95,Yes
CUST184,Male,0,Yes,Yes,52,Yes,Fiber optic,Month-to-month,Electronic check,69.32,3549.33,No
CUST185,Male,0,Yes,No,16,Yes,Fiber optic,Month-to-month,Mailed check,93.78,1534.62,No
CUST186,Male,0,No,Yes,56,Yes,No,One year,Bank transfer,67.26,3694.92,Yes
CUST187,Female,1,Yes,No,19,Yes,No,One year,Credit card,30.9,677.57,No
CUST188,Male,0,Yes,No,24,Yes,Fiber optic,Month-to-month,Bank transfer,55.53,1457.43,No
CUST189,Male,0,No,No,41,Yes,Fiber optic,Two year,Electronic check,75.67,3107.37,No
CUST190,Female,0,Yes,No,44,Yes,DSL,Two year,Credit card,6.79,433.01,No
CUST191,Male,0,Yes,Yes,30,Yes,DSL,Month-to-month,Electronic check,29.42,898.61,No
CUST192,Male,0,No,Yes,64,Yes,No,One year,Bank transfer,129.21,8360.89,No
CUST193,Male,0,No,No,51,Yes,DSL,Month-to-month,Bank transfer,84.54,4606.66,No
CUST194,Male,0,No,Yes,20,Yes,DSL,Two year,Electronic check,114.5,2537.51,No
CUST195,Male,0,No,No,29,Yes,DSL,Month-to-month,Electronic check,95.99,2765.45,No
CUST196,Female,0,No,No,2,Yes,DSL,Two year,Electronic check,,192.99,No
CUST197,Female,1,No,Yes,69,No,Fiber optic,Month-to-month,Mailed check,60.73,4084.97,No
CUST198,Female,0,No,Yes,42,Yes,DSL,Month-to-month,Bank transfer,81.44,3500.34,No
CUST199,Male,1,No,No,28,Yes,Fiber optic,One year,Mailed check,113.5,3216.92,No
CUST200,Male,0,No,No,2,Yes,DSL,One year,Bank transfer,94.77,112.14,No
CUST201,Male,0,Yes,No,57,Yes,Fiber optic,One year,Bank transfer,75.0,4393.68,No
CUST202,Female,0,No,Yes,32,Yes,Fiber optic,Two year,Credit card,64.83,2048.0,No
CUST203,Male,0,No,No,44,Yes,DSL,One year,Credit card,84.95,3685.71,No
CUST204,Male,0,Yes,No,68,No,Fiber optic,One year,Bank transfer,54.04,3714.67,No
CUST205,Female,1,No,No,31,Yes,DSL,Month-to-month,Credit card,84.95,2586.94,Yes
CUST206,Male,1,Yes,No,51,Yes,Fiber optic,Month-to-month,Bank transfer,49.06,2498.89,No
CUST207,Female,0,Yes,No,63,Yes,Fiber optic,Month-to-month,Bank transfer,59.38,,No
CUST208,Female,0,No,No,39,Yes,No,One year,Electronic check,39.17,1466.16,No
CUST209,Female,0,Yes,Yes,12,Yes,DSL,Month-to-month,Credit card,56.81,749.26,No
CUST210,Male,1,No,No,28,Yes,DSL,Month-to-month,Mailed check,49.49,1327.37,No
CUST211,Male,0,No,No,62,Yes,DSL,Month-to-month,Mailed check,120.76,7389.8,No
CUST212,Male,0,Yes,Yes,25,Yes,DSL,Two year,Credit card,43.17,1071.1,No
CUST213,Male,0,Yes,Yes,58,Yes,DSL,Month-to-month,Bank transfer,81.55,4998.34,Yes
CUST214,Male,0,Yes,No,48,Yes,DSL,Month-to-month,Mailed check,41.59,2074.48,No
CUST215,Male,1,No,Yes,52,Yes,Fiber optic,Month-to-month,Credit card,71.41,3759.53,No
CUST216,Male,0,No,No,30,Yes,No,Month-to-month,Mailed check,78.7,2308.54,No
CUST217,Female,0,Yes,Yes,11,Yes,DSL,Month-to-month,Electronic check,14.47,120.71,Yes
CUST218,Male,0,No,Yes,57,Yes,No,Month-to-month,Bank transfer,28.07,1451.64,No
CUST219,Female,0,No,No,35,Yes,No,Month-to-month,Electronic check,41.36,1627.1,No
CUST220,Male,0,Yes,Yes,9,No,No,One year,Mailed check,30.9,304.99,No
CUST221,Male,0,Yes,No,5,Yes,No,One year,Bank transfer,72.52,380.79,No
CUST222,Male,0,Yes,Yes,6,No,Fiber optic,Month-to-month,Bank transfer,77.28,484.06,No
CUST223,Female,1,Yes,No,30,Yes,Fiber optic,One year,Bank transfer,38.11,1352.31,No
CUST224,Female,0,Yes,Yes,71,Yes,Fiber optic,One year,Credit card,73.73,5264.78,Yes
CUST225,Female,0,Yes,No,2,Yes,Fiber optic,One year,Credit card,57.28,95.31,No
CUST226,Female,1,Yes,No,46,Yes,No,Month-to-month,Bank transfer,67.02,3262.83,No
CUST227,Male,0,Yes,No,0,Yes,DSL,Month-to-month,Bank transfer,51.15,,Yes
CUST228,Female,0,Yes,No,44,Yes,DSL,One year,Bank transfer,84.63,,No
CUST229,Male,0,Yes,Yes,53,Yes,Fiber optic,Month-to-month,Electronic check,119.05,6156.95,No
CUST230,Male,0,No,No,49,No,Fiber optic,Month-to-month,Electronic check,93.23,4549.1,No
CUST231,Female,0,No,Yes,6,No,No,Month-to-month,Mailed check,111.8,699.96,No
CUST232,Female,1,Yes,Yes,62,Yes,DSL,One year,Bank transfer,27.92,1813.23,No
CUST233,Female,0,No,No,14,Yes,Fiber optic,Month-to-month,Bank transfer,49.73,604.39,Yes
CUST234,Female,0,No,No,66,Yes,DSL,Month-to-month,Electronic check,86.96,5716.83,No
CUST235,Female,0,No,Yes,29,Yes,No,One year,Mailed check,115.25,3261.28,No
CUST236,Female,0,No,Yes,67,Yes,DSL,Two year,Mailed check,89.51,6108.54,Yes
CUST237,Female,0,No,Yes,35,Yes,No,Month-to-month,Bank transfer,39.21,1500.59,No
CUST238,Female,0,No,No,66,Yes,DSL,Month-to-month,Credit card,56.96,3955.19,No
CUST239,Male,0,Yes,No,4,Yes,DSL,One year,Mailed check,,355.15,No
CUST240,Female,0,Yes,Yes,24,Yes,DSL,Month-to-month,Mailed check,65.06,1747.97,No
CUST241,Female,1,No,Yes,10,Yes,DSL,One year,Bank transfer,46.04,391.11,Yes
CUST242,Male,0,No,Yes,71,Yes,Fiber optic,One year,Bank transfer,61.29,4373.18,No
CUST243,Female,0,Yes,No,65,Yes,DSL,Month-to-month,Bank transfer,69.57,4415.97,Yes
CUST244,Male,0,No,Yes,27,Yes,Fiber optic,Month-to-month,Electronic check,37.45,1068.48,Yes
CUST245,Male,0,No,Yes,59,Yes,DSL,Month-to-month,Bank transfer,99.54,5901.33,No
CUST246,Female,0,No,Yes,9,Yes,No,One year,Credit card,56.81,265.91,No
CUST247,Male,0,No,Yes,49,Yes,DSL,Month-to-month,Credit card,67.82,3434.14,Yes
CUST248,Male,0,No,No,38,Yes,DSL,Month-to-month,Mailed check,101.05,3925.44,No
CUST249,Male,0,Yes,Yes,36,Yes,Fiber optic,Month-to-month,Electronic check,66.25,2329.44,Yes
CUST250,Male,1,Yes,No,62,Yes,No,Month-to-month,Mailed check,99.41,6191.54,No
CUST251,Female,1,No,No,60,Yes,No,Month-to-month,Electronic check,39.12,2197.83,No
CUST252,Male,1,Yes,Yes,37,Yes,No,Month-to-month,Bank transfer,82.99,2993.61,No
CUST253,Female,0,No,No,32,No,DSL,One year,Mailed check,95.18,3212.67,No
CUST254,Male,0,No,Yes,44,Yes,No,Month-to-month,Credit card,45.1,1868.97,Yes
CUST255,Male,0,No,Yes,43,Yes,Fiber optic,Month-to-month,Electronic check,64.65,2780.9,No
CUST256,Male,0,No,Yes,0,No,No,One year,Mailed check,65.27,-139.64,No
CUST257,Male,0,No,Yes,52,No,DSL,One year,Credit card,76.29,4000.87,No
CUST258,Female,0,No,Yes,46,Yes,No,One year,Credit card,84.24,3931.31,No
CUST259,Female,0,No,No,32,Yes,Fiber optic,Month-to-month,Bank transfer,42.66,1437.53,Yes
CUST260,Male,0,No,No,66,Yes,Fiber optic,Month-to-month,Electronic check,68.2,4548.0,No
CUST261,Male,0,No,Yes,14,Yes,Fiber optic,Month-to-month,Mailed check,117.74,1791.04,No
CUST262,Female,0,Yes,No,13,Yes,Fiber optic,Two year,Credit card,101.62,1265.66,No
CUST263,Male,0,No,Yes,22,Yes,Fiber optic,Two year,Electronic check,93.82,1958.21,Yes
CUST264,Male,0,Yes,No,53,Yes,DSL,One year,Bank transfer,64.22,3344.94,No
CUST265,Male,0,Yes,No,7,Yes,Fiber optic,Month-to-month,Electronic check,133.86,802.4,No
CUST266,Female,0,No,Yes,53,No,Fiber optic,One year,Electronic check,100.89,5355.05,Yes
CUST267,Female,0,Yes,No,35,Yes,Fiber optic,Two year,Mailed check,71.12,2475.24,Yes
CUST268,Female,0,No,No,51,Yes,DSL,Month-to-month,Electronic check,76.61,3954.86,Yes
CUST269,Male,0,No,No,5,No,No,Month-to-month,Bank transfer,56.23,119.53,No
CUST270,Male,0,No,Yes,27,Yes,Fiber optic,Month-to-month,Credit card,81.8,2207.3,No
CUST271,Female,0,No,No,49,Yes,DSL,Month-to-month,Mailed check,87.79,4423.16,No
CUST272,Female,1,Yes,No,37,Yes,Fiber optic,Month-to-month,Credit card,91.08,3427.18,No
CUST273,Female,0,Yes,No,29,Yes,DSL,Two year,Electronic check,64.58,1683.27,No
CUST274,Female,0,No,No,53,Yes,DSL,Two year,Bank transfer,25.79,1365.7,No
CUST275,Male,0,Yes,No,70,Yes,Fiber optic,Two year,Credit card,77.25,5334.22,Yes
CUST276,Female,1,Yes,No,45,Yes,Fiber optic,Month-to-month,Bank transfer,91.2,4105.29,Yes
CUST277,Male,0,Yes,No,27,Yes,DSL,Month-to-month,Electronic check,40.64,1059.21,No
CUST278,Female,0,No,No,16,Yes,DSL,One year,Electronic check,67.28,1250.41,No
CUST279,Male,0,Yes,No,47,Yes,No,Month-to-month,Credit card,110.24,5189.85,No
CUST280,Female,1,Yes,Yes,43,Yes,DSL,Month-to-month,Mailed check,33.9,1489.38,Yes
CUST281,Female,0,Yes,No,59,Yes,DSL,One year,Bank transfer,61.49,3623.5,Yes
CUST282,Female,0,No,No,59,No,No,Month-to-month,Bank transfer,114.61,6809.44,No
CUST283,Female,0,Yes,No,4,Yes,DSL,Month-to-month,Bank transfer,74.73,277.23,No
CUST284,Male,0,Yes,No,68,Yes,Fiber optic,Month-to-month,Electronic check,54.22,3764.31,Yes
CUST285,Female,0,No,No,69,Yes,DSL,Two year,Electronic check,69.79,4776.32,No
CUST286,Male,0,Yes,Yes,6,Yes,Fiber optic,Month-to-month,Credit card,94.78,706.33,No
CUST287,Male,0,No,Yes,52,Yes,DSL,Month-to-month,Credit card,63.89,3371.92,No
CUST288,Male,0,No,Yes,16,Yes,No,Two year,Electronic check,87.93,1391.62,No
CUST289,Male,0,No,Yes,58,Yes,Fiber optic,Month-to-month,Mailed check,77.05,4553.11,No
CUST290,Female,1,No,No,8,Yes,Fiber optic,Month-to-month,Bank transfer,79.51,685.38,No
CUST291,Male,0,No,No,21,Yes,No,Month-to-month,Bank transfer,89.85,1969.58,No
CUST292,Male,0,No,No,44,Yes,No,Month-to-month,Electronic check,61.16,2699.61,No
CUST293,Male,0,Yes,Yes,58,Yes,DSL,Month-to-month,Mailed check,41.66,2392.16,No
CUST294,Female,0,No,Yes,12,Yes,No,Two year,Mailed check,84.23,1024.29,No
CUST295,Female,0,Yes,Yes,11,No,DSL,Month-to-month,Mailed check,66.03,676.29,No
CUST296,Female,0,Yes,Yes,35,Yes,Fiber optic,One year,Mailed check,56.56,2077.53,No
CUST297,Female,0,No,No,9,No,DSL,Month-to-month,Mailed check,85.79,919.03,No
CUST298,Male,0,Yes,No,15,Yes,Fiber optic,Month-to-month,Credit card,108.32,1682.7,No
CUST299,Male,0,Yes,Yes,18,Yes,DSL,Month-to-month,Electronic check,65.36,1318.3,Yes
CUST300,Female,0,Yes,No,5,Yes,Fiber optic,Month-to-month,Electronic check,70.25,463.94,No
CUST301,Male,0,No,Yes,3,Yes,Fiber optic,Month-to-month,Electronic check,34.55,76.82,No
CUST302,Male,1,Yes,Yes,29,Yes,DSL,Month-to-month,Bank transfer,63.32,1919.86,No
CUST303,Male,0,Yes,Yes,45,Yes,Fiber optic,Month-to-month,Mailed check,76.64,3320.5,Yes
CUST304,Female,1,No,Yes,26,Yes,No,One year,Mailed check,69.39,1822.75,No
CUST305,Female,0,Yes,No,44,Yes,Fiber optic,Month-to-month,Bank transfer,59.14,2483.92,Yes
CUST306,Male,1,Yes,No,36,Yes,Fiber optic,Month-to-month,Mailed check,91.78,3293.11,Yes
CUST307,Female,0,Yes,Yes,8,Yes,No,One year,Mailed check,71.74,429.95,No
CUST308,Female,0,No,Yes,60,Yes,Fiber optic,Month-to-month,Mailed check,147.66,8969.03,No
CUST309,Female,0,Yes,No,34,Yes,DSL,Two year,Mailed check,76.23,2552.33,No
CUST310,Female,0,Yes,No,46,Yes,Fiber optic,One year,Mailed check,12.4,661.03,Yes
CUST311,Female,0,No,Yes,20,No,DSL,Two year,Credit card,36.64,725.25,No
CUST312,Male,0,No,Yes,16,Yes,Fiber optic,Month-to-month,Electronic check,85.96,1190.94,No
CUST313,Female,0,No,Yes,54,Yes,No,Two year,Credit card,50.7,2689.38,No
CUST314,Male,0,Yes,Yes,5,Yes,DSL,One year,Mailed check,52.56,209.73,Yes
CUST315,Male,0,No,Yes,34,Yes,Fiber optic,One year,Electronic check,32.82,1114.4,No
CUST316,Female,0,No,No,49,Yes,Fiber optic,Two year,Electronic check,55.7,2880.1,No
CUST317,Male,0,No,No,36,Yes,DSL,Month-to-month,Electronic check,75.82,2896.88,No
CUST318,Male,0,Yes,Yes,12,Yes,Fiber optic,Two year,Electronic check,81.58,955.84,No
CUST319,Male,0,No,Yes,24,Yes,Fiber optic,Month-to-month,Bank transfer,,819.57,No
CUST320,Female,0,No,Yes,0,Yes,DSL,Month-to-month,Electronic check,94.16,-74.41,No
CUST321,Female,0,No,Yes,48,Yes,No,Month-to-month,Bank transfer,34.26,1692.44,No
CUST322,Male,0,No,No,34,Yes,DSL,Month-to-month,Bank transfer,83.14,2815.94,No
CUST323,Female,0,No,No,52,Yes,No,Month-to-month,Electronic check,80.11,4008.19,Yes
CUST324,Female,0,Yes,Yes,51,No,DSL,Two year,Mailed check,41.97,2090.11,No
CUST325,Female,0,Yes,No,53,Yes,Fiber optic,One year,Mailed check,38.4,2166.36,No
CUST326,Female,0,No,Yes,46,Yes,DSL,One year,Electronic check,81.47,3776.85,No
CUST327,Male,0,No,Yes,42,Yes,DSL,One year,Electronic check,53.2,2239.13,No
CUST328,Male,0,No,No,19,Yes,No,Month-to-month,Bank transfer,64.29,1182.63,Yes
CUST329,Female,0,Yes,Yes,32,Yes,Fiber optic,Month-to-month,Credit card,90.62,2853.84,No
CUST330,Female,0,Yes,No,15,Yes,No,Month-to-month,Bank transfer,84.37,1319.95,No
CUST331,Male,0,Yes,Yes,6,Yes,Fiber optic,Month-to-month,Mailed check,42.52,269.33,No
CUST332,Male,0,Yes,Yes,69,Yes,No,One year,Credit card,68.39,4796.01,No
CUST333,Female,0,No,Yes,20,Yes,No,One year,Credit card,41.96,893.86,No
CUST334,Male,0,No,Yes,35,Yes,Fiber optic,Month-to-month,Credit card,96.1,3365.47,No
CUST335,Female,0,No,No,53,Yes,Fiber optic,Month-to-month,Bank transfer,116.1,6191.72,No
CUST336,Female,0,No,Yes,18,Yes,No,Month-to-month,Bank transfer,44.65,744.45,No
CUST337,Male,1,Yes,No,24,Yes,DSL,Month-to-month,Electronic check,69.06,1652.62,No
CUST338,Male,0,No,No,66,Yes,No,Month-to-month,Bank transfer,97.52,6570.42,No
CUST339,Female,1,Yes,Yes,52,Yes,Fiber optic,Month-to-month,Bank transfer,70.73,3679.03,No
CUST340,Female,0,Yes,No,47,No,Fiber optic,Month-to-month,Credit card,86.85,4060.23,No
CUST341,Male,0,No,Yes,41,Yes,DSL,Two year,Credit card,71.55,2954.6,No
CUST342,Female,0,Yes,No,46,Yes,Fiber optic,Month-to-month,Bank transfer,38.3,1645.24,No
CUST343,Male,0,Yes,No,41,Yes,DSL,One year,Mailed check,73.57,3038.45,No
CUST344,Female,0,No,Yes,1,Yes,No,One year,Credit card,103.82,273.42,No
CUST345,Male,0,Yes,Yes,5,No,Fiber optic,Month-to-month,Electronic check,79.43,316.29,No
CUST346,Male,0,Yes,No,45,Yes,DSL,One year,Mailed check,118.71,5368.66,No
CUST347,Male,1,No,Yes,65,Yes,No,Month-to-month,Credit card,16.85,1092.9,No
CUST348,Female,0,Yes,Yes,39,Yes,Fiber optic,Month-to-month,Electronic check,81.37,3168.52,No
CUST349,Female,0,Yes,No,57,Yes,No,Month-to-month,Credit card,50.56,2875.21,No
CUST350,Male,0,No,No,32,Yes,DSL,One year,Electronic check,43.73,1470.79,No
CUST351,Female,0,Yes,Yes,61,Yes,Fiber optic,Month-to-month,Credit card,110.03,6602.02,No
CUST352,Male,0,No,No,11,Yes,Fiber optic,Month-to-month,Credit card,62.35,754.72,No
CUST353,Male,0,Yes,Yes,48,Yes,Fiber optic,Month-to-month,Bank transfer,59.45,2860.51,Yes
CUST354,Female,1,Yes,Yes,4,Yes,DSL,Month-to-month,Mailed check,80.31,144.97,No
CUST355,Female,0,No,No,50,Yes,DSL,One year,Mailed check,5.42,308.98,No
CUST356,Male,0,No,Yes,68,No,No,One year,Bank transfer,110.65,7535.59,No
CUST357,Female,0,Yes,No,31,Yes,Fiber optic,Month-to-month,Credit card,127.13,3853.85,Yes
CUST358,Female,0,No,Yes,48,No,No,Month-to-month,Mailed check,97.45,4693.66,No
CUST359,Male,0,Yes,Yes,59,Yes,DSL,Two year,Electronic check,82.36,4727.61,Yes
CUST360,Male,0,No,Yes,45,Yes,No,One year,Electronic check,,2789.03,No
CUST361,Female,0,Yes,No,67,Yes,Fiber optic,One year,Credit card,37.74,2532.28,No
CUST362,Male,0,Yes,No,40,Yes,Fiber optic,Month-to-month,Credit card,105.82,4064.24,No
CUST363,Male,0,Yes,Yes,66,Yes,DSL,Month-to-month,Electronic check,97.49,6319.2,No
CUST364,Female,0,Yes,No,12,Yes,No,Two year,Credit card,83.5,901.81,Yes
CUST365,Male,0,Yes,No,17,Yes,Fiber optic,Month-to-month,Bank transfer,80.01,1368.09,Yes
CUST366,Male,0,No,Yes,50,Yes,Fiber optic,One year,Mailed check,79.02,3995.13,No
CUST367,Female,0,No,No,35,Yes,DSL,One year,Electronic check,,1808.42,No
CUST368,Female,0,Yes,No,33,No,Fiber optic,Month-to-month,Bank transfer,145.04,4691.43,No
CUST369,Male,0,Yes,No,11,Yes,No,One year,Electronic check,61.43,689.54,No
CUST370,Male,0,No,Yes,4,Yes,DSL,Month-to-month,Electronic check,57.2,239.91,No
CUST371,Female,0,No,Yes,47,Yes,Fiber optic,One year,Credit card,103.62,4800.12,No
CUST372,Female,0,No,No,39,Yes,DSL,Two year,Mailed check,69.12,2878.55,No
CUST373,Female,0,No,Yes,12,Yes,No,Two year,Bank transfer,69.43,851.6,No
CUST374,Female,0,No,No,25,Yes,No,One year,Electronic check,112.44,2793.98,No
CUST375,Male,0,Yes,Yes,13,Yes,DSL,Month-to-month,Electronic check,90.36,1136.07,No
CUST376,Female,0,Yes,No,10,Yes,DSL,One year,Credit card,91.88,1019.68,No
CUST377,Female,0,No,Yes,37,Yes,Fiber optic,One year,Bank transfer,27.47,,No
CUST378,Male,1,No,No,56,Yes,DSL,Month-to-month,Credit card,82.02,4419.36,No
CUST379,Female,0,No,Yes,21,Yes,Fiber optic,Month-to-month,Credit card,39.83,766.85,No
CUST380,Male,0,No,No,15,Yes,DSL,Month-to-month,Bank transfer,56.35,800.57,Yes
CUST381,Female,0,No,Yes,28,Yes,Fiber optic,Month-to-month,Mailed check,75.27,2106.36,No
CUST382,Female,0,No,Yes,1,Yes,DSL,Two year,Credit card,68.91,131.62,No
CUST383,Female,1,No,Yes,53,Yes,DSL,Month-to-month,Electronic check,89.63,4643.37,No
CUST384,Male,0,No,No,1,Yes,DSL,Month-to-month,Mailed check,93.12,85.18,Yes
CUST385,Male,1,No,No,2,No,Fiber optic,Month-to-month,Electronic check,95.37,360.67,No
CUST386,Female,1,Yes,No,55,Yes,Fiber optic,Two year,Mailed check,29.67,1634.76,No
CUST387,Male,1,No,Yes,71,No,DSL,Two year,Electronic check,140.88,9933.05,No
CUST388,Male,0,No,No,10,No,Fiber optic,Month-to-month,Credit card,69.26,559.18,Yes
CUST389,Male,0,Yes,Yes,31,Yes,No,One year,Credit card,106.39,3249.4,No
CUST390,Male,0,Yes,Yes,3,Yes,DSL,Month-to-month,Credit card,5.43,-91.58,No
CUST391,Male,0,Yes,Yes,8,Yes,No,Month-to-month,Bank transfer,62.04,456.86,No
CUST392,Male,0,No,No,55,Yes,Fiber optic,One year,Credit card,26.18,1494.12,No
CUST393,Female,0,No,Yes,15,Yes,DSL,Month-to-month,Mailed check,44.16,666.1,Yes
CUST394,Female,0,No,No,70,Yes,DSL,Month-to-month,Credit card,71.52,4958.4,No
CUST395,Male,0,No,No,9,No,Fiber optic,Month-to-month,Bank transfer,59.96,360.57,No
CUST396,Female,0,Yes,Yes,35,Yes,Fiber optic,Month-to-month,Electronic check,109.42,3912.9,No
CUST397,Female,0,No,No,23,Yes,DSL,Month-to-month,Bank transfer,123.07,2795.36,No
CUST398,Female,0,No,Yes,63,Yes,No,Month-to-month,Mailed check,40.99,2593.17,Yes
CUST399,Female,0,Yes,Yes,55,Yes,Fiber optic,One year,Mailed check,55.37,2954.18,No
CUST400,Male,0,No,No,21,Yes,DSL,Month-to-month,Bank transfer,39.07,779.57,No
CUST401,Female,0,No,Yes,51,Yes,DSL,Month-to-month,Electronic check,104.68,5280.69,Yes
CUST402,Female,0,No,Yes,49,No,DSL,Month-to-month,Credit card,74.77,3530.34,No
CUST403,Male,1,No,Yes,46,Yes,Fiber optic,Two year,Mailed check,,3173.82,Yes
CUST404,Male,0,Yes,No,22,Yes,Fiber optic,One year,Credit card,79.37,1744.67,No
CUST405,Female,0,Yes,No,18,Yes,Fiber optic,Two year,Electronic check,60.66,1121.74,No
CUST406,Female,0,Yes,No,51,Yes,Fiber optic,Month-to-month,Mailed check,44.31,2191.42,No
CUST407,Female,0,Yes,Yes,33,Yes,DSL,One year,Electronic check,71.53,2240.22,No
CUST408,Female,0,No,Yes,28,Yes,Fiber optic,Month-to-month,Electronic check,61.99,1700.08,No
CUST409,Female,0,No,No,60,Yes,DSL,One year,Bank transfer,80.41,4902.56,No
CUST410,Female,0,No,No,34,Yes,DSL,Month-to-month,Electronic check,21.04,621.44,No
CUST411,Male,0,Yes,No,4,Yes,Fiber optic,One year,Mailed check,75.59,303.65,Yes
CUST412,Female,0,Yes,No,6,No,DSL,Month-to-month,Bank transfer,49.32,,No
CUST413,Female,0,Yes,No,40,Yes,No,Month-to-month,Mailed check,354.11098684210526,3094.45,No
CUST414,Male,1,No,Yes,1,Yes,No,One year,Bank transfer,97.15,46.49,Yes
CUST415,Male,1,No,No,9,Yes,Fiber optic,Two year,Bank transfer,53.31,545.99,Yes
CUST416,Male,0,Yes,Yes,43,Yes,DSL,Month-to-month,Electronic check,105.9,4655.21,No
CUST417,Male,0,Yes,Yes,69,Yes,DSL,Two year,Electronic check,17.78,1380.97,No
CUST418,Female,0,No,Yes,34,Yes,DSL,Month-to-month,Credit card,116.31,3819.21,Yes
CUST419,Female,0,No,Yes,61,Yes,Fiber optic,One year,Mailed check,107.15,6396.34,No
CUST420,Female,0,No,No,19,Yes,No,Two year,Mailed check,43.4,941.12,Yes
CUST421,Female,1,Yes,Yes,34,No,Fiber optic,Month-to-month,Credit card,43.65,1584.25,No
CUST422,Female,0,Yes,No,36,Yes,Fiber optic,Month-to-month,Electronic check,25.15,843.71,Yes
CUST423,Female,0,Yes,Yes,71,Yes,Fiber optic,Month-to-month,Mailed check,97.64,6608.74,No
CUST424,Male,0,Yes,No,53,Yes,No,Month-to-month,Mailed check,60.09,3192.86,No
CUST425,Female,1,No,No,27,Yes,DSL,One year,Electronic check,57.89,1411.28,No
CUST426,Male,0,No,Yes,69,No,No,One year,Bank transfer,36.32,,No
CUST427,Male,0,No,No,31,Yes,Fiber optic,Two year,Electronic check,124.36,3873.28,No
CUST428,Female,0,Yes,Yes,10,Yes,DSL,Month-to-month,Credit card,40.82,439.76,No
CUST429,Male,0,No,No,41,No,No,Month-to-month,Mailed check,70.72,3057.65,No
CUST430,Female,0,No,Yes,22,Yes,No,Month-to-month,Bank transfer,76.48,1645.29,No
CUST431,Male,1,No,Yes,29,Yes,Fiber optic,Two year,Credit card,58.04,1585.53,Yes
CUST432,Female,0,No,No,8,Yes,No,Month-to-month,Electronic check,51.97,507.49,No
CUST433,Male,0,No,No,58,Yes,DSL,Two year,Bank transfer,58.92,,No
CUST434,Female,0,Yes,Yes,27,Yes,Fiber optic,Month-to-month,Mailed check,86.96,2311.61,No
CUST435,Female,0,No,Yes,32,Yes,DSL,One year,Bank transfer,59.59,1910.06,No
CUST436,Female,0,No,No,46,Yes,Fiber optic,Month-to-month,Mailed check,118.77,5425.62,No
CUST437,Female,0,Yes,Yes,21,Yes,Fiber optic,Two year,Electronic check,46.69,1049.69,No
CUST438,Female,0,Yes,Yes,28,Yes,DSL,Month-to-month,Bank transfer,92.62,2762.15,Yes
CUST439,Male,0,No,Yes,33,Yes,Fiber optic,One year,Bank transfer,,498.68,No
CUST440,Male,0,No,No,41,Yes,DSL,One year,Bank transfer,46.69,1956.38,Yes
CUST441,Male,0,No,Yes,51,Yes,DSL,Month-to-month,Mailed check,45.51,2168.03,No
CUST442,Female,1,No,Yes,46,Yes,DSL,Month-to-month,Electronic check,36.88,1589.22,No
CUST443,Male,0,Yes,No,50,Yes,Fiber optic,One year,Electronic check,78.5,3981.26,No
CUST444,Female,0,No,Yes,44,Yes,DSL,Month-to-month,Mailed check,66.69,2927.32,No
CUST445,Female,0,Yes,Yes,33,Yes,DSL,One year,Bank transfer,1.64,-56.8,Yes
CUST446,Male,0,No,Yes,20,No,DSL,One year,Mailed check,129.87,2598.28,No
CUST447,Male,0,No,Yes,12,Yes,DSL,Month-to-month,Mailed check,75.28,991.25,No
CUST448,Female,0,No,No,53,No,Fiber optic,Month-to-month,Credit card,70.04,3567.43,No
CUST449,Male,0,Yes,Yes,24,Yes,No,One year,Electronic check,109.3,2797.85,No
CUST450,Female,0,No,Yes,20,Yes,DSL,One year,Mailed check,99.67,2050.7,No
CUST451,Female,0,No,Yes,0,Yes,Fiber optic,One year,Bank transfer,61.05,59.3,No
CUST452,Female,0,Yes,Yes,57,Yes,DSL,Month-to-month,Mailed check,11.42,650.81,Yes
CUST453,Female,1,No,Yes,68,Yes,DSL,Two year,Mailed check,86.93,6085.95,Yes
CUST454,Female,0,Yes,No,70,Yes,DSL,Month-to-month,Mailed check,41.11,2973.93,Yes
CUST455,Male,0,No,No,12,Yes,No,Two year,Bank transfer,107.18,1249.4,No
CUST456,Male,1,Yes,Yes,51,Yes,Fiber optic,Month-to-month,Credit card,46.72,2458.46,Yes
CUST457,Female,1,Yes,Yes,22,Yes,Fiber optic,Month-to-month,Mailed check,56.44,1168.37,No
CUST458,Female,0,Yes,No,20,Yes,Fiber optic,Month-to-month,Electronic check,29.7,565.98,Yes
CUST459,Male,0,No,No,5,Yes,DSL,Month-to-month,Mailed check,32.13,307.31,No
CUST460,Male,0,Yes,No,19,Yes,No,Two year,Credit card,66.73,,Yes
CUST461,Female,0,Yes,Yes,39,Yes,DSL,Month-to-month,Mailed check,63.93,2559.42,No
CUST462,Male,0,No,Yes,8,No,DSL,Month-to-month,Electronic check,55.72,562.72,No
CUST463,Female,0,Yes,Yes,49,Yes,DSL,Month-to-month,Credit card,131.59,6502.73,No
CUST464,Male,0,No,Yes,27,Yes,DSL,Month-to-month,Electronic check,88.11,2297.85,No
CUST465,Female,0,No,Yes,10,No,DSL,Month-to-month,Electronic check,70.31,869.23,No
CUST466,Male,0,Yes,Yes,55,Yes,Fiber optic,Month-to-month,Electronic check,12.72,751.21,Yes
CUST467,Female,0,Yes,No,34,Yes,DSL,Month-to-month,Credit card,94.77,3280.86,No
CUST468,Male,0,No,No,24,Yes,Fiber optic,Month-to-month,Credit card,159.84,3841.75,No
CUST469,Male,0,Yes,Yes,18,Yes,DSL,Month-to-month,Electronic check,64.36,1269.56,No
CUST470,Female,0,Yes,Yes,30,Yes,No,Month-to-month,Electronic check,45.68,1561.9,Yes
CUST471,Male,1,Yes,Yes,49,Yes,DSL,One year,Bank transfer,,3632.57,No
CUST472,Female,0,Yes,No,62,Yes,Fiber optic,One year,Credit card,27.06,1784.26,No
CUST473,Male,0,No,No,46,Yes,Fiber optic,One year,Mailed check,83.86,3861.0,No
CUST474,Female,0,No,No,0,Yes,DSL,Two year,Credit card,115.01,-199.81,No
CUST475,Male,0,Yes,No,57,Yes,DSL,Two year,Bank transfer,49.87,2702.18,Yes
CUST476,Female,1,No,Yes,9,Yes,DSL,Month-to-month,Bank transfer,50.84,499.99,No
CUST477,Male,0,Yes,No,7,Yes,DSL,Month-to-month,Electronic check,67.61,574.31,No
CUST478,Female,0,Yes,No,25,No,DSL,Two year,Credit card,54.96,1434.91,No
CUST479,Male,0,Yes,Yes,33,Yes,Fiber optic,One year,Mailed check,24.63,889.7,Yes
CUST480,Female,0,Yes,Yes,18,No,Fiber optic,Month-to-month,Credit card,58.44,1310.88,No
CUST481,Female,0,No,Yes,71,Yes,Fiber optic,Month-to-month,Bank transfer,52.39,3772.53,No
CUST482,Female,0,Yes,No,0,Yes,DSL,Two year,Mailed check,111.0,-26.49,No
CUST483,Male,0,No,Yes,47,Yes,No,One year,Mailed check,104.66,4906.36,No
CUST484,Female,0,Yes,No,24,Yes,DSL,Month-to-month,Electronic check,111.92,2849.58,No
CUST485,Male,0,No,No,23,No,DSL,Two year,Credit card,94.05,2036.23,No
CUST486,Female,1,No,No,46,Yes,DSL,Two year,Credit card,76.17,3627.62,No
CUST487,Male,0,No,No,68,Yes,DSL,Month-to-month,Credit card,43.77,2977.98,Yes
CUST488,Female,0,No,Yes,66,Yes,Fiber optic,Two year,Mailed check,109.78,7162.32,Yes
CUST489,Male,0,Yes,Yes,31,Yes,Fiber optic,Two year,Bank transfer,80.43,2348.32,Yes
CUST490,Male,1,No,No,16,Yes,Fiber optic,Month-to-month,Bank transfer,32.56,669.02,Yes
CUST491,Female,0,Yes,Yes,60,No,Fiber optic,One year,Electronic check,42.58,2469.06,No
CUST492,Male,0,No,No,68,Yes,No,Month-to-month,Bank transfer,32.09,2188.36,Yes
CUST493,Male,0,No,No,10,No,Fiber optic,One year,Credit card,8.44,-13.08,Yes
CUST494,Female,0,No,Yes,37,Yes,Fiber optic,Two year,Electronic check,81.66,3218.01,No
CUST495,Male,0,Yes,Yes,67,Yes,DSL,Month-to-month,Bank transfer,32.86,2211.44,Yes
CUST496,Male,0,No,No,18,Yes,DSL,Month-to-month,Bank transfer,47.32,717.12,Yes
CUST497,Male,0,Yes,Yes,16,Yes,Fiber optic,Two year,Electronic check,71.17,1095.84,No
CUST498,Female,0,Yes,No,12,Yes,DSL,Two year,Mailed check,64.36,911.63,No
CUST499,Male,0,Yes,Yes,0,Yes,Fiber optic,Month-to-month,Electronic check,48.6,-97.68,Yes
CUST500,Female,0,No,No,1,Yes,DSL,Two year,Mailed check,115.57,79.43,Yes
CUST501,Male,0,No,No,65,Yes,No,Month-to-month,Credit card,24.2,1691.72,No
CUST502,Male,0,No,Yes,67,Yes,No,Month-to-month,Mailed check,25.5,1742.73,Yes
CUST503,Male,0,No,Yes,15,Yes,DSL,One year,Electronic check,83.74,1134.15,No
CUST504,Female,0,No,No,3,Yes,No,One year,Credit card,51.22,176.0,Yes
CUST505,Male,0,No,Yes,56,Yes,No,One year,Electronic check,50.04,2786.96,No
CUST506,Male,0,No,Yes,22,Yes,No,Month-to-month,Electronic check,37.63,833.1,No
CUST507,Female,0,Yes,No,1,Yes,DSL,Month-to-month,Mailed check,80.15,174.81,Yes
CUST508,Male,0,No,No,66,Yes,Fiber optic,Two year,Mailed check,76.77,5090.88,No
CUST509,Female,0,Yes,Yes,25,Yes,DSL,Month-to-month,Mailed check,73.57,1829.97,No
CUST510,Female,0,Yes,Yes,6,Yes,Fiber optic,Month-to-month,Credit card,52.51,300.87,No
CUST511,Male,0,No,No,43,Yes,Fiber optic,One year,Mailed check,47.47,2148.89,No
CUST512,Female,0,No,No,32,Yes,Fiber optic,One year,Credit card,65.11,2011.49,No
CUST513,Male,0,Yes,No,63,Yes,DSL,Month-to-month,Electronic check,99.0,6020.21,No
CUST514,Female,0,Yes,No,35,Yes,No,Month-to-month,Electronic check,117.04,4073.87,Yes
CUST515,Female,0,No,No,3,Yes,Fiber optic,Two year,Mailed check,103.34,347.85,Yes
CUST516,Male,0,Yes,No,22,Yes,DSL,Two year,Bank transfer,85.17,1832.1,No
CUST517,Female,1,Yes,No,24,Yes,Fiber optic,Month-to-month,Electronic check,99.47,2334.75,Yes
CUST518,Female,1,Yes,No,26,Yes,No,Month-to-month,Bank transfer,34.54,861.62,No
CUST519,Female,0,Yes,Yes,50,Yes,No,Month-to-month,Bank transfer,48.59,2427.04,No
CUST520,Female,0,No,Yes,68,Yes,Fiber optic,One year,Bank transfer,85.73,5699.81,Yes
CUST521,Female,0,No,Yes,22,Yes,DSL,Month-to-month,Mailed check,66.46,1528.26,No
CUST522,Male,0,Yes,No,8,Yes,DSL,One year,Credit card,80.13,374.81,No
CUST523,Female,0,Yes,Yes,32,Yes,DSL,Month-to-month,Electronic check,99.38,3234.16,No
CUST524,Male,0,Yes,No,34,Yes,DSL,Month-to-month,Bank transfer,94.72,3251.81,No
CUST525,Female,0,No,Yes,49,Yes,DSL,Two year,Credit card,37.27,1875.93,No
CUST526,Male,0,No,No,23,Yes,DSL,Month-to-month,Mailed check,70.36,1425.44,No
CUST527,Male,0,Yes,No,23,No,DSL,One year,Electronic check,42.38,1004.02,No
CUST528,Female,0,Yes,Yes,18,Yes,No,Month-to-month,Credit card,46.68,785.99,Yes
CUST529,Female,0,Yes,No,38,Yes,Fiber optic,Month-to-month,Mailed check,18.67,869.68,Yes
CUST530,Female,0,No,Yes,60,Yes,Fiber optic,Month-to-month,Electronic check,74.01,4476.77,Yes
CUST531,Male,0,Yes,Yes,24,Yes,DSL,Month-to-month,Electronic check,16.46,277.37,No
CUST532,Female,0,Yes,Yes,24,Yes,Fiber optic,Month-to-month,Mailed check,81.82,1794.63,Yes
CUST533,Male,0,Yes,Yes,26,Yes,DSL,One year,Bank transfer,110.75,2818.02,No
CUST534,Male,1,Yes,Yes,31,Yes,Fiber optic,Month-to-month,Electronic check,85.91,2744.37,Yes
CUST535,Male,0,Yes,Yes,10,Yes,Fiber optic,Two year,Electronic check,71.56,830.85,No
CUST536,Female,1,No,Yes,68,Yes,Fiber optic,Month-to-month,Bank transfer,116.03,7908.18,Yes
CUST537,Female,1,No,Yes,32,Yes,No,Month-to-month,Credit card,79.82,2562.24,No
CUST538,Male,0,No,Yes,18,Yes,No,Month-to-month,Electronic check,44.12,760.96,Yes
CUST539,Male,0,Yes,No,15,Yes,Fiber optic,Two year,Credit card,73.75,1104.11,No
CUST540,Female,0,No,No,10,Yes,DSL,Month-to-month,Bank transfer,128.79,1409.47,No
CUST541,Male,1,Yes,Yes,68,Yes,No,Month-to-month,Electronic check,37.22,2496.3,Yes
CUST542,Female,0,No,No,54,Yes,Fiber optic,Month-to-month,Bank transfer,28.6,1610.28,No
CUST543,Male,0,No,No,24,Yes,Fiber optic,Month-to-month,Electronic check,88.45,2069.96,No
CUST544,Female,0,Yes,Yes,33,Yes,Fiber optic,Month-to-month,Electronic check,63.28,2189.57,No
CUST545,Male,0,Yes,Yes,11,Yes,DSL,Month-to-month,Electronic check,54.04,652.31,No
CUST546,Female,0,Yes,No,20,Yes,DSL,Month-to-month,Bank transfer,32.22,741.61,No
CUST547,Male,0,No,Yes,28,Yes,DSL,Month-to-month,Electronic check,11.5,510.21,Yes
CUST548,Female,0,Yes,Yes,50,Yes,DSL,One year,Credit card,26.31,1057.3,No
CUST549,Female,1,No,Yes,22,Yes,Fiber optic,One year,Mailed check,118.45,2681.28,No
CUST550,Male,0,No,No,32,Yes,DSL,One year,Mailed check,69.73,2278.27,No
CUST551,Male,1,No,Yes,7,Yes,No,Month-to-month,Mailed check,11.13,122.66,No
CUST552,Female,0,Yes,No,41,Yes,Fiber optic,Month-to-month,Credit card,105.52,4350.38,No
CUST553,Male,0,Yes,Yes,68,Yes,DSL,One year,Electronic check,107.05,7303.39,No
CUST554,Female,0,Yes,Yes,40,Yes,DSL,Month-to-month,Bank transfer,106.88,4308.84,No
CUST555,Male,0,No,No,62,Yes,Fiber optic,Month-to-month,Bank transfer,57.32,3644.44,No
CUST556,Female,0,No,Yes,13,Yes,DSL,Two year,Electronic check,61.94,887.85,No
CUST557,Female,0,Yes,No,61,Yes,Fiber optic,Two year,Credit card,74.13,4519.43,No
CUST558,Female,0,No,No,45,Yes,No,Two year,Mailed check,112.03,5022.6,Yes
CUST559,Female,1,No,Yes,66,Yes,Fiber optic,Two year,Credit card,53.35,3523.12,No
CUST560,Female,1,No,Yes,52,Yes,DSL,Two year,Credit card,47.37,2421.95,No
CUST561,Female,0,Yes,No,51,Yes,Fiber optic,One year,Bank transfer,90.87,4812.39,Yes
CUST562,Male,0,No,No,6,Yes,DSL,Month-to-month,Electronic check,106.28,510.6,No
CUST563,Male,0,No,Yes,53,Yes,DSL,Two year,Bank transfer,68.42,3701.24,Yes
CUST564,Male,0,Yes,Yes,10,Yes,Fiber optic,Two year,Mailed check,90.11,975.48,No
CUST565,Female,1,Yes,Yes,24,Yes,No,Month-to-month,Mailed check,73.37,,No
CUST566,Female,0,Yes,Yes,58,Yes,DSL,Month-to-month,Bank transfer,62.46,3652.29,No
CUST567,Female,0,Yes,Yes,65,Yes,No,Month-to-month,Electronic check,45.12,3059.1,No
CUST568,Female,1,Yes,No,26,Yes,DSL,Two year,Electronic check,35.38,886.88,Yes
CUST569,Male,0,Yes,No,57,Yes,DSL,Month-to-month,Credit card,51.56,3070.11,No
CUST570,Male,0,No,No,10,Yes,Fiber optic,Month-to-month,Credit card,40.72,519.02,No
CUST571,Female,0,No,No,54,Yes,DSL,Month-to-month,Bank transfer,78.5,4168.01,Yes
CUST572,Male,0,No,Yes,18,Yes,DSL,Two year,Mailed check,106.53,1806.73,Yes
CUST573,Male,0,No,No,38,No,DSL,One year,Electronic check,76.12,2909.1,Yes
CUST574,Female,0,Yes,Yes,69,Yes,DSL,Month-to-month,Bank transfer,42.38,2800.19,No
CUST575,Male,0,No,Yes,10,Yes,DSL,Month-to-month,Bank transfer,95.66,666.13,No
CUST576,Female,0,Yes,Yes,13,Yes,Fiber optic,Month-to-month,Mailed check,78.91,976.89,No
CUST577,Male,0,Yes,Yes,59,Yes,Fiber optic,Month-to-month,Credit card,84.84,5222.99,No
CUST578,Female,0,No,Yes,35,Yes,No,Month-to-month,Mailed check,54.42,1859.98,No
CUST579,Female,0,No,No,40,Yes,Fiber optic,Month-to-month,Credit card,104.0,4197.95,No
CUST580,Female,0,Yes,Yes,1,Yes,Fiber optic,Month-to-month,Credit card,103.85,173.85,No
CUST581,Female,0,Yes,Yes,56,Yes,Fiber optic,Month-to-month,Electronic check,64.48,3606.76,No
CUST582,Male,0,Yes,Yes,59,No,No,Month-to-month,Electronic check,91.55,5368.09,No
CUST583,Female,0,Yes,No,19,Yes,DSL,Two year,Credit card,103.04,2080.63,Yes
CUST584,Female,0,No,Yes,21,Yes,DSL,Month-to-month,Credit card,56.04,1180.83,No
CUST585,Female,0,Yes,Yes,3,Yes,Fiber optic,Month-to-month,Electronic check,67.56,193.54,No
CUST586,Male,0,No,Yes,55,Yes,DSL,Month-to-month,Credit card,72.39,4061.2,No
CUST587,Female,0,Yes,No,57,Yes,No,Month-to-month,Credit card,37.07,2010.03,No
CUST588,Male,0,Yes,Yes,64,Yes,Fiber optic,Month-to-month,Credit card,83.25,5201.69,No
CUST589,Female,0,Yes,No,57,Yes,DSL,Month-to-month,Mailed check,100.68,5576.27,No
CUST590,Male,0,No,No,29,Yes,Fiber optic,One year,Bank transfer,65.68,1961.52,No
CUST591,Male,0,Yes,Yes,18,Yes,DSL,Month-to-month,Credit card,80.2,1427.23,No
CUST592,Female,0,No,No,61,Yes,No,Month-to-month,Electronic check,111.96,6912.2,Yes
CUST593,Male,0,No,No,67,Yes,No,Two year,Credit card,57.85,3881.04,Yes
CUST594,Female,1,No,Yes,43,Yes,Fiber optic,Month-to-month,Credit card,80.81,3337.73,No
CUST595,Female,0,Yes,Yes,60,Yes,DSL,One year,Electronic check,52.91,3139.04,No
CUST596,Female,0,No,Yes,20,Yes,DSL,Month-to-month,Electronic check,52.09,1131.48,No
CUST597,Male,0,No,Yes,9,Yes,Fiber optic,Month-to-month,Credit card,80.26,696.12,No
CUST598,Male,0,Yes,No,29,Yes,No,Month-to-month,Bank transfer,77.24,2358.64,No
CUST599,Female,0,Yes,No,23,Yes,DSL,Month-to-month,Electronic check,86.65,1947.59,No
CUST600,Female,0,No,Yes,47,Yes,DSL,Two year,Electronic check,72.28,3469.1,No
CUST601,Male,0,No,Yes,54,No,DSL,Month-to-month,Mailed check,83.95,4355.04,Yes
CUST602,Female,0,Yes,Yes,51,Yes,Fiber optic,Month-to-month,Credit card,119.97,6095.83,No
CUST603,Female,0,No,No,37,Yes,No,One year,Mailed check,101.8,3727.89,No
CUST604,Female,0,No,Yes,66,Yes,DSL,Month-to-month,Mailed check,80.15,5150.11,Yes
CUST605,Male,0,No,No,7,Yes,DSL,One year,Bank transfer,85.15,707.24,Yes
CUST606,Male,0,Yes,No,28,Yes,Fiber optic,Month-to-month,Credit card,61.03,1644.83,No
CUST607,Male,1,No,No,9,Yes,No,One year,Credit card,65.22,512.65,No
CUST608,Female,0,Yes,No,68,Yes,No,One year,Mailed check,84.77,5894.49,Yes
CUST609,Female,1,Yes,Yes,67,Yes,Fiber optic,Month-to-month,Electronic check,72.63,4882.35,No
CUST610,Female,0,Yes,Yes,48,Yes,DSL,Month-to-month,Electronic check,93.79,4579.9,No
CUST611,Male,0,No,Yes,57,Yes,DSL,Month-to-month,Credit card,108.01,5986.3,Yes
CUST612,Female,0,Yes,No,34,Yes,No,Month-to-month,Bank transfer,66.95,2196.45,No
CUST613,Female,0,No,No,49,Yes,No,Month-to-month,Bank transfer,9.72,684.92,No
CUST614,Female,0,Yes,Yes,39,No,Fiber optic,Two year,Credit card,131.03,5195.57,No
CUST615,Female,0,No,No,11,No,Fiber optic,Month-to-month,Electronic check,50.43,447.4,Yes
CUST616,Male,0,No,No,15,No,No,Month-to-month,Bank transfer,75.85,1160.25,No
CUST617,Male,1,No,No,47,Yes,Fiber optic,Month-to-month,Credit card,91.82,4215.97,No
CUST618,Female,0,Yes,Yes,0,Yes,DSL,Month-to-month,Credit card,112.27,139.38,No
CUST619,Male,0,No,Yes,64,Yes,Fiber optic,Month-to-month,Electronic check,124.18,7720.55,No
CUST620,Male,0,No,Yes,21,Yes,No,Month-to-month,Mailed check,59.08,1268.21,No
CUST621,Female,0,Yes,No,14,Yes,Fiber optic,Month-to-month,Electronic check,105.69,1505.69,Yes
CUST622,Female,0,Yes,Yes,66,Yes,No,Month-to-month,Bank transfer,75.94,4900.78,No
CUST623,Male,0,No,Yes,13,Yes,Fiber optic,One year,Mailed check,,1952.58,No
CUST624,Female,1,Yes,Yes,18,Yes,DSL,Two year,Electronic check,103.01,1891.73,No
CUST625,Male,0,Yes,No,39,Yes,DSL,Month-to-month,Bank transfer,64.68,2344.71,Yes
CUST626,Female,0,Yes,No,3,No,No,One year,Bank transfer,46.21,10.67,No
CUST627,Male,0,No,No,32,Yes,Fiber optic,Month-to-month,Mailed check,8.8,266.09,No
CUST628,Female,1,Yes,No,42,Yes,DSL,One year,Electronic check,90.24,3706.77,No
CUST629,Male,0,No,No,36,Yes,No,Month-to-month,Electronic check,100.25,3562.69,No
CUST630,Male,0,Yes,Yes,65,Yes,Fiber optic,One year,Bank transfer,92.36,6001.39,No
CUST631,Male,0,Yes,Yes,26,Yes,No,Two year,Credit card,0.6,-75.45,No
CUST632,Female,0,No,No,44,No,Fiber optic,One year,Credit card,32.26,1416.78,No
CUST633,Male,0,Yes,No,49,No,DSL,One year,Mailed check,84.42,4166.38,No
CUST634,Male,0,Yes,Yes,62,No,Fiber optic,Month-to-month,Electronic check,123.57,7739.23,No
CUST635,Female,0,Yes,No,5,Yes,No,Month-to-month,Credit card,68.33,217.07,No
CUST636,Female,0,Yes,No,66,Yes,DSL,One year,Mailed check,102.75,6718.66,No
CUST637,Male,0,No,No,66,Yes,No,Month-to-month,Bank transfer,38.97,2630.87,No
CUST638,Male,0,No,No,58,Yes,DSL,Month-to-month,Credit card,76.21,4271.97,No
CUST639,Female,0,No,No,12,Yes,DSL,Month-to-month,Electronic check,61.76,751.74,No
CUST640,Female,0,No,Yes,20,Yes,DSL,One year,Bank transfer,105.63,2115.41,Yes
CUST641,Female,0,No,Yes,63,Yes,No,Month-to-month,Electronic check,53.8,3130.72,No
CUST642,Female,0,No,No,36,Yes,Fiber optic,One year,Bank transfer,120.31,4281.73,No
CUST643,Female,0,No,No,47,Yes,Fiber optic,One year,Electronic check,60.77,2889.27,No
CUST644,Male,0,Yes,Yes,55,Yes,No,Month-to-month,Mailed check,37.9,2063.31,Yes
CUST645,Female,1,No,No,43,No,DSL,Month-to-month,Electronic check,,1625.7,No
CUST646,Male,0,No,Yes,12,Yes,DSL,Two year,Electronic check,,631.58,No
CUST647,Male,0,No,No,3,No,DSL,Two year,Bank transfer,81.12,342.25,No
CUST648,Male,0,Yes,Yes,32,Yes,Fiber optic,Month-to-month,Electronic check,51.7,1708.16,No
CUST649,Female,0,No,Yes,36,Yes,Fiber optic,Month-to-month,Electronic check,45.39,1558.45,No
CUST650,Male,0,No,No,52,Yes,No,Month-to-month,Electronic check,96.69,4881.98,No
CUST651,Male,0,No,No,23,Yes,Fiber optic,Month-to-month,Bank transfer,26.34,657.77,No
CUST652,Female,0,Yes,Yes,50,Yes,DSL,Month-to-month,Credit card,57.1,2737.23,No
CUST653,Male,0,No,No,40,Yes,No,Two year,Credit card,29.97,1146.0,Yes
CUST654,Male,0,Yes,Yes,28,Yes,DSL,Two year,Credit card,43.94,1250.41,No
CUST655,Female,0,Yes,No,58,Yes,No,One year,Electronic check,77.31,4598.63,Yes
CUST656,Male,0,Yes,No,39,Yes,DSL,Month-to-month,Mailed check,63.84,2618.34,No
CUST657,Male,0,Yes,No,50,Yes,DSL,Month-to-month,Mailed check,61.13,3062.57,No
CUST658,Male,1,No,Yes,49,Yes,Fiber optic,Month-to-month,Bank transfer,105.69,5127.86,Yes
CUST659,Female,1,Yes,Yes,35,Yes,DSL,One year,Credit card,69.59,2315.59,Yes
CUST660,Female,0,Yes,No,59,Yes,DSL,Month-to-month,Electronic check,124.18,7522.48,No
CUST661,Female,0,No,Yes,17,Yes,Fiber optic,One year,Bank transfer,91.37,1524.3,No
CUST662,Male,0,Yes,No,19,Yes,DSL,One year,Electronic check,41.0,846.78,Yes
CUST663,Male,0,Yes,Yes,4,Yes,DSL,One year,Bank transfer,128.02,531.76,No
CUST664,Female,0,Yes,No,17,Yes,DSL,Month-to-month,Credit card,78.34,1282.22,No
CUST665,Male,0,Yes,Yes,39,Yes,Fiber optic,One year,Electronic check,126.15,4866.05,No
CUST666,Male,0,Yes,Yes,0,Yes,DSL,Month-to-month,Credit card,62.02,-138.31,No
CUST667,Female,0,Yes,Yes,18,Yes,DSL,One year,Credit card,78.17,1519.3,Yes
CUST668,Female,0,No,Yes,25,Yes,Fiber optic,Month-to-month,Electronic check,,2061.95,No
CUST669,Male,0,No,Yes,28,Yes,Fiber optic,Month-to-month,Credit card,64.96,1961.84,No
CUST670,Male,0,No,Yes,58,Yes,Fiber optic,Month-to-month,Bank transfer,108.16,6228.4,No
CUST671,Male,0,No,No,62,Yes,DSL,Month-to-month,Bank transfer,127.98,7904.96,No
CUST672,Female,1,Yes,No,61,Yes,DSL,Two year,Bank transfer,1.2,-40.13,Yes
CUST673,Female,0,Yes,Yes,47,Yes,Fiber optic,Month-to-month,Credit card,94.44,4407.54,No
CUST674,Female,0,Yes,No,61,Yes,No,Two year,Electronic check,43.16,2508.75,No
CUST675,Female,1,No,Yes,17,Yes,Fiber optic,Month-to-month,Credit card,,172.53,No
CUST676,Male,1,No,No,65,Yes,DSL,Month-to-month,Credit card,85.51,5568.93,No
CUST677,Female,0,Yes,No,26,Yes,DSL,Month-to-month,Bank transfer,85.58,2372.57,No
CUST678,Female,0,Yes,No,5,Yes,No,Month-to-month,Electronic check,90.4,306.22,No
CUST679,Female,0,No,No,69,Yes,Fiber optic,One year,Mailed check,81.13,5719.57,No
CUST680,Female,0,No,Yes,58,Yes,DSL,Month-to-month,Mailed check,96.25,5484.66,No
CUST681,Female,0,No,No,5,Yes,DSL,One year,Electronic check,51.91,293.97,No
CUST682,Male,0,No,No,30,Yes,No,Month-to-month,Electronic check,77.9,2222.46,No
CUST683,Male,0,Yes,No,55,Yes,DSL,Month-to-month,Bank transfer,90.94,5021.98,Yes
CUST684,Female,0,No,Yes,53,Yes,Fiber optic,Month-to-month,Electronic check,,5610.21,No
CUST685,Male,0,No,No,40,Yes,Fiber optic,One year,Electronic check,71.32,2785.74,No
CUST686,Female,0,Yes,Yes,17,Yes,DSL,One year,Credit card,63.59,1091.64,Yes
CUST687,Female,0,Yes,Yes,22,Yes,DSL,Month-to-month,Credit card,68.34,1679.02,No
CUST688,Male,0,Yes,No,35,Yes,DSL,Month-to-month,Mailed check,34.19,983.85,No
CUST689,Male,0,No,Yes,24,Yes,No,One year,Bank transfer,93.09,2233.93,No
CUST690,Female,0,No,No,6,Yes,Fiber optic,Two year,Bank transfer,26.28,105.81,No
CUST691,Female,0,No,No,19,Yes,No,Month-to-month,Electronic check,81.73,1361.26,Yes
CUST692,Female,1,No,No,4,Yes,Fiber optic,One year,Bank transfer,72.54,177.68,No
CUST693,Male,0,Yes,No,17,Yes,No,Month-to-month,Mailed check,23.47,351.88,Yes
CUST694,Female,0,Yes,No,32,Yes,No,Month-to-month,Credit card,25.18,852.47,No
CUST695,Female,0,No,No,34,Yes,Fiber optic,Two year,Mailed check,44.39,1518.05,No
CUST696,Female,0,No,No,64,Yes,DSL,One year,Mailed check,59.68,3688.27,No
CUST697,Male,0,No,Yes,62,Yes,Fiber optic,One year,Electronic check,114.41,6910.02,No
CUST698,Female,0,Yes,Yes,71,Yes,Fiber optic,Month-to-month,Credit card,66.68,4776.04,No
CUST699,Female,0,No,No,70,Yes,Fiber optic,Month-to-month,Electronic check,86.39,6027.77,No
CUST700,Male,0,Yes,No,40,Yes,No,One year,Mailed check,,4481.14,No
CUST701,Female,0,No,Yes,49,No,DSL,Two year,Mailed check,102.2,4972.54,No
CUST702,Female,0,Yes,No,29,Yes,DSL,One year,Bank transfer,,2138.23,No
CUST703,Male,0,Yes,Yes,37,Yes,Fiber optic,Month-to-month,Bank transfer,48.83,1861.09,Yes
CUST704,Female,1,No,Yes,34,Yes,DSL,Month-to-month,Bank transfer,84.97,2971.14,No
CUST705,Male,0,Yes,No,65,Yes,Fiber optic,Month-to-month,Bank transfer,49.43,3256.19,Yes
CUST706,Male,0,Yes,No,45,Yes,No,Month-to-month,Mailed check,124.44,5645.23,Yes
CUST707,Female,0,No,Yes,7,No,Fiber optic,Month-to-month,Bank transfer,96.03,443.02,No
CUST708,Female,0,Yes,Yes,67,Yes,No,Month-to-month,Credit card,76.26,,No
CUST709,Female,0,No,No,36,Yes,Fiber optic,One year,Mailed check,85.38,3007.32,Yes
CUST710,Female,0,Yes,No,12,Yes,Fiber optic,One year,Mailed check,75.35,1031.27,Yes
CUST711,Male,0,Yes,Yes,44,Yes,Fiber optic,One year,Credit card,58.95,2493.63,No
CUST712,Female,0,Yes,Yes,28,No,DSL,Two year,Electronic check,84.96,2350.85,No
CUST713,Male,0,Yes,Yes,40,Yes,Fiber optic,Month-to-month,Bank transfer,62.71,2588.49,No
CUST714,Female,0,No,No,55,Yes,DSL,Two year,Mailed check,128.1,7075.6,No
CUST715,Female,0,No,No,15,Yes,No,One year,Credit card,49.22,755.03,No
CUST716,Female,0,No,No,11,No,DSL,Two year,Electronic check,85.26,1048.78,No
CUST717,Male,0,Yes,Yes,65,Yes,DSL,Month-to-month,Electronic check,46.52,3049.81,No
CUST718,Female,0,Yes,Yes,61,Yes,Fiber optic,Month-to-month,Credit card,46.21,2764.32,No
CUST719,Female,0,No,No,18,Yes,Fiber optic,One year,Mailed check,16.42,165.93,No
CUST720,Female,0,No,Yes,29,Yes,DSL,Two year,Mailed check,82.34,2436.53,No
CUST721,Female,0,No,Yes,15,Yes,DSL,One year,Bank transfer,54.03,733.44,No
CUST722,Male,0,No,Yes,12,Yes,No,One year,Bank transfer,102.5,1205.89,No
CUST723,Female,1,Yes,Yes,68,Yes,Fiber optic,Month-to-month,Credit card,82.4,5711.04,Yes
CUST724,Male,0,No,Yes,22,No,DSL,One year,Credit card,74.45,1615.77,No
CUST725,Male,0,Yes,No,61,Yes,Fiber optic,One year,Mailed check,27.69,1644.67,No
CUST726,Male,0,No,No,30,Yes,DSL,One year,Mailed check,87.55,,No
CUST727,Male,0,Yes,No,52,Yes,DSL,One year,Credit card,50.14,2582.02,No
CUST728,Male,0,No,No,16,Yes,No,Month-to-month,Credit card,27.01,333.04,No
CUST729,Male,0,No,No,48,Yes,DSL,One year,Electronic check,82.92,4147.9,No
CUST730,Female,0,Yes,Yes,48,Yes,DSL,Month-to-month,Electronic check,,1493.07,Yes
CUST731,Male,0,Yes,Yes,66,No,No,Two year,Electronic check,7.27,558.26,Yes
CUST732,Male,0,No,Yes,25,Yes,Fiber optic,One year,Electronic check,108.91,,Yes
CUST733,Male,0,Yes,No,12,Yes,DSL,One year,Electronic check,53.18,693.11,No
CUST734,Female,1,No,Yes,37,Yes,Fiber optic,Two year,Credit card,17.67,670.73,No
CUST735,Female,0,Yes,Yes,21,Yes,No,Month-to-month,Bank transfer,41.12,866.02,No
CUST736,Male,0,No,Yes,28,Yes,DSL,Month-to-month,Credit card,48.37,1371.85,Yes
CUST737,Female,0,No,No,44,Yes,Fiber optic,One year,Electronic check,104.33,4632.12,No
CUST738,Male,0,No,Yes,45,Yes,Fiber optic,Month-to-month,Credit card,20.11,882.26,No
CUST739,Male,0,No,Yes,38,Yes,Fiber optic,Month-to-month,Mailed check,29.83,1115.84,No
CUST740,Female,0,No,No,68,Yes,Fiber optic,Two year,Credit card,,6817.62,No
CUST741,Male,0,No,No,67,Yes,Fiber optic,Month-to-month,Credit card,56.51,3671.97,No
CUST742,Female,0,No,Yes,38,Yes,DSL,Month-to-month,Bank transfer,76.84,2790.29,No
CUST743,Female,0,No,No,19,Yes,No,Month-to-month,Electronic check,55.27,1068.02,No
CUST744,Male,0,Yes,Yes,67,No,DSL,Month-to-month,Electronic check,130.62,8550.56,Yes
CUST745,Male,0,Yes,No,34,Yes,Fiber optic,Month-to-month,Credit card,31.31,896.26,No
CUST746,Female,1,Yes,Yes,7,No,Fiber optic,Month-to-month,Credit card,78.46,729.74,Yes
CUST747,Male,0,No,Yes,51,Yes,Fiber optic,Two year,Electronic check,115.09,6024.53,No
CUST748,Male,0,No,No,39,Yes,Fiber optic,Month-to-month,Mailed check,58.75,2234.17,No
CUST749,Male,0,No,No,35,Yes,Fiber optic,Month-to-month,Electronic check,47.39,1758.57,No
CUST750,Female,1,Yes,No,5,No,DSL,Month-to-month,Mailed check,93.01,568.43,No
CUST751,Female,0,Yes,No,69,No,Fiber optic,One year,Credit card,100.12,6955.39,No
CUST752,Male,0,Yes,Yes,15,Yes,No,Month-to-month,Credit card,46.0,682.11,No
CUST753,Female,0,Yes,No,45,Yes,No,Month-to-month,Mailed check,113.87,5186.79,No
CUST754,Female,0,Yes,Yes,58,Yes,Fiber optic,Two year,Electronic check,71.54,4229.12,No
CUST755,Female,0,No,Yes,37,Yes,DSL,Month-to-month,Credit card,85.26,3218.83,No
CUST756,Female,0,Yes,Yes,17,No,DSL,Month-to-month,Electronic check,114.65,1794.12,Yes
CUST757,Female,1,No,No,11,Yes,DSL,One year,Credit card,93.06,,No
CUST758,Male,0,No,Yes,53,Yes,Fiber optic,Month-to-month,Bank transfer,69.99,3949.8,No
CUST759,Male,0,No,Yes,46,Yes,DSL,Month-to-month,Bank transfer,49.85,2102.18,No
CUST760,Male,0,Yes,No,0,Yes,No,Month-to-month,Bank transfer,151.26,51.1,Yes
CUST761,Female,0,Yes,Yes,14,Yes,No,Two year,Mailed check,46.33,853.19,No
CUST762,Female,1,No,Yes,20,Yes,DSL,Two year,Electronic check,79.54,1691.03,No
CUST763,Male,0,Yes,Yes,0,Yes,Fiber optic,Month-to-month,Bank transfer,85.3,101.29,No
CUST764,Female,0,Yes,No,66,Yes,Fiber optic,Month-to-month,Mailed check,86.72,,No
CUST765,Male,0,No,Yes,11,Yes,DSL,Month-to-month,Bank transfer,133.84,1551.35,No
CUST766,Male,0,No,Yes,27,Yes,Fiber optic,One year,Credit card,71.43,1952.53,No
CUST767,Male,0,No,Yes,38,Yes,Fiber optic,Month-to-month,Bank transfer,67.15,2629.69,No
CUST768,Female,0,No,No,36,Yes,DSL,Month-to-month,Electronic check,116.57,4092.97,No
CUST769,Female,0,No,No,59,Yes,Fiber optic,One year,Electronic check,65.92,3782.13,No
CUST770,Male,1,Yes,No,30,Yes,No,Month-to-month,Mailed check,96.28,2874.14,No
CUST771,Male,0,No,Yes,57,Yes,DSL,Month-to-month,Electronic check,75.83,4284.39,Yes
CUST772,Male,1,Yes,Yes,10,Yes,Fiber optic,One year,Bank transfer,97.63,960.56,No
CUST773,Male,0,Yes,Yes,28,Yes,DSL,One year,Credit card,91.76,2521.33,No
CUST774,Female,0,No,Yes,12,Yes,No,One year,Credit card,57.91,674.82,Yes
CUST775,Female,0,No,Yes,50,No,No,Two year,Mailed check,14.68,667.39,No
CUST776,Male,0,Yes,No,53,Yes,DSL,Month-to-month,Credit card,19.78,1043.51,No
CUST777,Male,0,No,Yes,18,Yes,No,Month-to-month,Mailed check,14.79,123.86,No
CUST778,Female,0,Yes,Yes,57,Yes,DSL,Month-to-month,Mailed check,67.26,3885.23,Yes
CUST779,Female,0,No,No,35,Yes,DSL,Month-to-month,Mailed check,0.58,46.35,No
CUST780,Male,0,No,No,27,Yes,Fiber optic,Month-to-month,Electronic check,65.2,1634.22,No
CUST781,Male,0,Yes,Yes,67,Yes,DSL,Month-to-month,Bank transfer,74.01,5091.31,Yes
CUST782,Male,0,Yes,No,2,Yes,Fiber optic,Month-to-month,Electronic check,95.69,108.7,No
CUST783,Female,0,No,No,40,Yes,Fiber optic,Month-to-month,Credit card,85.13,3524.1,No
CUST784,Female,0,No,No,34,Yes,DSL,Month-to-month,Electronic check,97.06,3332.98,Yes
CUST785,Female,0,No,Yes,49,Yes,DSL,Month-to-month,Mailed check,82.42,4138.64,No
CUST786,Male,0,Yes,No,29,Yes,Fiber optic,One year,Electronic check,60.29,1766.03,No
CUST787,Male,1,No,Yes,71,Yes,DSL,Month-to-month,Electronic check,66.82,4800.9,No
CUST788,Female,0,No,No,69,Yes,DSL,Month-to-month,Credit card,44.45,3166.01,Yes
CUST789,Female,0,No,Yes,53,Yes,DSL,Two year,Bank transfer,76.84,4263.24,No
CUST790,Male,0,No,Yes,70,Yes,No,One year,Mailed check,22.47,1680.36,Yes
CUST791,Female,0,Yes,Yes,50,Yes,No,Month-to-month,Electronic check,101.98,5143.82,No
CUST792,Female,0,Yes,No,27,Yes,DSL,Month-to-month,Credit card,41.3,980.25,No
CUST793,Male,0,Yes,No,63,Yes,DSL,One year,Credit card,74.62,4459.48,Yes
CUST794,Female,1,No,No,20,No,Fiber optic,Month-to-month,Mailed check,79.64,1579.76,No
CUST795,Male,0,No,Yes,26,No,No,Month-to-month,Credit card,104.88,2655.43,No
CUST796,Male,0,No,No,26,Yes,DSL,One year,Bank transfer,19.57,441.05,No
CUST797,Male,0,Yes,No,49,Yes,No,Month-to-month,Credit card,60.24,2943.52,Yes
CUST798,Male,0,Yes,Yes,28,Yes,Fiber optic,Month-to-month,Electronic check,86.5,2488.28,Yes
CUST799,Male,0,Yes,No,38,Yes,No,Month-to-month,Bank transfer,122.54,4594.43,No
CUST800,Male,0,Yes,Yes,56,Yes,DSL,Month-to-month,Bank transfer,68.84,3944.56,No
CUST801,Male,0,No,No,36,Yes,No,Two year,Credit card,52.17,1881.47,No
CUST802,Female,1,Yes,Yes,63,Yes,Fiber optic,Month-to-month,Mailed check,130.81,8244.79,Yes
CUST803,Male,0,Yes,Yes,47,Yes,No,Month-to-month,Mailed check,94.08,4609.26,Yes
CUST804,Male,0,No,No,21,Yes,Fiber optic,One year,Mailed check,111.21,2353.22,No
CUST805,Female,0,Yes,Yes,29,Yes,Fiber optic,Month-to-month,Electronic check,33.71,972.18,Yes
CUST806,Female,0,No,No,27,Yes,No,Month-to-month,Credit card,85.63,2364.4,No
CUST807,Female,0,No,No,22,Yes,Fiber optic,Month-to-month,Mailed check,37.5,1004.71,No
CUST808,Male,0,No,No,3,Yes,Fiber optic,Month-to-month,Electronic check,30.85,87.88,Yes
CUST809,Female,0,No,No,2,Yes,Fiber optic,One year,Bank transfer,87.46,218.9,No
CUST810,Male,0,No,Yes,60,Yes,Fiber optic,Month-to-month,Mailed check,89.56,5362.77,No
CUST811,Male,0,Yes,Yes,3,Yes,No,Month-to-month,Bank transfer,55.54,156.32,No
CUST812,Male,1,Yes,Yes,64,Yes,DSL,Two year,Mailed check,112.96,7180.43,No
CUST813,Male,0,No,No,11,Yes,Fiber optic,Month-to-month,Credit card,58.93,592.22,No
CUST814,Female,1,Yes,No,12,Yes,No,Month-to-month,Bank transfer,,912.41,No
CUST815,Female,1,No,Yes,33,Yes,Fiber optic,Month-to-month,Credit card,68.92,2218.98,Yes
CUST816,Male,0,Yes,Yes,58,Yes,No,Month-to-month,Electronic check,62.71,3483.12,Yes
CUST817,Male,0,Yes,No,30,Yes,No,Month-to-month,Bank transfer,108.32,3262.14,Yes
CUST818,Male,0,Yes,No,70,Yes,Fiber optic,Month-to-month,Electronic check,38.75,2814.28,No
CUST819,Female,0,Yes,No,12,No,Fiber optic,Month-to-month,Mailed check,47.37,692.69,No
CUST820,Male,0,Yes,Yes,53,Yes,No,Month-to-month,Mailed check,34.26,1696.33,No
CUST821,Male,0,Yes,No,1,Yes,No,Month-to-month,Mailed check,126.51,237.79,No
CUST822,Female,1,Yes,Yes,32,Yes,No,One year,Electronic check,60.26,2134.21,No
CUST823,Female,0,No,No,49,Yes,DSL,One year,Mailed check,46.94,2231.64,No
CUST824,Male,0,No,Yes,6,Yes,DSL,Month-to-month,Credit card,61.38,350.87,No
CUST825,Female,0,No,No,17,Yes,Fiber optic,Two year,Electronic check,95.47,1499.83,Yes
CUST826,Female,1,Yes,Yes,50,Yes,Fiber optic,One year,Electronic check,89.91,4680.87,No
CUST827,Male,0,Yes,Yes,7,Yes,DSL,One year,Bank transfer,52.74,219.94,No
CUST828,Female,1,No,Yes,54,Yes,DSL,Month-to-month,Mailed check,58.01,3092.56,No
CUST829,Male,0,No,No,42,Yes,DSL,One year,Bank transfer,26.34,1184.75,No
CUST830,Female,0,Yes,Yes,58,Yes,Fiber optic,Two year,Electronic check,74.16,4232.88,No
CUST831,Male,0,No,Yes,29,Yes,No,Month-to-month,Bank transfer,108.47,3046.72,No
CUST832,Male,0,No,No,58,Yes,No,One year,Credit card,52.55,,No
CUST833,Male,0,No,Yes,8,Yes,DSL,One year,Mailed check,89.07,951.58,No
CUST834,Female,0,No,Yes,67,Yes,DSL,Month-to-month,Electronic check,52.54,3494.58,Yes
CUST835,Male,0,Yes,No,38,Yes,Fiber optic,Month-to-month,Bank transfer,37.13,1390.23,No
CUST836,Female,0,No,Yes,10,No,DSL,Month-to-month,Mailed check,90.41,792.54,No
CUST837,Male,0,No,No,1,Yes,Fiber optic,Month-to-month,Credit card,140.43,178.94,Yes
CUST838,Male,1,No,Yes,22,Yes,DSL,Month-to-month,Mailed check,86.3,1986.97,No
CUST839,Female,0,No,No,62,Yes,DSL,Month-to-month,Bank transfer,57.58,3509.33,Yes
CUST840,Male,0,Yes,Yes,21,Yes,Fiber optic,One year,Credit card,59.52,1303.49,Yes
CUST841,Male,0,No,Yes,60,Yes,DSL,Two year,Electronic check,127.28,7576.95,No
CUST842,Female,0,No,Yes,25,Yes,DSL,Month-to-month,Credit card,79.21,1790.88,Yes
CUST843,Male,0,No,No,11,Yes,Fiber optic,Month-to-month,Mailed check,47.02,562.96,No
CUST844,Male,0,No,Yes,31,Yes,DSL,Month-to-month,Electronic check,68.13,2319.47,No
CUST845,Male,0,No,Yes,8,Yes,Fiber optic,Two year,Mailed check,76.45,492.01,No
CUST846,Male,0,Yes,No,68,Yes,DSL,Month-to-month,Electronic check,84.08,5735.38,No
CUST847,Female,0,No,No,70,Yes,Fiber optic,One year,Credit card,,8206.18,No
CUST848,Female,0,No,No,32,Yes,No,Month-to-month,Electronic check,108.28,3454.76,No
CUST849,Male,0,Yes,Yes,23,Yes,Fiber optic,Month-to-month,Mailed check,75.95,1604.17,Yes
CUST850,Female,0,No,Yes,68,No,Fiber optic,Month-to-month,Bank transfer,68.76,4680.18,Yes
CUST851,Male,0,Yes,Yes,37,Yes,No,Month-to-month,Bank transfer,81.88,3178.6,No
CUST852,Female,0,No,No,10,Yes,DSL,One year,Bank transfer,51.75,466.85,No
CUST853,Male,0,Yes,No,31,Yes,DSL,Month-to-month,Electronic check,99.4,3104.62,No
CUST854,Male,1,Yes,Yes,63,Yes,DSL,Month-to-month,Bank transfer,63.9,3920.35,Yes
CUST855,Male,0,No,Yes,71,No,Fiber optic,One year,Bank transfer,84.73,6005.88,Yes
CUST856,Male,0,Yes,No,19,Yes,Fiber optic,Month-to-month,Mailed check,121.4,2345.27,Yes
CUST857,Male,0,No,No,33,Yes,DSL,Month-to-month,Credit card,86.58,2869.73,No
CUST858,Male,0,Yes,No,41,No,No,Two year,Electronic check,76.92,3110.57,No
CUST859,Female,0,Yes,Yes,7,Yes,DSL,Month-to-month,Bank transfer,54.48,425.66,No
CUST860,Male,0,No,No,65,Yes,No,One year,Mailed check,67.66,4464.85,Yes
CUST861,Female,0,Yes,No,20,Yes,No,One year,Electronic check,35.92,791.96,Yes
CUST862,Male,0,No,No,69,Yes,No,Month-to-month,Mailed check,86.0,5904.71,No
CUST863,Female,0,Yes,No,4,Yes,No,Month-to-month,Credit card,5.97,-38.22,Yes
CUST864,Female,0,Yes,Yes,66,Yes,DSL,Month-to-month,Bank transfer,99.05,6733.61,No
CUST865,Female,0,No,No,42,Yes,Fiber optic,Month-to-month,Electronic check,91.95,3875.66,No
CUST866,Male,0,No,Yes,15,Yes,DSL,One year,Electronic check,72.95,1068.5,Yes
CUST867,Male,0,Yes,Yes,34,Yes,No,Month-to-month,Bank transfer,54.01,1688.63,No
CUST868,Female,0,No,No,42,Yes,DSL,Month-to-month,Mailed check,69.51,2826.17,No
CUST869,Male,0,No,No,38,Yes,DSL,Month-to-month,Credit card,16.78,573.41,No
CUST870,Female,0,Yes,Yes,9,Yes,No,Month-to-month,Electronic check,94.71,896.33,No
CUST871,Male,0,Yes,No,19,Yes,DSL,One year,Electronic check,65.09,1201.09,No
CUST872,Female,0,No,Yes,0,Yes,DSL,One year,Credit card,115.46,1.52,No
CUST873,Female,0,Yes,No,5,Yes,Fiber optic,One year,Electronic check,81.76,265.48,Yes
CUST874,Male,0,No,Yes,52,Yes,Fiber optic,One year,Credit card,76.94,4141.32,No
CUST875,Female,0,No,Yes,45,Yes,Fiber optic,Month-to-month,Bank transfer,82.03,3617.6,No
CUST876,Male,0,No,Yes,65,Yes,Fiber optic,Month-to-month,Credit card,40.73,2670.96,No
CUST877,Female,0,No,No,37,Yes,No,Month-to-month,Credit card,56.47,2036.33,No
CUST878,Female,0,No,Yes,32,Yes,DSL,Two year,Mailed check,73.99,2335.87,No
CUST879,Male,0,No,Yes,66,Yes,Fiber optic,Month-to-month,Credit card,60.92,3941.32,No
CUST880,Male,0,Yes,No,34,Yes,Fiber optic,Two year,Bank transfer,52.7,1821.43,No
CUST881,Male,0,No,No,44,Yes,Fiber optic,One year,Electronic check,61.53,2609.29,No
CUST882,Female,0,Yes,Yes,21,Yes,Fiber optic,One year,Mailed check,71.32,1529.15,No
CUST883,Male,0,No,Yes,67,No,DSL,Month-to-month,Credit card,139.56,9338.64,Yes
CUST884,Female,0,Yes,No,16,Yes,DSL,Month-to-month,Mailed check,60.24,1026.84,Yes
CUST885,Female,1,Yes,Yes,4,Yes,DSL,Month-to-month,Bank transfer,49.68,271.59,No
CUST886,Male,0,Yes,No,56,Yes,DSL,Month-to-month,Bank transfer,65.42,3631.76,No
CUST887,Male,1,No,No,39,Yes,DSL,Two year,Electronic check,115.05,4523.55,No
CUST888,Female,0,Yes,No,29,No,Fiber optic,One year,Bank transfer,,3353.68,No
CUST889,Female,0,Yes,Yes,41,Yes,DSL,One year,Bank transfer,128.47,5398.88,No
CUST890,Male,0,No,No,6,No,Fiber optic,Month-to-month,Credit card,71.83,395.08,No
CUST891,Male,0,Yes,Yes,70,Yes,No,Month-to-month,Bank transfer,89.25,6227.32,Yes
CUST892,Male,0,Yes,Yes,18,Yes,DSL,One year,Bank transfer,38.5,646.12,Yes
CUST893,Male,0,No,No,40,Yes,Fiber optic,Month-to-month,Bank transfer,59.4,2302.69,Yes
CUST894,Male,0,Yes,No,33,Yes,No,Two year,Electronic check,36.55,1409.52,No
CUST895,Female,1,Yes,No,21,Yes,Fiber optic,One year,Credit card,84.2,1816.84,No
CUST896,Female,0,No,No,51,Yes,No,Month-to-month,Credit card,71.15,3635.46,No
CUST897,Female,0,Yes,Yes,5,Yes,DSL,One year,Mailed check,76.79,,Yes
CUST898,Female,0,Yes,Yes,24,Yes,No,One year,Bank transfer,44.61,1181.95,No
CUST899,Male,0,Yes,No,65,Yes,Fiber optic,Month-to-month,Mailed check,95.52,6154.24,Yes
CUST900,Male,0,Yes,Yes,9,Yes,DSL,Month-to-month,Mailed check,2.21,31.97,Yes
CUST901,Male,0,No,No,25,Yes,No,Month-to-month,Bank transfer,62.44,1781.3,Yes
CUST902,Female,0,No,Yes,4,Yes,No,Month-to-month,Credit card,66.8,171.47,No
CUST903,Female,0,No,Yes,67,Yes,DSL,One year,Bank transfer,9.35,680.41,No
CUST904,Male,0,No,Yes,70,Yes,No,Month-to-month,Mailed check,81.52,5735.25,No
CUST905,Male,1,Yes,No,49,Yes,DSL,One year,Electronic check,64.8,3228.02,No
CUST906,Female,0,No,Yes,16,Yes,Fiber optic,Month-to-month,Mailed check,86.83,1360.79,No
CUST907,Female,1,No,Yes,10,Yes,DSL,Two year,Credit card,129.99,1240.67,No
CUST908,Male,0,Yes,Yes,52,No,DSL,Two year,Electronic check,79.74,4169.13,Yes
CUST909,Male,0,Yes,Yes,49,Yes,Fiber optic,One year,Mailed check,99.18,4814.22,No
CUST910,Female,0,Yes,No,7,Yes,DSL,Month-to-month,Bank transfer,111.43,546.85,Yes
CUST911,Male,0,No,Yes,61,Yes,DSL,Month-to-month,Credit card,84.76,5087.91,No
CUST912,Male,0,Yes,No,28,Yes,Fiber optic,Month-to-month,Electronic check,44.02,1200.89,No
CUST913,Male,0,Yes,No,43,Yes,DSL,Month-to-month,Credit card,20.79,786.19,No
CUST914,Female,0,Yes,Yes,44,Yes,Fiber optic,Month-to-month,Mailed check,81.23,3589.22,No
CUST915,Female,0,No,Yes,28,Yes,DSL,One year,Credit card,57.99,1547.96,No
CUST916,Female,0,No,No,58,Yes,No,Month-to-month,Electronic check,108.51,6289.24,No
CUST917,Female,0,No,No,14,Yes,DSL,Month-to-month,Bank transfer,55.75,997.29,No
CUST918,Female,0,No,No,69,Yes,DSL,Month-to-month,Electronic check,69.57,4923.03,No
CUST919,Female,0,No,Yes,43,Yes,DSL,Two year,Credit card,35.23,1574.04,No
CUST920,Female,0,No,Yes,35,Yes,Fiber optic,Month-to-month,Bank transfer,59.69,2270.07,No
CUST921,Male,0,No,No,56,Yes,DSL,Month-to-month,Bank transfer,41.71,2328.5,Yes
CUST922,Male,1,Yes,No,63,Yes,Fiber optic,Two year,Credit card,44.45,2794.11,No
CUST923,Male,0,Yes,No,37,Yes,DSL,Month-to-month,Electronic check,68.42,2425.98,Yes
CUST924,Male,0,Yes,Yes,16,Yes,No,One year,Bank transfer,51.79,956.46,No
CUST925,Male,0,No,Yes,26,Yes,DSL,One year,Bank transfer,148.88,4066.58,No
CUST926,Male,0,No,No,16,Yes,No,Month-to-month,Credit card,95.08,1612.02,No
CUST927,Male,0,Yes,Yes,62,Yes,DSL,Month-to-month,Bank transfer,102.54,6499.82,No
CUST928,Female,0,Yes,No,10,No,DSL,Two year,Electronic check,66.67,392.97,No
CUST929,Female,0,No,Yes,63,Yes,DSL,Month-to-month,Bank transfer,73.17,4843.68,No
CUST930,Male,0,No,No,38,Yes,DSL,Month-to-month,Mailed check,57.11,,No
CUST931,Male,0,No,Yes,1,Yes,Fiber optic,Month-to-month,Bank transfer,148.73,384.33,No
CUST932,Female,0,No,Yes,65,Yes,No,Month-to-month,Mailed check,66.73,4510.62,No
CUST933,Male,0,No,Yes,53,Yes,DSL,Month-to-month,Electronic check,51.89,2827.41,Yes
CUST934,Male,1,No,Yes,28,Yes,Fiber optic,Two year,Mailed check,47.38,,No
CUST935,Female,0,No,Yes,44,Yes,DSL,Two year,Bank transfer,80.06,3538.46,No
CUST936,Male,0,No,Yes,30,Yes,DSL,Month-to-month,Bank transfer,112.63,3187.9,No
CUST937,Female,0,Yes,Yes,48,Yes,DSL,Month-to-month,Credit card,102.61,5018.36,Yes
CUST938,Male,0,No,No,8,Yes,No,Month-to-month,Credit card,,122.98,No
CUST939,Female,1,No,No,26,Yes,DSL,Two year,Bank transfer,46.57,1180.95,No
CUST940,Female,0,No,No,55,Yes,Fiber optic,Month-to-month,Bank transfer,107.39,6060.77,Yes
CUST941,Female,1,Yes,Yes,44,Yes,DSL,Month-to-month,Bank transfer,133.04,5925.83,No
CUST942,Male,0,Yes,Yes,42,Yes,DSL,One year,Bank transfer,65.65,2604.31,No
CUST943,Female,0,No,Yes,21,Yes,Fiber optic,Month-to-month,Electronic check,106.2,2096.17,Yes
CUST944,Male,0,Yes,No,32,Yes,DSL,Month-to-month,Bank transfer,26.02,772.9,No
CUST945,Male,0,Yes,No,26,Yes,DSL,Month-to-month,Mailed check,44.69,1169.78,No
CUST946,Male,1,Yes,No,39,Yes,DSL,One year,Credit card,39.71,1636.35,No
CUST947,Male,0,No,No,25,Yes,DSL,One year,Mailed check,82.37,2119.66,No
CUST948,Female,0,No,No,44,Yes,No,One year,Mailed check,64.63,2737.84,No
CUST949,Female,0,No,No,44,Yes,DSL,Month-to-month,Electronic check,77.14,3456.03,Yes
CUST950,Male,0,No,Yes,25,Yes,Fiber optic,Month-to-month,Mailed check,106.57,2736.78,Yes
CUST951,Male,0,No,No,69,No,DSL,One year,Mailed check,50.41,3527.14,No
CUST952,Female,0,No,Yes,66,Yes,No,Two year,Mailed check,72.82,5053.94,No
CUST953,Male,0,No,No,5,Yes,Fiber optic,Month-to-month,Credit card,29.86,,No
CUST954,Female,0,Yes,No,27,Yes,DSL,Month-to-month,Electronic check,104.91,2929.35,No
CUST955,Male,1,No,Yes,66,No,No,One year,Mailed check,102.89,6978.33,Yes
CUST956,Male,0,No,Yes,12,Yes,DSL,Month-to-month,Mailed check,80.86,1055.33,Yes
CUST957,Female,0,No,Yes,62,Yes,Fiber optic,Month-to-month,Electronic check,,4508.09,No
CUST958,Male,0,No,No,12,Yes,Fiber optic,Month-to-month,Bank transfer,54.73,781.03,No
CUST959,Female,0,No,No,0,Yes,DSL,Two year,Mailed check,28.13,-40.14,No
CUST960,Male,0,No,Yes,39,Yes,No,One year,Credit card,79.17,2989.37,No
CUST961,Male,0,No,No,36,Yes,No,Month-to-month,Credit card,92.69,3247.14,Yes
CUST962,Male,0,No,Yes,30,Yes,No,One year,Bank transfer,130.58,4040.53,No
CUST963,Female,1,Yes,No,16,Yes,No,Month-to-month,Mailed check,58.19,993.06,Yes
CUST964,Male,0,Yes,No,8,Yes,Fiber optic,Month-to-month,Electronic check,78.11,730.96,No
CUST965,Male,0,No,No,63,No,DSL,Month-to-month,Bank transfer,103.43,6578.6,No
CUST966,Male,0,No,Yes,56,Yes,Fiber optic,Month-to-month,Credit card,104.34,5861.92,No
CUST967,Male,0,Yes,No,12,Yes,DSL,Two year,Credit card,51.33,647.76,No
CUST968,Female,0,No,Yes,36,Yes,DSL,Month-to-month,Electronic check,61.63,2277.79,No
CUST969,Female,1,No,Yes,13,Yes,Fiber optic,Month-to-month,Bank transfer,54.25,645.0,No
CUST970,Male,1,Yes,Yes,24,Yes,No,Two year,Electronic check,42.94,901.53,No
CUST971,Female,1,No,Yes,56,Yes,DSL,Month-to-month,Bank transfer,114.15,6343.89,No
CUST972,Male,1,No,Yes,70,Yes,No,Month-to-month,Bank transfer,71.88,5086.01,No
CUST973,Male,0,No,Yes,41,Yes,Fiber optic,Month-to-month,Bank transfer,67.77,2713.79,No
CUST974,Male,0,Yes,Yes,41,Yes,DSL,Two year,Mailed check,77.43,3387.59,No
CUST975,Female,0,Yes,Yes,46,Yes,No,Month-to-month,Credit card,71.61,3338.19,No
CUST976,Female,0,No,Yes,43,No,No,Month-to-month,Credit card,63.37,2736.86,No
CUST977,Female,0,Yes,No,40,Yes,DSL,Month-to-month,Credit card,47.15,1825.37,Yes
CUST978,Female,0,Yes,Yes,2,Yes,DSL,Two year,Bank transfer,116.96,325.49,Yes
CUST979,Female,0,Yes,No,0,Yes,DSL,One year,Bank transfer,52.89,-121.19,No
CUST980,Female,0,No,Yes,10,Yes,No,Month-to-month,Mailed check,42.08,452.38,Yes
CUST981,Female,0,Yes,No,6,Yes,DSL,One year,Credit card,67.58,361.93,No
CUST982,Female,0,Yes,No,11,Yes,DSL,One year,Credit card,134.73,1494.12,No
CUST983,Female,0,Yes,No,37,Yes,Fiber optic,One year,Mailed check,45.35,1726.58,Yes
CUST984,Male,0,No,No,53,Yes,Fiber optic,One year,Credit card,91.29,4723.8,No
CUST985,Female,0,Yes,No,66,Yes,DSL,Month-to-month,Electronic check,62.61,3965.17,No
CUST986,Female,0,Yes,No,52,No,No,One year,Electronic check,77.34,3928.51,Yes
CUST987,Female,0,No,Yes,31,Yes,No,One year,Mailed check,97.67,3115.69,No
CUST988,Female,0,Yes,Yes,44,Yes,No,Month-to-month,Credit card,18.41,847.35,No
CUST989,Female,0,Yes,Yes,50,Yes,DSL,Month-to-month,Mailed check,43.11,,No
CUST990,Female,0,Yes,Yes,36,Yes,No,Month-to-month,Mailed check,97.24,3697.45,No
CUST991,Female,0,No,Yes,58,Yes,Fiber optic,One year,Mailed check,72.92,4357.87,Yes
CUST992,Female,0,No,Yes,53,Yes,DSL,One year,Credit card,76.36,4151.43,Yes
CUST993,Female,0,Yes,No,17,Yes,Fiber optic,Month-to-month,Mailed check,91.34,1480.36,No
CUST994,Female,0,Yes,Yes,0,Yes,DSL,One year,Credit card,43.31,103.23,No
CUST995,Female,0,Yes,No,20,Yes,Fiber optic,One year,Electronic check,101.65,2067.07,No
CUST996,Male,0,Yes,No,27,No,Fiber optic,Two year,Mailed check,94.59,2481.7,No
CUST997,Male,0,Yes,No,15,Yes,Fiber optic,Month-to-month,Mailed check,77.15,1146.84,No
CUST998,Female,0,Yes,No,47,Yes,DSL,Month-to-month,Credit card,84.04,3846.04,No
CUST999,Female,0,No,No,27,Yes,Fiber optic,One year,Electronic check,104.95,2762.3,No
CUST1000,Male,0,Yes,No,21,Yes,DSL,Month-to-month,Credit card,52.18,981.36,No
CUST1001,Female,0,Yes,Yes,0,Yes,No,Month-to-month,Bank transfer,89.84,95.66,No
CUST1002,Male,0,Yes,No,41,Yes,Fiber optic,Month-to-month,Credit card,122.33,5008.44,No
CUST1003,Male,0,No,No,69,Yes,DSL,One year,Electronic check,89.22,6062.02,No
CUST1004,Male,0,Yes,Yes,2,Yes,DSL,Month-to-month,Electronic check,63.33,178.4,No
CUST1005,Male,0,No,Yes,43,Yes,Fiber optic,Month-to-month,Mailed check,139.55,6000.8,No
CUST1006,Male,0,Yes,Yes,26,Yes,Fiber optic,Month-to-month,Credit card,76.92,2104.97,No
CUST1007,Female,0,Yes,Yes,50,Yes,Fiber optic,Month-to-month,Credit card,111.96,5611.33,Yes
CUST1008,Male,0,Yes,Yes,23,Yes,DSL,Two year,Bank transfer,57.35,1175.33,Yes
CUST1009,Female,0,Yes,Yes,19,Yes,Fiber optic,Month-to-month,Electronic check,102.03,1888.9,Yes
CUST1010,Female,1,Yes,Yes,31,Yes,DSL,Month-to-month,Credit card,53.61,1546.19,No
CUST1011,Male,0,Yes,No,12,Yes,Fiber optic,Month-to-month,Bank transfer,79.7,1012.7,Yes
CUST1012,Male,0,No,Yes,42,Yes,No,Month-to-month,Credit card,51.8,2284.05,No
CUST1013,Female,0,Yes,No,19,Yes,Fiber optic,Two year,Electronic check,127.03,2259.17,No
CUST1014,Male,0,Yes,Yes,1,Yes,DSL,Two year,Mailed check,63.37,50.92,Yes
CUST1015,Male,0,Yes,Yes,67,Yes,No,Month-to-month,Credit card,36.76,2578.2,No
CUST1016,Female,0,No,No,59,Yes,DSL,Month-to-month,Electronic check,72.85,4142.24,No
CUST1017,Female,0,Yes,Yes,3,Yes,Fiber optic,Month-to-month,Electronic check,86.11,214.83,No
CUST1018,Male,1,No,Yes,16,Yes,Fiber optic,Month-to-month,Electronic check,69.2,1107.18,No
CUST1019,Female,0,Yes,Yes,0,Yes,DSL,One year,Bank transfer,45.6,106.74,No
CUST1020,Male,0,Yes,Yes,32,Yes,DSL,Month-to-month,Bank transfer,101.12,3290.31,No
CUST1021,Male,1,No,Yes,29,Yes,DSL,One year,Mailed check,107.78,3200.52,No
CUST1022,Male,0,No,Yes,4,Yes,No,One year,Credit card,20.56,142.49,No
CUST1023,Female,1,Yes,Yes,11,Yes,No,Month-to-month,Bank transfer,43.69,443.28,No
CUST1024,Female,0,No,No,31,No,Fiber optic,One year,Bank transfer,65.22,2186.16,Yes
CUST1025,Female,0,No,Yes,37,Yes,DSL,One year,Bank transfer,54.07,1933.5,No
CUST1026,Female,0,Yes,No,16,Yes,No,Month-to-month,Credit card,85.78,1094.64,No
CUST1027,Female,0,Yes,No,57,Yes,Fiber optic,Two year,Mailed check,,6955.21,No
CUST1028,Male,1,Yes,No,39,No,Fiber optic,One year,Mailed check,58.57,2272.54,No
CUST1029,Male,0,No,No,23,Yes,Fiber optic,Month-to-month,Mailed check,117.3,2664.75,No
CUST1030,Male,0,Yes,No,11,No,DSL,Two year,Credit card,25.95,231.81,No
CUST1031,Male,0,Yes,No,18,Yes,Fiber optic,One year,Credit card,83.67,1521.08,No
CUST1032,Female,0,No,No,28,Yes,Fiber optic,Month-to-month,Mailed check,52.16,1580.52,No
CUST1033,Male,0,No,Yes,51,Yes,Fiber optic,Month-to-month,Electronic check,84.32,4345.72,No
CUST1034,Female,0,Yes,Yes,16,Yes,No,Two year,Credit card,17.3,341.66,No
CUST1035,Male,0,No,Yes,20,Yes,DSL,Month-to-month,Credit card,31.44,520.82,Yes
CUST1036,Female,0,No,No,59,Yes,Fiber optic,Month-to-month,Mailed check,84.26,4919.4,No
CUST1037,Female,0,No,Yes,19,Yes,DSL,Month-to-month,Mailed check,51.1,1040.94,No
CUST1038,Male,0,Yes,No,52,Yes,Fiber optic,Month-to-month,Electronic check,60.31,3146.92,Yes
CUST1039,Male,0,Yes,No,62,Yes,DSL,One year,Electronic check,125.09,7803.29,Yes
CUST1040,Male,0,Yes,Yes,56,Yes,DSL,Month-to-month,Bank transfer,74.13,4212.65,No
CUST1041,Male,0,No,No,28,Yes,No,Month-to-month,Bank transfer,97.05,2734.02,No
CUST1042,Female,0,Yes,No,0,Yes,DSL,Two year,Mailed check,47.22,158.19,No
CUST1043,Male,0,Yes,Yes,58,Yes,Fiber optic,One year,Bank transfer,29.76,1672.93,No
CUST1044,Male,0,No,No,63,Yes,No,Two year,Credit card,67.58,4175.63,No
CUST1045,Female,0,No,Yes,71,Yes,Fiber optic,Month-to-month,Electronic check,25.29,1619.09,Yes
CUST1046,Male,0,Yes,No,70,Yes,DSL,One year,Bank transfer,49.04,3507.66,Yes
CUST1047,Male,0,No,No,43,Yes,DSL,One year,Bank transfer,77.13,3259.58,No
CUST1048,Male,0,Yes,Yes,47,Yes,No,Month-to-month,Mailed check,66.66,3259.62,Yes
CUST1049,Male,0,Yes,Yes,14,Yes,DSL,One year,Electronic check,80.04,1145.36,No
CUST1050,Male,0,Yes,Yes,34,Yes,Fiber optic,Month-to-month,Electronic check,88.01,2958.46,No
CUST1051,Female,1,No,No,22,Yes,Fiber optic,Month-to-month,Bank transfer,34.13,,No
CUST1052,Male,0,No,No,52,Yes,Fiber optic,One year,Credit card,41.74,2255.13,Yes
CUST1053,Male,0,Yes,Yes,44,Yes,Fiber optic,Month-to-month,Credit card,4.64,198.77,No
CUST1054,Male,1,Yes,Yes,12,Yes,DSL,One year,Credit card,58.88,733.34,No
CUST1055,Male,0,Yes,Yes,33,No,Fiber optic,Month-to-month,Credit card,92.1,3099.74,No
CUST1056,Male,0,Yes,No,37,Yes,Fiber optic,One year,Credit card,114.74,4271.96,No
CUST1057,Female,0,No,No,69,Yes,DSL,Month-to-month,Bank transfer,75.71,5139.01,No
CUST1058,Male,0,Yes,Yes,67,Yes,DSL,Month-to-month,Credit card,111.2,7502.53,Yes
CUST1059,Female,1,Yes,Yes,4,Yes,Fiber optic,Month-to-month,Bank transfer,81.51,408.06,Yes
CUST1060,Female,1,No,Yes,39,Yes,Fiber optic,Month-to-month,Mailed check,73.22,2891.6,Yes
CUST1061,Male,0,Yes,No,69,Yes,Fiber optic,One year,Bank transfer,51.66,3627.77,No
CUST1062,Male,0,Yes,Yes,20,Yes,Fiber optic,One year,Credit card,1.55,103.55,Yes
CUST1063,Male,1,Yes,Yes,27,Yes,Fiber optic,Month-to-month,Bank transfer,106.7,2841.29,No
CUST1064,Male,0,Yes,Yes,2,Yes,No,Month-to-month,Credit card,68.4,93.44,No
CUST1065,Female,0,Yes,No,22,Yes,Fiber optic,Month-to-month,Mailed check,111.65,2678.98,No
CUST1066,Male,1,No,No,71,Yes,DSL,One year,Credit card,41.51,3079.79,No
CUST1067,Male,0,No,Yes,18,Yes,DSL,Month-to-month,Electronic check,142.86,2566.66,No
CUST1068,Male,0,No,No,49,Yes,Fiber optic,Month-to-month,Mailed check,62.54,3132.74,No
CUST1069,Male,0,No,Yes,57,Yes,No,Month-to-month,Bank transfer,49.23,2712.34,Yes
CUST1070,Male,1,Yes,Yes,19,Yes,DSL,Month-to-month,Bank transfer,63.56,1147.75,No
CUST1071,Male,0,No,Yes,71,Yes,Fiber optic,Month-to-month,Credit card,75.11,5208.12,No
CUST1072,Female,0,No,Yes,52,Yes,DSL,Month-to-month,Electronic check,,3559.37,Yes
CUST1073,Female,0,No,No,8,Yes,DSL,Month-to-month,Mailed check,54.54,466.06,No
CUST1074,Male,0,No,Yes,3,Yes,Fiber optic,Month-to-month,Bank transfer,15.9,156.08,No
CUST1075,Male,0,No,Yes,40,Yes,DSL,Month-to-month,Credit card,45.87,1813.6,No
CUST1076,Male,0,No,No,24,Yes,Fiber optic,Month-to-month,Electronic check,102.23,2560.18,Yes
CUST1077,Female,0,No,Yes,33,No,No,Month-to-month,Bank transfer,43.61,1504.42,No
CUST1078,Male,0,No,No,8,No,No,Month-to-month,Credit card,18.49,393.84,No
CUST1079,Female,1,Yes,Yes,12,Yes,DSL,One year,Credit card,38.34,626.79,No
CUST1080,Male,0,No,Yes,8,Yes,Fiber optic,Two year,Electronic check,67.34,687.94,No
CUST1081,Male,1,Yes,Yes,3,Yes,No,One year,Bank transfer,47.22,,Yes
CUST1082,Male,0,No,Yes,33,Yes,DSL,Month-to-month,Credit card,61.6,1943.38,Yes
CUST1083,Male,0,No,No,6,Yes,Fiber optic,One year,Bank transfer,46.05,305.58,Yes
CUST1084,Female,0,No,Yes,14,Yes,No,Month-to-month,Electronic check,100.29,1628.82,No
CUST1085,Female,0,Yes,No,37,Yes,DSL,Month-to-month,Electronic check,84.73,3185.71,No
CUST1086,Male,1,Yes,No,51,Yes,No,Month-to-month,Bank transfer,136.54,6881.36,No
CUST1087,Male,0,No,No,6,Yes,Fiber optic,Month-to-month,Electronic check,58.55,384.9,No
CUST1088,Female,0,Yes,Yes,44,Yes,DSL,Month-to-month,Credit card,61.45,2604.84,No
CUST1089,Female,0,No,No,58,Yes,Fiber optic,Month-to-month,Bank transfer,105.51,6033.96,No
CUST1090,Female,0,Yes,No,20,Yes,DSL,Month-to-month,Credit card,81.73,1675.89,Yes
CUST1091,Female,0,Yes,No,27,Yes,DSL,Two year,Bank transfer,41.75,1201.2,No
CUST1092,Male,0,Yes,Yes,2,Yes,Fiber optic,Two year,Mailed check,86.69,93.59,No
CUST1093,Female,0,No,Yes,13,Yes,Fiber optic,Two year,Credit card,81.9,1008.74,Yes
CUST1094,Male,0,Yes,No,1,No,Fiber optic,Month-to-month,Credit card,,-126.45,No
CUST1095,Female,0,Yes,No,28,Yes,DSL,Two year,Bank transfer,50.46,1399.95,Yes
CUST1096,Female,0,No,Yes,17,No,No,One year,Bank transfer,75.71,1092.47,No
CUST1097,Female,0,Yes,No,36,Yes,Fiber optic,Two year,Credit card,113.39,4052.13,No
CUST1098,Female,0,No,No,44,Yes,No,Month-to-month,Electronic check,90.94,4009.32,No
CUST1099,Female,0,No,No,44,Yes,No,One year,Credit card,53.08,2159.94,No
CUST1100,Male,0,Yes,Yes,23,Yes,DSL,Month-to-month,Mailed check,48.75,,Yes
CUST1101,Male,0,No,No,45,Yes,DSL,Month-to-month,Electronic check,93.93,4220.84,No
CUST1102,Female,0,Yes,No,11,Yes,No,Month-to-month,Electronic check,2.79,11.03,Yes
CUST1103,Female,1,Yes,Yes,52,No,Fiber optic,Two year,Bank transfer,45.77,2365.0,No
CUST1104,Male,0,No,No,44,Yes,DSL,Month-to-month,Bank transfer,112.28,4969.12,Yes
CUST1105,Female,0,Yes,Yes,31,Yes,Fiber optic,Month-to-month,Credit card,78.9,2278.73,No
CUST1106,Female,1,Yes,Yes,17,Yes,DSL,Two year,Credit card,47.24,873.95,Yes
CUST1107,Male,0,No,Yes,12,Yes,DSL,Month-to-month,Bank transfer,33.94,375.41,Yes
CUST1108,Female,0,No,No,3,Yes,Fiber optic,Two year,Credit card,95.19,225.95,No
CUST1109,Female,1,Yes,No,22,Yes,DSL,One year,Electronic check,72.33,,No
CUST1110,Male,0,No,No,61,Yes,No,Month-to-month,Credit card,63.44,3843.08,No
CUST1111,Male,0,No,No,53,Yes,No,Month-to-month,Electronic check,81.22,4355.86,Yes
CUST1112,Male,0,No,No,54,Yes,Fiber optic,Month-to-month,Bank transfer,74.94,4060.92,Yes
CUST1113,Female,0,No,No,68,Yes,DSL,Two year,Credit card,72.64,4956.6,Yes
CUST1114,Male,0,Yes,No,39,Yes,DSL,Two year,Electronic check,30.27,1146.63,No
CUST1115,Male,0,Yes,No,13,No,DSL,Month-to-month,Mailed check,39.21,503.68,Yes
CUST1116,Male,0,No,Yes,27,Yes,Fiber optic,Month-to-month,Mailed check,92.45,2385.4,No
CUST1117,Male,0,Yes,No,71,Yes,DSL,Month-to-month,Mailed check,86.77,6160.19,No
CUST1118,Male,1,No,No,70,Yes,Fiber optic,One year,Electronic check,81.46,5653.09,No
CUST1119,Male,0,No,Yes,66,Yes,Fiber optic,Month-to-month,Credit card,52.4,3345.92,No
CUST1120,Female,1,Yes,No,28,Yes,No,Month-to-month,Mailed check,92.96,2678.35,No
CUST1121,Female,1,Yes,Yes,60,Yes,No,One year,Bank transfer,58.88,3375.3,No
CUST1122,Male,0,Yes,No,67,Yes,Fiber optic,Month-to-month,Bank transfer,109.05,7358.78,No
CUST1123,Male,0,Yes,No,8,Yes,Fiber optic,Month-to-month,Bank transfer,47.6,439.51,No
CUST1124,Male,0,No,Yes,16,Yes,DSL,One year,Mailed check,54.24,815.12,No
CUST1125,Female,1,No,Yes,48,Yes,DSL,Month-to-month,Mailed check,65.46,3245.12,No
CUST1126,Female,0,Yes,No,62,Yes,No,Month-to-month,Credit card,95.42,5861.21,Yes
CUST1127,Female,0,No,Yes,45,Yes,Fiber optic,One year,Electronic check,68.95,3041.63,No
CUST1128,Female,0,Yes,No,12,Yes,DSL,Month-to-month,Bank transfer,71.13,733.52,No
CUST1129,Female,0,Yes,No,44,Yes,Fiber optic,One year,Credit card,58.25,,No
CUST1130,Female,0,Yes,No,52,Yes,No,Two year,Electronic check,78.04,3962.21,No
CUST1131,Female,0,No,No,16,Yes,DSL,One year,Mailed check,67.88,1006.92,No
CUST1132,Female,0,No,No,46,Yes,DSL,One year,Electronic check,46.47,2131.08,No
CUST1133,Female,0,Yes,No,61,No,No,One year,Bank transfer,73.82,4500.67,Yes
CUST1134,Male,1,Yes,Yes,49,Yes,Fiber optic,Month-to-month,Electronic check,74.52,3777.07,No
CUST1135,Male,0,Yes,Yes,42,Yes,Fiber optic,Month-to-month,Electronic check,140.49,5993.68,No
CUST1136,Male,1,Yes,Yes,67,Yes,DSL,Month-to-month,Mailed check,51.67,3516.99,Yes
CUST1137,Male,0,No,No,71,Yes,No,One year,Mailed check,44.82,3167.57,No
CUST1138,Female,0,No,Yes,27,Yes,No,Month-to-month,Credit card,78.37,2075.59,Yes
CUST1139,Female,0,Yes,No,44,Yes,Fiber optic,Month-to-month,Mailed check,40.21,1766.58,No
CUST1140,Male,0,Yes,Yes,40,Yes,DSL,One year,Mailed check,37.81,1456.77,No
CUST1141,Female,1,No,No,35,Yes,Fiber optic,Month-to-month,Bank transfer,26.89,871.06,No
CUST1142,Male,0,Yes,No,32,Yes,DSL,One year,Bank transfer,,1488.44,No
CUST1143,Female,1,No,No,24,Yes,DSL,Month-to-month,Electronic check,47.5,1052.16,No
CUST1144,Male,0,No,No,18,Yes,DSL,Month-to-month,Bank transfer,31.5,485.31,Yes
CUST1145,Female,0,Yes,No,46,Yes,DSL,Month-to-month,Credit card,62.49,2970.03,No
CUST1146,Female,0,No,Yes,32,Yes,No,Month-to-month,Credit card,0.98,-106.61,No
CUST1147,Male,0,No,No,66,No,DSL,Month-to-month,Electronic check,84.75,5489.52,No
CUST1148,Female,0,No,Yes,13,Yes,Fiber optic,Month-to-month,Credit card,53.3,820.23,No
CUST1149,Male,1,No,No,32,Yes,DSL,Month-to-month,Credit card,57.71,1807.51,Yes
CUST1150,Male,0,Yes,No,41,No,Fiber optic,One year,Mailed check,87.61,3729.61,No
CUST1151,Male,0,No,No,64,Yes,DSL,Month-to-month,Electronic check,81.15,,No
CUST1152,Male,0,No,Yes,46,Yes,Fiber optic,One year,Credit card,51.1,2357.98,No
CUST1153,Female,0,No,No,34,Yes,Fiber optic,One year,Electronic check,83.55,2917.88,No
CUST1154,Female,0,Yes,Yes,31,Yes,No,Month-to-month,Credit card,116.47,3519.97,No
CUST1155,Female,0,Yes,No,54,Yes,Fiber optic,Month-to-month,Bank transfer,39.63,2307.45,Yes
CUST1156,Male,0,Yes,Yes,53,Yes,DSL,Month-to-month,Electronic check,92.61,4869.3,No
CUST1157,Female,0,No,Yes,50,Yes,DSL,Two year,Bank transfer,36.61,1881.41,Yes
CUST1158,Male,0,Yes,Yes,58,Yes,Fiber optic,Two year,Electronic check,105.26,6037.27,No
CUST1159,Female,0,Yes,No,71,Yes,DSL,Month-to-month,Bank transfer,48.64,3602.6,No
CUST1160,Female,0,Yes,No,13,Yes,Fiber optic,Month-to-month,Mailed check,47.5,647.84,No
CUST1161,Female,0,No,Yes,17,Yes,No,Two year,Bank transfer,104.48,1985.89,No
CUST1162,Male,0,Yes,No,54,Yes,No,One year,Credit card,91.65,5067.01,Yes
CUST1163,Female,0,Yes,No,55,Yes,No,Month-to-month,Mailed check,49.63,2813.35,No
CUST1164,Female,0,Yes,No,48,Yes,No,Month-to-month,Bank transfer,73.82,3447.85,No
CUST1165,Male,0,No,Yes,59,Yes,Fiber optic,Month-to-month,Mailed check,48.7,2881.69,No
CUST1166,Female,0,No,Yes,52,Yes,Fiber optic,One year,Mailed check,22.22,,No
CUST1167,Male,0,Yes,No,70,Yes,DSL,One year,Credit card,75.68,5300.22,No
CUST1168,Female,0,Yes,Yes,5,Yes,No,Month-to-month,Bank transfer,59.31,311.32,No
CUST1169,Male,0,Yes,No,69,Yes,DSL,Month-to-month,Mailed check,41.62,2781.71,Yes
CUST1170,Male,0,No,No,7,No,Fiber optic,Two year,Credit card,109.14,748.32,No
CUST1171,Female,0,No,Yes,14,Yes,DSL,One year,Electronic check,42.64,587.32,No
CUST1172,Male,1,Yes,Yes,25,No,DSL,Month-to-month,Electronic check,74.32,1756.98,No
CUST1173,Male,0,No,No,38,Yes,Fiber optic,Month-to-month,Mailed check,102.4,3971.24,Yes
CUST1174,Male,0,Yes,No,2,No,DSL,Month-to-month,Mailed check,62.32,146.89,No
CUST1175,Male,0,No,No,56,Yes,Fiber optic,Month-to-month,Mailed check,47.97,2767.65,No
CUST1176,Male,1,Yes,Yes,9,No,Fiber optic,Month-to-month,Credit card,78.93,759.09,Yes
CUST1177,Male,0,No,Yes,2,Yes,Fiber optic,Month-to-month,Credit card,83.67,-4.02,No
CUST1178,Female,1,Yes,No,45,No,DSL,Two year,Bank transfer,96.3,4250.17,Yes
CUST1179,Male,0,No,No,21,Yes,Fiber optic,One year,Electronic check,126.14,2814.26,No
CUST1180,Male,0,Yes,Yes,66,Yes,No,Month-to-month,Mailed check,56.28,3792.99,Yes
CUST1181,Female,0,Yes,No,64,Yes,DSL,Two year,Mailed check,75.88,4694.16,Yes
CUST1182,Female,0,Yes,Yes,18,Yes,Fiber optic,One year,Credit card,31.92,621.56,No
CUST1183,Female,1,Yes,Yes,61,Yes,Fiber optic,Month-to-month,Credit card,89.99,5406.2,Yes
CUST1184,Female,0,No,No,56,No,No,Two year,Bank transfer,75.51,4018.91,No
CUST1185,Female,0,Yes,No,12,Yes,Fiber optic,Month-to-month,Electronic check,64.64,941.4,No
CUST1186,Female,0,No,Yes,15,Yes,DSL,One year,Mailed check,51.46,779.43,No
CUST1187,Female,0,No,No,15,Yes,No,Month-to-month,Credit card,59.55,914.95,Yes
CUST1188,Male,0,Yes,Yes,51,Yes,No,Month-to-month,Electronic check,77.09,3805.91,No
CUST1189,Male,0,Yes,Yes,40,Yes,Fiber optic,Month-to-month,Bank transfer,41.01,1525.09,No
CUST1190,Female,1,Yes,Yes,47,Yes,Fiber optic,Month-to-month,Electronic check,60.79,2697.97,No
CUST1191,Male,0,Yes,No,38,Yes,Fiber optic,Month-to-month,Mailed check,70.5,2820.7,Yes
CUST1192,Male,0,No,No,12,Yes,Fiber optic,Two year,Credit card,23.81,121.39,Yes
CUST1193,Male,0,No,No,3,Yes,Fiber optic,One year,Mailed check,38.46,277.06,No
CUST1194,Female,0,No,Yes,42,Yes,No,Month-to-month,Electronic check,50.2,2009.72,No
CUST1195,Female,0,No,Yes,45,Yes,No,Month-to-month,Credit card,117.05,5144.46,No
CUST1196,Male,1,Yes,Yes,46,Yes,Fiber optic,Two year,Bank transfer,45.08,2068.14,No
CUST1197,Female,0,No,Yes,52,Yes,No,Month-to-month,Bank transfer,68.33,3484.74,Yes
CUST1198,Male,0,Yes,No,24,Yes,DSL,Month-to-month,Credit card,38.78,940.45,No
CUST1199,Male,0,Yes,No,40,Yes,DSL,One year,Bank transfer,46.71,1780.68,No
CUST1200,Male,1,No,No,2,Yes,Fiber optic,Two year,Bank transfer,26.77,22.19,No
CUST1201,Male,0,No,Yes,12,Yes,Fiber optic,One year,Credit card,90.11,1005.48,No
CUST1202,Female,0,No,Yes,17,Yes,DSL,Month-to-month,Mailed check,30.23,600.03,Yes
CUST1203,Female,0,No,No,36,Yes,Fiber optic,Month-to-month,Electronic check,97.21,3550.82,Yes
CUST1204,Female,0,No,Yes,42,Yes,DSL,One year,Mailed check,84.04,3554.45,Yes
CUST1205,Male,0,No,No,33,Yes,Fiber optic,Two year,Electronic check,67.74,2340.77,No
CUST1206,Female,0,Yes,Yes,54,Yes,No,Two year,Electronic check,98.2,5329.12,No
CUST1207,Male,0,Yes,Yes,51,Yes,Fiber optic,Month-to-month,Credit card,163.1,8335.98,No
CUST1208,Female,0,Yes,Yes,35,Yes,DSL,One year,Bank transfer,84.33,2939.55,No
CUST1209,Male,0,No,Yes,53,Yes,No,Month-to-month,Bank transfer,36.4,1857.58,No
CUST1210,Male,0,Yes,Yes,58,Yes,Fiber optic,Month-to-month,Electronic check,114.67,6579.46,No
CUST1211,Male,0,Yes,No,51,Yes,No,Month-to-month,Electronic check,75.58,3869.29,No
CUST1212,Female,0,Yes,No,18,Yes,Fiber optic,Two year,Credit card,133.33,2501.73,Yes
CUST1213,Female,0,Yes,No,11,Yes,No,Month-to-month,Electronic check,54.82,660.06,No
CUST1214,Female,0,Yes,Yes,10,Yes,No,Month-to-month,Mailed check,108.46,1141.06,Yes
CUST1215,Female,0,Yes,No,47,Yes,Fiber optic,Two year,Electronic check,70.0,3179.38,No
CUST1216,Male,0,No,No,15,No,DSL,Month-to-month,Mailed check,149.7,2297.78,No
CUST1217,Female,0,No,Yes,70,Yes,Fiber optic,Month-to-month,Credit card,61.55,4268.58,No
CUST1218,Female,1,No,Yes,46,Yes,Fiber optic,One year,Electronic check,160.05,7379.87,No
CUST1219,Male,0,Yes,No,66,No,Fiber optic,One year,Bank transfer,83.19,5545.74,No
CUST1220,Male,1,No,No,30,Yes,DSL,Month-to-month,Credit card,95.41,2746.68,Yes
CUST1221,Male,0,No,No,7,Yes,Fiber optic,Two year,Electronic check,121.01,862.81,No
CUST1222,Female,0,Yes,No,60,Yes,Fiber optic,Month-to-month,Electronic check,46.37,2805.83,No
CUST1223,Male,0,No,No,43,Yes,No,Two year,Mailed check,99.07,4359.87,No
CUST1224,Male,0,Yes,Yes,49,No,Fiber optic,One year,Electronic check,61.22,2948.09,No
CUST1225,Male,0,No,No,34,Yes,DSL,Month-to-month,Mailed check,74.53,2527.9,Yes
CUST1226,Female,0,Yes,No,60,No,DSL,One year,Mailed check,72.49,4366.4,No
CUST1227,Male,1,Yes,No,54,Yes,DSL,Month-to-month,Bank transfer,87.17,4655.5,No
CUST1228,Female,0,No,No,65,Yes,DSL,Month-to-month,Bank transfer,85.91,5530.65,Yes
CUST1229,Female,0,Yes,No,13,Yes,DSL,Two year,Bank transfer,52.74,628.26,Yes
CUST1230,Male,0,No,No,3,No,Fiber optic,Month-to-month,Credit card,73.75,208.48,No
CUST1231,Male,0,Yes,Yes,16,Yes,No,Month-to-month,Bank transfer,0.03,175.19,No
CUST1232,Female,0,No,Yes,68,Yes,DSL,Month-to-month,Mailed check,99.71,6771.07,No
CUST1233,Male,0,No,Yes,23,Yes,Fiber optic,Month-to-month,Electronic check,120.82,2827.61,Yes
CUST1234,Male,1,Yes,No,48,Yes,Fiber optic,Two year,Mailed check,75.72,3637.72,No
CUST1235,Female,0,No,No,54,Yes,No,Two year,Bank transfer,21.82,1147.53,No
CUST1236,Female,0,No,Yes,70,Yes,No,Month-to-month,Electronic check,92.29,6457.88,No
CUST1237,Male,0,No,No,22,No,DSL,Month-to-month,Mailed check,47.09,1112.91,No
CUST1238,Female,0,Yes,No,11,Yes,DSL,Month-to-month,Electronic check,75.47,824.82,Yes
CUST1239,Male,0,Yes,No,10,Yes,DSL,Month-to-month,Mailed check,90.57,889.61,No
CUST1240,Male,0,No,Yes,28,Yes,Fiber optic,Month-to-month,Electronic check,86.39,2395.44,No
CUST1241,Male,0,No,Yes,61,Yes,Fiber optic,Month-to-month,Electronic check,102.43,6148.88,No
CUST1242,Female,0,Yes,Yes,52,Yes,DSL,Month-to-month,Bank transfer,74.39,3972.29,No
CUST1243,Male,0,Yes,No,47,Yes,No,One year,Credit card,75.2,3489.71,No
CUST1244,Male,1,No,Yes,65,Yes,Fiber optic,Two year,Bank transfer,92.1,6133.44,No
CUST1245,Male,0,Yes,Yes,47,Yes,No,One year,Electronic check,67.86,3213.89,No
CUST1246,Female,0,Yes,Yes,58,Yes,DSL,One year,Electronic check,49.36,3003.47,No
CUST1247,Female,0,No,No,70,Yes,DSL,Month-to-month,Bank transfer,83.56,5829.21,No
CUST1248,Female,0,Yes,Yes,56,Yes,DSL,Two year,Mailed check,36.13,1949.96,No
CUST1249,Female,0,Yes,Yes,2,Yes,DSL,Two year,Electronic check,67.57,239.46,No
CUST1250,Female,0,Yes,No,31,Yes,Fiber optic,Two year,Mailed check,28.67,832.67,No
CUST1251,Male,0,No,Yes,7,Yes,DSL,Month-to-month,Bank transfer,53.36,502.07,No
CUST1252,Female,0,Yes,No,29,Yes,Fiber optic,One year,Credit card,54.6,1641.27,No
CUST1253,Female,0,No,No,14,Yes,DSL,One year,Credit card,40.47,713.03,No
CUST1254,Female,0,Yes,Yes,54,No,DSL,Month-to-month,Electronic check,103.02,5465.43,No
CUST1255,Male,1,Yes,Yes,37,Yes,No,Two year,Mailed check,100.54,3815.63,Yes
CUST1256,Female,1,No,Yes,14,Yes,No,Month-to-month,Bank transfer,109.42,1457.61,Yes
CUST1257,Female,0,No,No,29,Yes,Fiber optic,Month-to-month,Electronic check,64.36,1626.8,No
CUST1258,Male,0,No,Yes,45,Yes,No,Month-to-month,Credit card,56.99,,No
CUST1259,Female,0,No,Yes,63,Yes,Fiber optic,Month-to-month,Credit card,94.11,5928.29,No
CUST1260,Male,1,Yes,Yes,25,No,Fiber optic,Two year,Mailed check,73.85,1942.49,No
CUST1261,Male,0,No,No,66,Yes,No,Month-to-month,Electronic check,73.71,4874.06,Yes
CUST1262,Male,1,No,No,35,Yes,DSL,Month-to-month,Mailed check,6.31,223.0,Yes
CUST1263,Male,0,No,No,30,Yes,DSL,One year,Mailed check,92.7,2930.77,No
CUST1264,Male,0,Yes,Yes,39,Yes,Fiber optic,Month-to-month,Electronic check,88.72,3471.91,No
CUST1265,Female,0,Yes,Yes,45,Yes,DSL,One year,Bank transfer,69.84,3095.25,Yes
CUST1266,Male,1,No,No,41,Yes,DSL,One year,Credit card,94.48,3864.84,No
CUST1267,Male,1,No,Yes,17,No,DSL,Month-to-month,Electronic check,88.05,1512.61,Yes
CUST1268,Female,0,No,Yes,35,Yes,Fiber optic,Two year,Credit card,49.1,1434.03,No
CUST1269,Male,0,No,No,49,Yes,Fiber optic,Month-to-month,Bank transfer,63.41,3156.2,No
CUST1270,Female,0,Yes,No,60,Yes,Fiber optic,One year,Credit card,39.77,2522.09,Yes
CUST1271,Female,0,No,No,39,Yes,No,Two year,Credit card,113.87,4436.03,No
CUST1272,Female,0,Yes,Yes,2,Yes,Fiber optic,One year,Mailed check,99.32,156.56,No
CUST1273,Male,0,No,Yes,6,Yes,Fiber optic,Month-to-month,Mailed check,45.58,312.26,No
CUST1274,Male,0,No,Yes,30,Yes,No,Month-to-month,Mailed check,88.57,2831.45,No
CUST1275,Male,0,Yes,No,64,Yes,No,One year,Bank transfer,78.36,5061.96,No
CUST1276,Female,0,No,No,63,Yes,Fiber optic,Two year,Mailed check,49.42,3134.9,No
CUST1277,Male,0,No,Yes,2,Yes,Fiber optic,Month-to-month,Credit card,,108.4,Yes
CUST1278,Male,0,No,No,34,Yes,Fiber optic,Month-to-month,Credit card,95.75,3148.55,No
CUST1279,Male,0,No,No,14,Yes,Fiber optic,Month-to-month,Credit card,98.2,1377.14,No
CUST1280,Female,0,Yes,Yes,20,Yes,DSL,One year,Electronic check,139.96,2803.36,No
CUST1281,Female,0,No,No,61,No,Fiber optic,Month-to-month,Credit card,72.83,4249.42,Yes
CUST1282,Male,0,No,Yes,27,Yes,DSL,Two year,Mailed check,62.87,1624.81,Yes
CUST1283,Male,0,Yes,No,3,No,DSL,Two year,Bank transfer,86.86,376.47,No
CUST1284,Male,0,No,Yes,12,Yes,Fiber optic,Month-to-month,Bank transfer,64.51,748.31,Yes
CUST1285,Male,0,Yes,No,50,Yes,No,Month-to-month,Credit card,52.45,2376.92,Yes
CUST1286,Female,0,No,Yes,47,Yes,DSL,One year,Credit card,42.23,2144.93,No
CUST1287,Female,1,No,No,38,Yes,DSL,Month-to-month,Electronic check,32.83,1158.39,No
CUST1288,Female,1,No,No,66,Yes,Fiber optic,Month-to-month,Credit card,92.05,6028.27,No
CUST1289,Female,0,Yes,No,57,Yes,Fiber optic,Month-to-month,Credit card,354.11098684210526,1295.25,No
CUST1290,Male,0,Yes,No,1,Yes,DSL,Month-to-month,Credit card,43.6,-30.61,Yes
CUST1291,Male,0,No,No,24,Yes,DSL,Month-to-month,Electronic check,78.77,1693.48,Yes
CUST1292,Male,1,Yes,Yes,10,Yes,Fiber optic,One year,Bank transfer,60.35,625.26,No
CUST1293,Female,0,No,Yes,0,Yes,No,One year,Credit card,134.48,79.68,No
CUST1294,Male,0,Yes,Yes,47,No,DSL,Two year,Bank transfer,354.11098684210526,1114.93,No
CUST1295,Female,0,No,No,47,Yes,DSL,Month-to-month,Electronic check,137.16,6434.24,No
CUST1296,Female,0,Yes,Yes,9,Yes,Fiber optic,Month-to-month,Electronic check,111.42,884.8,No
CUST1297,Male,0,No,No,29,Yes,DSL,Month-to-month,Credit card,97.27,2721.28,Yes
CUST1298,Male,0,Yes,No,34,Yes,DSL,Month-to-month,Electronic check,113.18,3815.95,Yes
CUST1299,Male,0,Yes,Yes,18,No,Fiber optic,Month-to-month,Electronic check,82.14,1543.38,No
CUST1300,Female,0,Yes,Yes,52,Yes,No,Month-to-month,Bank transfer,18.9,992.58,No
CUST1301,Male,0,Yes,No,33,Yes,DSL,Month-to-month,Mailed check,,2921.85,No
CUST1302,Female,0,No,No,31,Yes,Fiber optic,Month-to-month,Bank transfer,25.58,958.34,Yes
CUST1303,Male,1,No,Yes,5,No,DSL,Month-to-month,Credit card,54.15,359.41,Yes
CUST1304,Female,0,Yes,Yes,12,Yes,No,Month-to-month,Electronic check,67.66,652.92,Yes
CUST1305,Female,0,No,No,63,Yes,DSL,Month-to-month,Credit card,42.67,2659.83,No
CUST1306,Male,0,Yes,No,6,Yes,Fiber optic,Two year,Bank transfer,,677.98,No
CUST1307,Female,0,No,Yes,44,No,No,Month-to-month,Electronic check,63.59,2786.01,No
CUST1308,Female,1,Yes,No,44,No,No,Month-to-month,Credit card,82.28,3458.39,No
CUST1309,Male,0,No,No,64,Yes,Fiber optic,Month-to-month,Credit card,69.72,4406.88,Yes
CUST1310,Female,1,No,Yes,18,Yes,DSL,Month-to-month,Bank transfer,73.79,1100.97,No
CUST1311,Male,0,Yes,Yes,46,Yes,Fiber optic,Two year,Credit card,43.39,1968.19,Yes
CUST1312,Female,1,Yes,No,45,Yes,DSL,Month-to-month,Electronic check,34.78,1496.61,No
CUST1313,Male,0,Yes,No,28,Yes,Fiber optic,One year,Credit card,65.39,1794.86,No
CUST1314,Male,0,Yes,Yes,60,Yes,Fiber optic,Month-to-month,Electronic check,41.02,2579.35,No
CUST1315,Female,0,Yes,No,64,Yes,No,One year,Credit card,111.81,7022.7,No
CUST1316,Female,1,No,Yes,22,Yes,Fiber optic,Two year,Bank transfer,28.71,559.8,No
CUST1317,Female,1,Yes,No,50,Yes,Fiber optic,One year,Electronic check,140.11,6891.32,No
CUST1318,Female,0,No,Yes,62,Yes,No,Month-to-month,Credit card,79.06,5008.85,No
CUST1319,Female,1,Yes,No,21,Yes,No,One year,Mailed check,72.08,1626.8,Yes
CUST1320,Male,0,No,No,70,Yes,Fiber optic,Month-to-month,Electronic check,53.79,3801.31,No
CUST1321,Female,0,No,No,32,Yes,Fiber optic,Month-to-month,Electronic check,89.71,2901.55,Yes
CUST1322,Male,0,Yes,Yes,43,Yes,Fiber optic,One year,Electronic check,63.87,2626.38,No
CUST1323,Male,0,Yes,Yes,6,Yes,DSL,Two year,Mailed check,79.01,493.98,No
CUST1324,Female,0,No,Yes,1,No,DSL,Month-to-month,Bank transfer,95.25,-16.94,Yes
CUST1325,Male,0,No,No,16,Yes,Fiber optic,One year,Credit card,90.08,1445.4,No
CUST1326,Male,0,Yes,No,64,Yes,DSL,Month-to-month,Mailed check,107.2,6826.47,No
CUST1327,Male,0,No,Yes,57,Yes,Fiber optic,Month-to-month,Credit card,86.14,4850.56,Yes
CUST1328,Male,0,No,Yes,29,No,Fiber optic,Two year,Mailed check,41.46,,No
CUST1329,Female,0,No,No,25,Yes,Fiber optic,Month-to-month,Mailed check,7.61,257.98,No
CUST1330,Male,0,No,No,34,Yes,DSL,Month-to-month,Credit card,76.33,2772.77,No
CUST1331,Female,0,No,No,62,Yes,DSL,Month-to-month,Credit card,76.76,4814.22,Yes
CUST1332,Female,0,No,No,70,No,DSL,One year,Credit card,,9172.4,Yes
CUST1333,Male,0,Yes,Yes,27,Yes,DSL,Month-to-month,Bank transfer,66.52,1816.13,Yes
CUST1334,Female,0,Yes,Yes,24,Yes,No,Month-to-month,Electronic check,81.23,2127.91,No
CUST1335,Female,0,Yes,No,60,No,DSL,Month-to-month,Mailed check,93.32,5642.76,No
CUST1336,Female,0,Yes,No,30,Yes,DSL,Two year,Electronic check,85.4,2585.98,No
CUST1337,Male,0,No,No,53,Yes,DSL,One year,Credit card,95.32,5035.14,Yes
CUST1338,Female,0,Yes,Yes,66,Yes,Fiber optic,One year,Credit card,45.45,3029.61,Yes
CUST1339,Female,0,No,Yes,50,Yes,Fiber optic,One year,Mailed check,40.71,2078.66,No
CUST1340,Female,0,No,No,57,Yes,DSL,Month-to-month,Mailed check,61.58,3368.31,No
CUST1341,Male,1,Yes,No,33,Yes,No,Month-to-month,Mailed check,4.78,227.75,No
CUST1342,Female,1,Yes,No,58,Yes,No,Month-to-month,Mailed check,68.81,3842.58,No
CUST1343,Male,0,No,No,20,Yes,DSL,Month-to-month,Mailed check,50.21,1074.32,Yes
CUST1344,Male,0,Yes,No,55,Yes,Fiber optic,Month-to-month,Credit card,79.67,4441.75,Yes
CUST1345,Male,0,Yes,No,36,Yes,Fiber optic,One year,Mailed check,62.05,2375.92,Yes
CUST1346,Male,0,No,Yes,63,Yes,DSL,Month-to-month,Bank transfer,39.54,2404.81,No
CUST1347,Male,1,No,Yes,18,Yes,No,Month-to-month,Electronic check,109.33,1869.23,Yes
CUST1348,Male,0,No,Yes,52,Yes,DSL,Month-to-month,Electronic check,72.48,3879.69,No
CUST1349,Female,0,No,No,70,No,Fiber optic,Month-to-month,Bank transfer,95.89,6604.82,No
CUST1350,Male,0,No,No,62,Yes,Fiber optic,Month-to-month,Mailed check,75.51,4564.3,Yes
CUST1351,Female,1,No,No,61,Yes,Fiber optic,One year,Credit card,83.92,5139.98,No
CUST1352,Female,0,Yes,Yes,71,Yes,No,Month-to-month,Credit card,29.17,2066.4,No
CUST1353,Male,0,Yes,No,18,No,DSL,Month-to-month,Bank transfer,108.34,1965.66,No
CUST1354,Female,0,Yes,Yes,1,Yes,DSL,One year,Bank transfer,96.36,150.13,No
CUST1355,Female,0,No,No,5,Yes,Fiber optic,Month-to-month,Bank transfer,69.43,401.48,Yes
CUST1356,Female,0,No,No,28,Yes,DSL,One year,Electronic check,78.64,2194.13,No
CUST1357,Female,0,Yes,No,40,Yes,DSL,Month-to-month,Bank transfer,100.08,4008.02,Yes
CUST1358,Male,1,Yes,Yes,50,No,Fiber optic,One year,Credit card,58.84,2935.3,No
CUST1359,Female,1,Yes,Yes,4,Yes,DSL,Month-to-month,Mailed check,22.51,93.57,No
CUST1360,Male,1,No,Yes,40,Yes,DSL,One year,Credit card,59.4,2237.26,Yes
CUST1361,Female,0,Yes,No,61,Yes,DSL,Month-to-month,Bank transfer,74.57,4624.41,No
CUST1362,Female,0,Yes,Yes,29,Yes,DSL,Month-to-month,Credit card,69.03,2106.77,No
CUST1363,Male,0,Yes,No,61,Yes,Fiber optic,One year,Electronic check,109.53,6745.07,No
CUST1364,Female,0,No,No,26,No,DSL,Month-to-month,Credit card,41.2,1127.25,No
CUST1365,Female,0,Yes,Yes,49,Yes,No,Month-to-month,Electronic check,45.0,2105.94,No
CUST1366,Female,0,Yes,Yes,51,Yes,DSL,Month-to-month,Mailed check,,,No
CUST1367,Male,0,No,No,48,Yes,Fiber optic,Month-to-month,Bank transfer,82.86,4060.37,No
CUST1368,Female,0,No,No,61,Yes,No,One year,Mailed check,24.22,1480.28,No
CUST1369,Male,0,No,No,59,Yes,DSL,One year,Bank transfer,92.31,5463.24,No
CUST1370,Female,0,No,No,53,Yes,Fiber optic,Month-to-month,Mailed check,42.01,,No
CUST1371,Male,0,No,Yes,4,Yes,No,Month-to-month,Mailed check,46.81,212.95,No
CUST1372,Male,0,Yes,Yes,8,Yes,DSL,Two year,Mailed check,123.11,1049.53,No
CUST1373,Female,0,Yes,Yes,33,Yes,No,Month-to-month,Electronic check,106.98,3520.8,Yes
CUST1374,Female,0,No,No,35,No,DSL,One year,Electronic check,73.58,2384.79,No
CUST1375,Male,0,No,No,19,Yes,DSL,Month-to-month,Credit card,30.67,651.57,No
CUST1376,Male,0,No,No,62,Yes,Fiber optic,Two year,Credit card,130.43,8144.41,Yes
CUST1377,Female,0,No,Yes,66,Yes,DSL,Month-to-month,Credit card,64.11,4101.8,No
CUST1378,Male,0,Yes,No,29,Yes,Fiber optic,Month-to-month,Bank transfer,77.43,2128.87,No
CUST1379,Female,0,Yes,No,68,Yes,No,Month-to-month,Electronic check,97.36,6708.78,Yes
CUST1380,Female,0,No,Yes,69,No,No,One year,Mailed check,11.11,878.5,No
CUST1381,Female,0,No,Yes,2,Yes,Fiber optic,Month-to-month,Credit card,50.8,-164.76,No
CUST1382,Female,0,No,No,48,No,No,One year,Electronic check,67.96,3306.16,No
CUST1383,Male,0,No,Yes,41,Yes,Fiber optic,Month-to-month,Electronic check,73.92,3008.66,No
CUST1384,Female,0,Yes,No,23,Yes,DSL,Month-to-month,Bank transfer,30.89,717.89,Yes
CUST1385,Male,0,No,Yes,43,No,Fiber optic,One year,Mailed check,79.79,3444.1,No
CUST1386,Female,1,No,No,0,Yes,Fiber optic,Month-to-month,Electronic check,71.01,-76.21,No
CUST1387,Male,0,Yes,Yes,53,Yes,Fiber optic,Month-to-month,Electronic check,120.02,6426.33,No
CUST1388,Female,0,No,Yes,51,Yes,Fiber optic,Month-to-month,Credit card,100.01,5031.7,Yes
CUST1389,Male,0,Yes,Yes,35,Yes,Fiber optic,Two year,Bank transfer,61.92,2241.9,No
CUST1390,Male,0,No,Yes,37,Yes,Fiber optic,Month-to-month,Bank transfer,64.12,2469.34,No
CUST1391,Female,0,No,No,43,Yes,No,Month-to-month,Mailed check,100.43,4231.27,Yes
CUST1392,Female,0,Yes,No,46,Yes,Fiber optic,Month-to-month,Bank transfer,78.51,3526.69,Yes
CUST1393,Female,0,No,Yes,28,Yes,DSL,Month-to-month,Mailed check,28.87,819.73,No
CUST1394,Female,0,Yes,No,50,Yes,Fiber optic,Month-to-month,Mailed check,132.81,6790.87,Yes
CUST1395,Male,0,Yes,Yes,40,No,DSL,One year,Credit card,40.3,1552.73,No
CUST1396,Female,0,Yes,Yes,63,Yes,No,Month-to-month,Credit card,144.37,9054.99,No
CUST1397,Male,0,No,No,47,Yes,DSL,One year,Electronic check,82.84,3925.59,No
CUST1398,Male,0,No,No,21,Yes,DSL,Month-to-month,Credit card,50.94,1135.42,Yes
CUST1399,Female,0,Yes,No,16,Yes,DSL,Two year,Electronic check,1.01,68.86,Yes
CUST1400,Male,1,No,No,4,Yes,DSL,Two year,Electronic check,93.3,376.43,Yes
CUST1401,Male,0,No,No,60,Yes,Fiber optic,Month-to-month,Electronic check,23.49,1378.85,No
CUST1402,Male,0,No,No,5,Yes,DSL,Month-to-month,Electronic check,80.72,,Yes
CUST1403,Male,0,Yes,No,52,No,No,One year,Mailed check,128.01,6336.46,Yes
CUST1404,Female,0,Yes,Yes,16,Yes,Fiber optic,Month-to-month,Electronic check,35.87,760.85,No
CUST1405,Female,1,No,No,58,Yes,DSL,Month-to-month,Electronic check,92.14,5325.54,No
CUST1406,Female,0,Yes,Yes,38,Yes,Fiber optic,Two year,Electronic check,45.65,1752.93,No
CUST1407,Female,1,No,No,53,Yes,Fiber optic,Month-to-month,Mailed check,103.99,5721.41,No
CUST1408,Male,0,No,No,47,Yes,Fiber optic,Month-to-month,Bank transfer,71.97,3308.46,No
CUST1409,Male,0,No,Yes,36,Yes,Fiber optic,One year,Bank transfer,69.43,2732.69,No
CUST1410,Female,0,Yes,Yes,47,Yes,DSL,Month-to-month,Electronic check,106.22,5066.31,No
CUST1411,Female,1,Yes,Yes,67,Yes,Fiber optic,Month-to-month,Bank transfer,88.76,5991.57,No
CUST1412,Female,0,No,Yes,26,Yes,DSL,Month-to-month,Credit card,,1256.75,No
CUST1413,Male,0,Yes,No,26,Yes,Fiber optic,Month-to-month,Credit card,123.61,3129.71,No
CUST1414,Female,0,No,No,71,Yes,No,Two year,Credit card,23.93,1534.13,No
CUST1415,Female,0,Yes,Yes,62,Yes,DSL,Two year,Credit card,78.27,4734.69,No
CUST1416,Female,1,Yes,Yes,51,Yes,Fiber optic,Month-to-month,Mailed check,45.31,2419.55,No
CUST1417,Male,0,Yes,No,46,No,DSL,One year,Electronic check,25.38,1073.92,Yes
CUST1418,Male,0,No,No,20,No,DSL,Month-to-month,Mailed check,35.97,553.99,No
CUST1419,Male,0,No,Yes,56,Yes,Fiber optic,One year,Mailed check,68.52,3829.19,No
CUST1420,Male,0,No,No,41,Yes,Fiber optic,Month-to-month,Electronic check,80.49,3357.56,No
CUST1421,Male,1,Yes,No,47,Yes,Fiber optic,Month-to-month,Mailed check,101.77,4787.06,No
CUST1422,Male,0,No,Yes,26,Yes,DSL,Month-to-month,Electronic check,114.28,3031.92,No
CUST1423,Male,0,No,Yes,71,Yes,No,Month-to-month,Mailed check,78.33,5676.93,Yes
CUST1424,Male,1,No,Yes,32,Yes,DSL,Month-to-month,Bank transfer,56.7,1871.53,No
CUST1425,Female,0,No,Yes,34,Yes,DSL,Month-to-month,Bank transfer,101.17,3424.37,Yes
CUST1426,Female,0,Yes,No,15,Yes,No,Two year,Credit card,51.56,718.97,Yes
CUST1427,Male,0,Yes,Yes,35,Yes,No,Two year,Bank transfer,22.13,851.63,Yes
CUST1428,Male,0,No,No,65,Yes,Fiber optic,One year,Credit card,98.17,6408.58,No
CUST1429,Female,0,Yes,No,55,Yes,No,Month-to-month,Credit card,,5948.52,No
CUST1430,Male,1,Yes,No,16,Yes,DSL,Month-to-month,Credit card,45.35,855.82,No
CUST1431,Male,0,Yes,No,19,Yes,DSL,Month-to-month,Mailed check,128.82,2473.8,No
CUST1432,Male,0,Yes,Yes,7,Yes,No,Month-to-month,Electronic check,87.49,677.72,Yes
CUST1433,Female,1,Yes,No,17,Yes,No,Month-to-month,Bank transfer,83.02,1372.14,Yes
CUST1434,Female,0,No,Yes,17,Yes,DSL,Month-to-month,Electronic check,54.5,1039.57,Yes
CUST1435,Female,0,Yes,No,17,Yes,DSL,Month-to-month,Bank transfer,100.52,1550.3,No
CUST1436,Female,0,No,Yes,1,Yes,DSL,One year,Bank transfer,24.27,191.82,Yes
CUST1437,Female,1,No,No,71,Yes,DSL,One year,Mailed check,59.81,4052.63,Yes
CUST1438,Male,0,No,No,50,Yes,Fiber optic,Month-to-month,Bank transfer,48.01,2262.84,No
CUST1439,Female,0,Yes,Yes,9,Yes,Fiber optic,One year,Electronic check,,301.75,Yes
CUST1440,Male,0,Yes,Yes,13,Yes,Fiber optic,Month-to-month,Electronic check,95.89,1193.49,No
CUST1441,Male,0,Yes,Yes,25,Yes,Fiber optic,Month-to-month,Bank transfer,80.23,1972.92,No
CUST1442,Female,0,Yes,Yes,46,Yes,No,Month-to-month,Electronic check,94.14,4277.33,No
CUST1443,Female,0,No,No,29,Yes,DSL,One year,Credit card,61.65,1709.54,No
CUST1444,Male,0,No,No,55,Yes,Fiber optic,Month-to-month,Electronic check,99.55,5506.95,No
CUST1445,Male,0,No,No,41,Yes,No,Month-to-month,Credit card,72.31,2959.85,No
CUST1446,Male,1,Yes,No,3,Yes,DSL,Month-to-month,Credit card,55.84,256.0,No
CUST1447,Female,0,No,No,10,No,No,Month-to-month,Electronic check,50.83,,No
CUST1448,Female,0,No,Yes,23,No,Fiber optic,Month-to-month,Credit card,10.51,200.05,No
CUST1449,Female,0,No,Yes,66,Yes,DSL,One year,Electronic check,104.93,7002.83,Yes
CUST1450,Female,0,Yes,No,36,Yes,DSL,Month-to-month,Electronic check,101.53,3471.86,Yes
CUST1451,Female,0,No,Yes,1,Yes,Fiber optic,One year,Bank transfer,157.82,-100.35,No
CUST1452,Male,0,No,No,11,No,Fiber optic,Month-to-month,Electronic check,59.96,500.78,No
CUST1453,Female,0,Yes,No,20,Yes,Fiber optic,Month-to-month,Electronic check,50.0,965.65,No
CUST1454,Male,0,No,Yes,68,Yes,DSL,One year,Bank transfer,18.96,1328.43,Yes
CUST1455,Male,0,Yes,No,70,Yes,Fiber optic,Month-to-month,Mailed check,,6648.88,No
CUST1456,Male,0,No,Yes,63,Yes,DSL,Month-to-month,Electronic check,91.89,5787.91,No
CUST1457,Female,0,Yes,No,67,Yes,DSL,Month-to-month,Mailed check,116.55,7773.39,No
CUST1458,Female,0,Yes,Yes,42,Yes,DSL,One year,Mailed check,42.5,1798.7,Yes
CUST1459,Female,0,Yes,No,53,Yes,Fiber optic,One year,Bank transfer,91.49,4658.21,Yes
CUST1460,Male,0,No,No,61,Yes,DSL,Month-to-month,Mailed check,54.34,3576.27,Yes
CUST1461,Male,0,No,Yes,11,No,DSL,Month-to-month,Mailed check,110.31,1216.66,No
CUST1462,Male,0,Yes,No,0,Yes,DSL,One year,Credit card,86.09,-121.72,No
CUST1463,Male,0,Yes,No,71,Yes,DSL,Month-to-month,Mailed check,23.33,1669.37,Yes
CUST1464,Male,0,Yes,Yes,32,Yes,DSL,Month-to-month,Bank transfer,66.06,2263.4,No
CUST1465,Male,0,Yes,Yes,63,Yes,Fiber optic,One year,Electronic check,11.56,599.62,No
CUST1466,Female,0,Yes,Yes,67,Yes,Fiber optic,One year,Credit card,35.1,2202.22,Yes
CUST1467,Female,1,Yes,No,13,Yes,Fiber optic,Month-to-month,Bank transfer,36.92,468.16,No
CUST1468,Female,0,Yes,Yes,13,No,Fiber optic,One year,Bank transfer,50.77,656.74,Yes
CUST1469,Female,1,Yes,Yes,8,Yes,DSL,Month-to-month,Credit card,62.12,567.9,No
CUST1470,Male,0,Yes,Yes,25,Yes,No,One year,Credit card,74.94,2021.03,No
CUST1471,Male,0,Yes,No,48,Yes,DSL,Month-to-month,Bank transfer,73.44,3603.12,Yes
CUST1472,Female,1,Yes,Yes,16,Yes,Fiber optic,Month-to-month,Electronic check,69.28,969.71,No
CUST1473,Male,0,Yes,No,67,Yes,No,Month-to-month,Mailed check,79.97,5250.89,Yes
CUST1474,Female,0,No,No,59,Yes,Fiber optic,Month-to-month,Electronic check,32.51,1838.26,No
CUST1475,Female,0,Yes,Yes,2,Yes,DSL,Month-to-month,Mailed check,72.2,222.17,No
CUST1476,Female,0,No,No,24,Yes,DSL,One year,Electronic check,113.03,2773.39,No
CUST1477,Male,0,No,No,20,Yes,DSL,Month-to-month,Credit card,65.03,1426.75,No
CUST1478,Female,0,No,No,11,No,Fiber optic,One year,Credit card,84.84,989.05,Yes
CUST1479,Female,0,Yes,No,53,Yes,Fiber optic,Month-to-month,Credit card,82.05,4285.9,No
CUST1480,Female,0,No,No,0,Yes,Fiber optic,One year,Bank transfer,95.87,-19.68,Yes
CUST1481,Male,1,Yes,Yes,0,Yes,DSL,Month-to-month,Bank transfer,78.61,-146.14,No
CUST1482,Male,0,No,Yes,44,No,No,Month-to-month,Mailed check,95.36,4258.65,No
CUST1483,Female,0,Yes,Yes,45,Yes,Fiber optic,Month-to-month,Credit card,85.22,3772.29,No
CUST1484,Male,0,Yes,No,47,Yes,DSL,Month-to-month,Bank transfer,,4339.27,No
CUST1485,Male,0,No,Yes,6,Yes,DSL,Month-to-month,Bank transfer,83.26,559.59,No
CUST1486,Male,0,No,No,9,Yes,Fiber optic,Month-to-month,Credit card,39.8,552.0,Yes
CUST1487,Male,0,Yes,No,14,Yes,Fiber optic,Two year,Electronic check,34.88,530.3,No
CUST1488,Male,0,No,No,39,Yes,DSL,Two year,Credit card,59.4,2356.71,Yes
CUST1489,Male,0,Yes,No,10,Yes,DSL,One year,Mailed check,116.55,1147.25,Yes
CUST1490,Male,0,Yes,Yes,55,Yes,Fiber optic,Month-to-month,Credit card,64.85,3528.29,No
CUST1491,Male,1,Yes,No,45,Yes,DSL,One year,Electronic check,79.29,3542.18,No
CUST1492,Male,0,No,Yes,44,Yes,DSL,Month-to-month,Electronic check,10.98,583.03,No
CUST1493,Male,0,Yes,Yes,12,Yes,No,Month-to-month,Credit card,75.81,774.86,No
CUST1494,Female,0,Yes,No,26,Yes,Fiber optic,Month-to-month,Bank transfer,72.58,1893.41,No
CUST1495,Female,0,Yes,Yes,49,Yes,Fiber optic,Month-to-month,Electronic check,10.2,333.17,No
CUST1496,Male,1,Yes,Yes,60,Yes,Fiber optic,Month-to-month,Mailed check,78.73,4761.1,No
CUST1497,Female,0,No,Yes,12,Yes,Fiber optic,Month-to-month,Bank transfer,20.47,199.79,No
CUST1498,Female,0,No,No,11,Yes,Fiber optic,Month-to-month,Mailed check,48.24,581.0,No
CUST1499,Male,0,No,No,28,Yes,No,One year,Mailed check,99.83,2720.99,No
CUST1500,Male,0,No,No,19,Yes,DSL,Two year,Mailed check,,1393.98,Yes
CUST1501,Male,0,Yes,Yes,30,Yes,DSL,Month-to-month,Mailed check,56.55,1759.74,No
CUST1502,Female,0,Yes,Yes,7,No,DSL,Month-to-month,Electronic check,53.98,390.45,No
CUST1503,Female,1,Yes,No,23,Yes,Fiber optic,One year,Bank transfer,57.46,1475.86,No
CUST1504,Male,0,Yes,No,38,Yes,Fiber optic,Month-to-month,Credit card,74.83,2795.39,No
CUST1505,Male,1,Yes,Yes,32,Yes,DSL,Two year,Electronic check,33.98,1030.56,No
CUST1506,Male,0,Yes,No,41,Yes,DSL,Two year,Bank transfer,103.73,4376.61,No
CUST1507,Female,0,No,No,14,Yes,DSL,Month-to-month,Credit card,35.57,461.26,No
CUST1508,Female,0,Yes,Yes,67,Yes,DSL,Month-to-month,Credit card,18.19,1177.41,No
CUST1509,Female,0,Yes,Yes,64,Yes,No,Two year,Electronic check,99.73,6421.03,Yes
CUST1510,Female,0,Yes,No,31,Yes,Fiber optic,Two year,Bank transfer,56.89,1747.2,No
CUST1511,Male,0,No,No,10,Yes,DSL,Month-to-month,Mailed check,72.11,689.95,Yes
CUST1512,Male,0,Yes,No,36,Yes,DSL,Month-to-month,Mailed check,89.64,3157.74,No
CUST1513,Male,0,Yes,No,18,Yes,DSL,One year,Credit card,48.42,1007.79,Yes
CUST1514,Male,0,Yes,Yes,50,Yes,Fiber optic,Month-to-month,Electronic check,74.11,,No
CUST1515,Female,0,No,No,33,Yes,Fiber optic,Two year,Electronic check,89.45,2895.64,No
CUST1516,Female,0,Yes,No,70,Yes,No,One year,Mailed check,119.3,8321.31,No
CUST1517,Male,0,Yes,Yes,59,Yes,Fiber optic,One year,Electronic check,54.67,3261.02,No
CUST1518,Male,0,No,Yes,52,Yes,Fiber optic,Month-to-month,Electronic check,56.11,3063.85,No
CUST1519,Female,0,Yes,Yes,11,Yes,No,One year,Bank transfer,86.9,938.99,No
CUST1520,Male,1,No,Yes,61,Yes,Fiber optic,Month-to-month,Bank transfer,76.26,4565.58,No
CUST1521,Female,0,Yes,Yes,65,Yes,DSL,Month-to-month,Credit card,65.89,4474.74,No
CUST1522,Male,0,No,Yes,47,Yes,Fiber optic,Month-to-month,Bank transfer,117.78,5549.22,No
CUST1523,Male,1,Yes,Yes,39,Yes,Fiber optic,Month-to-month,Electronic check,19.53,751.08,No
CUST1524,Male,0,Yes,No,23,Yes,Fiber optic,One year,Mailed check,27.35,636.23,No
CUST1525,Male,1,No,No,49,Yes,DSL,Two year,Mailed check,19.87,849.08,No
CUST1526,Male,0,Yes,Yes,67,Yes,DSL,Month-to-month,Mailed check,106.05,7100.81,No
CUST1527,Male,0,Yes,No,42,Yes,DSL,Month-to-month,Credit card,85.44,3664.44,No
CUST1528,Male,0,No,No,16,Yes,DSL,Month-to-month,Mailed check,28.88,584.09,Yes
CUST1529,Female,0,Yes,Yes,54,Yes,No,Month-to-month,Bank transfer,66.31,3544.92,Yes
CUST1530,Female,0,No,Yes,33,Yes,Fiber optic,One year,Bank transfer,69.17,2301.41,No
CUST1531,Female,0,Yes,Yes,69,Yes,Fiber optic,Month-to-month,Electronic check,3.72,380.48,No
CUST1532,Female,0,No,Yes,59,Yes,Fiber optic,Two year,Credit card,75.65,4467.1,Yes
CUST1533,Female,0,Yes,Yes,50,Yes,Fiber optic,One year,Mailed check,34.67,1805.45,Yes
CUST1534,Male,0,Yes,No,34,Yes,No,Month-to-month,Electronic check,91.2,3143.23,No
CUST1535,Male,0,No,No,33,Yes,DSL,Month-to-month,Mailed check,35.59,1108.04,No
CUST1536,Female,0,Yes,Yes,15,Yes,Fiber optic,Month-to-month,Mailed check,76.57,,Yes
CUST1537,Male,0,No,Yes,17,Yes,DSL,Month-to-month,Electronic check,108.84,1956.21,Yes
CUST1538,Female,1,No,No,37,Yes,No,Month-to-month,Bank transfer,99.24,3404.42,No
CUST1539,Female,0,No,No,42,Yes,No,Month-to-month,Electronic check,85.21,3511.96,Yes
CUST1540,Male,1,Yes,No,31,No,No,Two year,Credit card,67.56,1954.83,Yes
CUST1541,Male,0,Yes,Yes,6,Yes,DSL,Month-to-month,Electronic check,25.0,256.08,No
CUST1542,Male,0,Yes,Yes,45,Yes,DSL,One year,Mailed check,56.83,2693.83,No
CUST1543,Female,0,No,No,60,Yes,DSL,Month-to-month,Bank transfer,63.22,3720.77,Yes
CUST1544,Male,0,No,Yes,17,Yes,Fiber optic,Month-to-month,Electronic check,61.07,1314.68,No
CUST1545,Female,0,No,No,70,Yes,Fiber optic,Month-to-month,Bank transfer,23.99,1817.02,No
CUST1546,Female,0,Yes,Yes,39,Yes,DSL,Month-to-month,Bank transfer,83.03,3257.89,Yes
CUST1547,Female,0,No,Yes,49,Yes,Fiber optic,Month-to-month,Bank transfer,34.57,1843.93,Yes
CUST1548,Male,0,Yes,No,4,Yes,DSL,One year,Bank transfer,116.38,401.35,No
CUST1549,Male,0,Yes,No,53,Yes,No,Month-to-month,Mailed check,74.44,3917.66,Yes
CUST1550,Female,0,Yes,Yes,57,Yes,DSL,One year,Mailed check,99.38,5710.98,No
CUST1551,Male,0,Yes,No,21,Yes,DSL,One year,Mailed check,98.76,2004.75,No
CUST1552,Male,0,Yes,Yes,37,Yes,Fiber optic,Two year,Mailed check,132.34,4768.15,Yes
CUST1553,Male,0,Yes,No,48,Yes,Fiber optic,One year,Mailed check,75.46,,No
CUST1554,Female,0,Yes,No,0,Yes,DSL,Month-to-month,Credit card,58.3,-19.67,No
CUST1555,Female,0,Yes,Yes,35,Yes,No,Two year,Credit card,58.88,2107.73,No
CUST1556,Male,0,No,Yes,27,Yes,Fiber optic,Two year,Electronic check,114.88,3067.97,No
CUST1557,Female,0,Yes,Yes,34,Yes,No,One year,Bank transfer,30.39,869.28,Yes
CUST1558,Male,0,Yes,No,59,Yes,No,Month-to-month,Credit card,43.66,2622.97,No
CUST1559,Male,0,No,No,61,Yes,Fiber optic,Month-to-month,Mailed check,77.11,,No
CUST1560,Male,0,No,Yes,45,No,No,One year,Bank transfer,65.42,2877.91,No
CUST1561,Male,1,No,No,60,Yes,No,Two year,Mailed check,99.03,6108.08,No
CUST1562,Female,1,No,Yes,64,Yes,No,One year,Mailed check,29.84,1996.65,No
CUST1563,Female,0,Yes,Yes,25,Yes,No,One year,Electronic check,67.99,1594.33,No
CUST1564,Female,0,No,Yes,34,Yes,No,Month-to-month,Bank transfer,64.39,2124.47,No
CUST1565,Male,0,No,Yes,56,Yes,Fiber optic,Month-to-month,Mailed check,37.83,2087.18,No
CUST1566,Male,0,No,Yes,62,No,DSL,One year,Mailed check,96.36,5955.79,Yes
CUST1567,Male,0,No,No,3,Yes,No,Month-to-month,Electronic check,67.25,-42.09,No
CUST1568,Female,0,Yes,No,41,Yes,Fiber optic,One year,Bank transfer,65.98,2629.86,Yes
CUST1569,Male,1,No,Yes,44,Yes,DSL,One year,Credit card,45.26,1936.08,Yes
CUST1570,Female,0,No,No,38,Yes,DSL,Month-to-month,Bank transfer,58.9,2427.26,No
CUST1571,Female,0,No,Yes,64,Yes,Fiber optic,Month-to-month,Mailed check,39.35,2541.09,No
CUST1572,Female,0,No,No,21,Yes,Fiber optic,One year,Credit card,95.91,1934.31,No
CUST1573,Female,0,Yes,No,10,Yes,DSL,Month-to-month,Electronic check,100.98,965.95,Yes
CUST1574,Female,0,No,Yes,36,Yes,DSL,Month-to-month,Electronic check,120.4,4376.91,No
CUST1575,Female,1,No,No,50,Yes,Fiber optic,One year,Mailed check,83.02,4113.2,No
CUST1576,Male,0,No,Yes,57,Yes,DSL,One year,Bank transfer,59.82,3351.21,No
CUST1577,Male,0,Yes,No,6,Yes,Fiber optic,Two year,Mailed check,55.93,280.26,No
CUST1578,Female,0,No,Yes,7,Yes,Fiber optic,Month-to-month,Bank transfer,84.72,641.01,No
CUST1579,Female,0,No,Yes,50,Yes,Fiber optic,Month-to-month,Electronic check,76.03,3663.33,No
CUST1580,Male,0,Yes,Yes,22,Yes,DSL,One year,Mailed check,64.77,1316.25,Yes
CUST1581,Female,0,No,Yes,8,Yes,DSL,Month-to-month,Mailed check,62.14,404.36,Yes
CUST1582,Female,0,Yes,Yes,45,Yes,Fiber optic,Month-to-month,Credit card,105.14,4620.89,No
CUST1583,Male,0,Yes,Yes,37,Yes,Fiber optic,Month-to-month,Mailed check,57.04,2028.12,No
CUST1584,Female,0,No,No,12,Yes,DSL,Month-to-month,Bank transfer,110.4,1414.49,No
CUST1585,Female,0,No,Yes,6,Yes,DSL,Month-to-month,Credit card,75.46,556.4,No
CUST1586,Female,0,Yes,No,10,Yes,No,Month-to-month,Bank transfer,58.96,616.77,No
CUST1587,Male,0,Yes,Yes,49,Yes,No,Month-to-month,Credit card,46.44,2297.04,No
CUST1588,Male,0,No,No,66,Yes,Fiber optic,Two year,Electronic check,65.36,4246.76,No
CUST1589,Male,0,Yes,Yes,40,Yes,DSL,Month-to-month,Bank transfer,85.1,3195.89,No
CUST1590,Female,0,Yes,Yes,28,Yes,DSL,Month-to-month,Bank transfer,58.69,1657.71,No
CUST1591,Female,0,No,No,36,Yes,DSL,Month-to-month,Mailed check,,3468.13,No
CUST1592,Male,0,Yes,Yes,55,Yes,DSL,Month-to-month,Electronic check,57.19,3078.08,No
CUST1593,Female,0,Yes,Yes,15,No,Fiber optic,Two year,Credit card,66.26,886.29,Yes
CUST1594,Female,0,Yes,Yes,43,Yes,Fiber optic,One year,Credit card,31.4,1222.86,Yes
CUST1595,Female,0,Yes,Yes,49,Yes,DSL,One year,Electronic check,86.78,4268.98,No
CUST1596,Female,0,Yes,No,70,Yes,No,Two year,Mailed check,61.98,4346.79,No
CUST1597,Female,0,Yes,Yes,5,Yes,Fiber optic,Two year,Bank transfer,117.37,706.31,Yes
CUST1598,Male,0,No,No,17,Yes,Fiber optic,Month-to-month,Bank transfer,91.14,1468.84,No
CUST1599,Female,0,Yes,Yes,18,Yes,No,Month-to-month,Mailed check,72.53,,No
CUST1600,Male,0,No,Yes,50,Yes,Fiber optic,Month-to-month,Credit card,106.76,5339.72,Yes
CUST1601,Female,0,No,Yes,65,Yes,No,Month-to-month,Mailed check,82.15,5284.76,Yes
CUST1602,Male,0,No,Yes,2,No,DSL,One year,Bank transfer,100.25,284.4,No
CUST1603,Female,0,No,No,53,Yes,DSL,Month-to-month,Electronic check,44.13,2462.7,No
CUST1604,Male,0,No,Yes,48,Yes,Fiber optic,One year,Credit card,83.84,3913.76,Yes
CUST1605,Female,0,No,Yes,27,Yes,Fiber optic,Month-to-month,Mailed check,85.08,2251.35,No
CUST1606,Male,0,No,Yes,37,Yes,DSL,Month-to-month,Bank transfer,23.66,1007.88,Yes
CUST1607,Female,0,No,No,27,Yes,Fiber optic,Month-to-month,Credit card,115.2,3142.72,No
CUST1608,Male,0,Yes,No,31,Yes,DSL,One year,Mailed check,35.19,1102.61,No
CUST1609,Female,0,No,No,40,Yes,Fiber optic,One year,Electronic check,31.03,1275.32,No
CUST1610,Male,1,No,No,35,Yes,Fiber optic,Two year,Credit card,15.46,606.69,No
CUST1611,Male,1,No,Yes,35,Yes,Fiber optic,One year,Electronic check,84.22,,No
CUST1612,Female,1,Yes,Yes,65,Yes,Fiber optic,Month-to-month,Bank transfer,20.71,1367.51,No
CUST1613,Female,0,No,No,9,Yes,No,Month-to-month,Credit card,54.49,491.37,No
CUST1614,Male,0,Yes,Yes,69,Yes,DSL,One year,Electronic check,95.14,6699.48,No
CUST1615,Female,0,No,Yes,71,Yes,No,One year,Mailed check,75.76,5352.33,No
CUST1616,Male,0,No,No,62,Yes,DSL,Month-to-month,Electronic check,51.29,3180.1,No
CUST1617,Male,0,Yes,Yes,21,Yes,Fiber optic,Month-to-month,Bank transfer,22.28,623.08,No
CUST1618,Male,0,No,No,19,Yes,Fiber optic,Month-to-month,Mailed check,66.77,1301.2,Yes
CUST1619,Female,0,Yes,No,32,Yes,No,Month-to-month,Electronic check,95.66,3054.46,No
CUST1620,Male,0,Yes,No,14,No,Fiber optic,Two year,Credit card,91.03,1337.49,No
CUST1621,Male,0,No,No,6,Yes,No,One year,Electronic check,123.6,764.33,Yes
CUST1622,Female,1,No,No,49,Yes,DSL,Month-to-month,Credit card,50.4,2395.69,No
CUST1623,Female,0,Yes,No,9,Yes,No,Month-to-month,Credit card,30.49,298.92,No
CUST1624,Female,0,Yes,Yes,36,Yes,DSL,One year,Electronic check,79.3,2773.92,No
CUST1625,Female,1,No,Yes,58,No,DSL,One year,Bank transfer,76.34,4610.4,No
CUST1626,Male,0,No,Yes,62,Yes,DSL,Month-to-month,Credit card,69.85,4354.58,No
CUST1627,Male,0,No,No,20,Yes,Fiber optic,One year,Bank transfer,47.61,858.38,No
CUST1628,Male,0,Yes,No,36,Yes,Fiber optic,One year,Credit card,9.6,306.34,No
CUST1629,Male,0,No,No,44,Yes,DSL,Month-to-month,Credit card,39.8,1827.16,No
CUST1630,Female,1,Yes,Yes,13,Yes,DSL,Two year,Electronic check,86.71,1018.12,No
CUST1631,Male,0,No,Yes,42,Yes,Fiber optic,Month-to-month,Credit card,78.52,3569.89,Yes
CUST1632,Male,0,Yes,No,32,Yes,No,Month-to-month,Mailed check,98.96,3021.19,No
CUST1633,Female,0,Yes,No,2,Yes,Fiber optic,Month-to-month,Electronic check,80.36,253.29,No
CUST1634,Male,0,No,No,43,No,Fiber optic,Month-to-month,Mailed check,92.08,3910.78,No
CUST1635,Male,1,Yes,No,34,Yes,Fiber optic,Month-to-month,Mailed check,92.94,3079.07,Yes
CUST1636,Male,0,Yes,No,24,Yes,Fiber optic,One year,Credit card,70.61,1748.41,No
CUST1637,Male,0,Yes,Yes,7,Yes,No,Month-to-month,Bank transfer,70.82,450.34,No
CUST1638,Male,0,Yes,No,61,Yes,Fiber optic,Two year,Electronic check,17.27,1212.63,No
CUST1639,Male,0,Yes,No,17,Yes,Fiber optic,One year,Bank transfer,50.3,714.97,No
CUST1640,Female,1,No,No,27,Yes,No,Month-to-month,Electronic check,51.6,1449.43,No
CUST1641,Female,0,No,No,11,Yes,No,Month-to-month,Mailed check,66.74,706.62,Yes
CUST1642,Male,0,Yes,Yes,63,Yes,DSL,Month-to-month,Credit card,42.09,2681.3,No
CUST1643,Male,0,No,No,1,Yes,Fiber optic,Month-to-month,Credit card,98.13,149.54,No
CUST1644,Female,0,Yes,No,58,No,Fiber optic,Month-to-month,Credit card,43.55,2352.74,No
CUST1645,Male,0,Yes,No,36,Yes,Fiber optic,Month-to-month,Bank transfer,103.07,3733.92,No
CUST1646,Male,1,No,Yes,3,No,Fiber optic,Month-to-month,Credit card,41.17,232.42,Yes
CUST1647,Male,0,Yes,No,40,No,Fiber optic,Month-to-month,Credit card,51.89,2122.24,No
CUST1648,Female,1,Yes,Yes,44,No,DSL,Month-to-month,Bank transfer,49.61,2145.96,No
CUST1649,Male,0,Yes,No,33,Yes,DSL,Two year,Bank transfer,55.11,1677.25,Yes
CUST1650,Female,0,No,No,12,Yes,No,Month-to-month,Credit card,105.36,1315.12,No
CUST1651,Male,0,No,No,6,No,Fiber optic,Month-to-month,Credit card,60.19,548.75,No
CUST1652,Female,0,Yes,No,31,Yes,No,Month-to-month,Mailed check,60.95,1955.64,Yes
CUST1653,Female,1,Yes,No,22,Yes,No,Month-to-month,Credit card,47.75,1166.27,No
CUST1654,Male,0,Yes,No,48,Yes,Fiber optic,One year,Bank transfer,62.21,3079.38,Yes
CUST1655,Female,0,Yes,No,71,Yes,No,Month-to-month,Electronic check,76.49,5391.48,No
CUST1656,Male,0,Yes,No,46,Yes,DSL,Month-to-month,Credit card,63.55,2932.35,No
CUST1657,Female,0,No,No,36,Yes,Fiber optic,Month-to-month,Electronic check,65.49,2444.49,No
CUST1658,Male,0,No,Yes,47,Yes,Fiber optic,Month-to-month,Credit card,,4564.59,No
CUST1659,Male,0,No,Yes,28,Yes,Fiber optic,Month-to-month,Credit card,78.21,2255.05,No
CUST1660,Female,0,No,Yes,36,Yes,DSL,Month-to-month,Mailed check,35.47,1402.81,No
CUST1661,Male,0,Yes,Yes,22,Yes,DSL,Month-to-month,Credit card,67.44,1478.54,Yes
CUST1662,Male,0,Yes,No,37,Yes,DSL,Month-to-month,Bank transfer,53.85,2073.85,Yes
CUST1663,Female,0,No,No,43,Yes,Fiber optic,Two year,Credit card,85.63,3626.65,No
CUST1664,Male,0,No,Yes,4,Yes,No,Month-to-month,Electronic check,73.09,296.18,No
CUST1665,Male,0,Yes,Yes,51,Yes,No,Month-to-month,Credit card,103.91,5272.1,No
CUST1666,Female,1,No,Yes,39,Yes,DSL,One year,Bank transfer,47.8,1910.18,No
CUST1667,Female,0,Yes,Yes,10,Yes,DSL,One year,Credit card,64.23,631.85,No
CUST1668,Male,0,Yes,No,1,Yes,DSL,One year,Electronic check,38.08,-129.54,No
CUST1669,Male,0,Yes,Yes,34,Yes,DSL,One year,Credit card,68.75,2265.69,No
CUST1670,Female,0,No,No,44,Yes,No,Month-to-month,Mailed check,23.9,1245.85,No
CUST1671,Female,0,No,No,48,No,No,Month-to-month,Credit card,79.64,3879.47,No
CUST1672,Male,0,No,No,34,Yes,DSL,One year,Electronic check,68.34,,No
CUST1673,Female,0,No,Yes,71,Yes,DSL,Two year,Electronic check,74.66,5421.64,Yes
CUST1674,Male,0,No,Yes,31,Yes,DSL,Month-to-month,Electronic check,93.64,2787.56,No
CUST1675,Male,0,Yes,No,67,Yes,DSL,Month-to-month,Mailed check,76.74,5230.92,Yes
CUST1676,Male,0,No,Yes,70,No,No,One year,Credit card,31.7,2348.22,No
CUST1677,Male,1,Yes,Yes,38,Yes,Fiber optic,Month-to-month,Electronic check,53.32,2036.33,Yes
CUST1678,Male,0,Yes,No,47,Yes,Fiber optic,Two year,Mailed check,67.59,3077.04,No
CUST1679,Female,0,Yes,No,36,Yes,Fiber optic,Month-to-month,Mailed check,60.16,2094.24,Yes
CUST1680,Female,1,No,Yes,59,Yes,DSL,One year,Electronic check,63.82,3828.31,No
CUST1681,Female,0,No,No,3,Yes,DSL,Month-to-month,Bank transfer,118.64,242.37,Yes
CUST1682,Female,0,No,Yes,22,Yes,DSL,Month-to-month,Credit card,,1548.03,No
CUST1683,Male,0,No,Yes,13,Yes,Fiber optic,Month-to-month,Electronic check,81.47,1110.4,No
CUST1684,Male,1,No,No,4,Yes,No,Month-to-month,Credit card,9.74,-26.16,No
CUST1685,Male,0,No,No,65,Yes,Fiber optic,Month-to-month,Mailed check,92.38,6146.78,Yes
CUST1686,Male,1,No,Yes,23,Yes,DSL,One year,Credit card,155.56,3474.07,Yes
CUST1687,Female,0,No,No,17,Yes,Fiber optic,Month-to-month,Bank transfer,110.37,1547.47,No
CUST1688,Male,0,Yes,Yes,26,Yes,DSL,Month-to-month,Credit card,56.79,1398.72,No
CUST1689,Male,1,No,No,23,Yes,DSL,Month-to-month,Electronic check,138.43,3214.9,No
CUST1690,Female,0,Yes,Yes,28,Yes,Fiber optic,One year,Electronic check,70.82,2069.29,Yes
CUST1691,Female,0,Yes,No,10,Yes,Fiber optic,Month-to-month,Electronic check,79.2,751.16,No
CUST1692,Female,0,Yes,Yes,17,Yes,No,Two year,Credit card,61.98,1025.94,No
CUST1693,Female,0,Yes,Yes,3,Yes,Fiber optic,One year,Electronic check,61.2,180.51,Yes
CUST1694,Male,1,No,No,32,Yes,DSL,One year,Credit card,2.56,256.11,No
CUST1695,Male,0,No,Yes,41,Yes,DSL,Month-to-month,Credit card,93.62,3876.3,No
CUST1696,Female,0,Yes,Yes,31,Yes,DSL,One year,Electronic check,61.09,1844.51,No
CUST1697,Male,0,Yes,Yes,50,Yes,DSL,Month-to-month,Bank transfer,64.36,3423.18,No
CUST1698,Male,0,Yes,Yes,3,Yes,DSL,Month-to-month,Electronic check,78.2,235.72,No
CUST1699,Male,0,No,Yes,19,Yes,Fiber optic,Month-to-month,Mailed check,57.56,886.11,Yes
CUST1700,Female,0,Yes,No,66,Yes,DSL,Month-to-month,Mailed check,77.91,5003.38,No
CUST1701,Male,0,Yes,Yes,67,Yes,No,Month-to-month,Bank transfer,106.09,7163.85,Yes
CUST1702,Female,1,No,Yes,61,Yes,Fiber optic,Month-to-month,Mailed check,82.14,4832.82,No
CUST1703,Male,0,Yes,Yes,57,Yes,DSL,Month-to-month,Bank transfer,65.4,3777.61,No
CUST1704,Male,0,No,No,46,Yes,Fiber optic,Month-to-month,Credit card,66.3,2971.8,No
CUST1705,Male,1,No,No,58,Yes,Fiber optic,One year,Mailed check,76.02,4526.93,Yes
CUST1706,Female,0,Yes,Yes,5,Yes,Fiber optic,Two year,Bank transfer,45.04,241.95,No
CUST1707,Male,0,Yes,Yes,39,Yes,DSL,One year,Electronic check,,2809.66,No
CUST1708,Female,0,Yes,No,22,Yes,No,Month-to-month,Mailed check,90.54,2083.3,Yes
CUST1709,Female,1,No,No,51,Yes,DSL,Month-to-month,Mailed check,72.63,3840.49,No
CUST1710,Female,0,No,Yes,3,Yes,No,Month-to-month,Bank transfer,,44.16,No
CUST1711,Male,1,No,No,36,Yes,DSL,Month-to-month,Credit card,61.39,2129.76,No
CUST1712,Male,0,Yes,Yes,41,No,Fiber optic,Two year,Bank transfer,89.57,3722.61,No
CUST1713,Male,0,Yes,Yes,43,Yes,Fiber optic,Month-to-month,Bank transfer,36.99,1658.74,No
CUST1714,Male,0,Yes,Yes,41,Yes,Fiber optic,One year,Mailed check,45.51,2101.23,Yes
CUST1715,Female,0,Yes,No,28,Yes,DSL,One year,Bank transfer,21.79,,Yes
CUST1716,Female,0,Yes,Yes,18,Yes,DSL,One year,Electronic check,71.02,1518.44,Yes
CUST1717,Female,0,Yes,Yes,31,Yes,Fiber optic,Two year,Bank transfer,95.86,2973.6,Yes
CUST1718,Male,0,No,No,43,Yes,No,Month-to-month,Electronic check,109.94,4765.78,Yes
CUST1719,Female,0,No,Yes,54,Yes,Fiber optic,Month-to-month,Electronic check,116.46,6232.03,No
CUST1720,Male,0,No,Yes,4,Yes,DSL,Two year,Bank transfer,49.29,144.9,No
CUST1721,Female,0,Yes,Yes,45,Yes,DSL,Month-to-month,Credit card,77.5,3502.21,No
CUST1722,Male,0,No,No,44,Yes,Fiber optic,Month-to-month,Electronic check,57.93,2490.67,No
CUST1723,Male,0,No,No,20,Yes,DSL,Month-to-month,Electronic check,119.43,2132.19,No
CUST1724,Female,0,No,Yes,21,Yes,DSL,One year,Electronic check,109.1,2224.42,Yes
CUST1725,Female,0,Yes,No,29,Yes,Fiber optic,Month-to-month,Credit card,75.04,2283.83,No
CUST1726,Female,0,Yes,Yes,22,Yes,Fiber optic,Two year,Bank transfer,51.42,1138.52,No
CUST1727,Female,0,No,Yes,4,Yes,DSL,Month-to-month,Credit card,33.44,141.6,Yes
CUST1728,Male,1,Yes,No,62,Yes,DSL,One year,Bank transfer,26.99,1597.04,No
CUST1729,Female,0,Yes,No,58,No,Fiber optic,One year,Electronic check,14.43,870.24,No
CUST1730,Female,0,Yes,Yes,51,Yes,DSL,Month-to-month,Mailed check,26.61,1522.98,No
CUST1731,Female,0,Yes,No,64,Yes,No,Month-to-month,Electronic check,126.37,8227.75,No
CUST1732,Male,0,No,No,38,Yes,DSL,Two year,Bank transfer,31.15,1220.29,No
CUST1733,Male,0,Yes,No,2,Yes,DSL,One year,Credit card,38.17,-9.03,No
CUST1734,Female,0,No,Yes,41,Yes,Fiber optic,One year,Electronic check,42.38,1914.3,Yes
CUST1735,Male,0,No,Yes,70,Yes,Fiber optic,Month-to-month,Electronic check,147.96,10463.12,Yes
CUST1736,Female,0,Yes,No,26,Yes,DSL,Month-to-month,Bank transfer,68.13,1623.3,No
CUST1737,Male,0,Yes,Yes,27,Yes,Fiber optic,Month-to-month,Bank transfer,99.83,2519.73,No
CUST1738,Male,0,Yes,Yes,53,Yes,DSL,Month-to-month,Mailed check,75.26,3846.24,No
CUST1739,Male,0,No,No,14,Yes,Fiber optic,One year,Electronic check,,,Yes
CUST1740,Male,0,No,Yes,52,Yes,DSL,Month-to-month,Electronic check,115.98,6121.14,No
CUST1741,Female,1,No,No,71,Yes,Fiber optic,One year,Electronic check,82.03,5911.93,Yes
CUST1742,Female,0,No,Yes,69,Yes,Fiber optic,Month-to-month,Mailed check,66.35,4612.22,No
CUST1743,Female,0,No,Yes,3,No,Fiber optic,Month-to-month,Mailed check,122.8,354.35,Yes
CUST1744,Male,1,No,No,16,Yes,Fiber optic,Two year,Electronic check,59.6,1190.73,Yes
CUST1745,Female,0,No,Yes,33,Yes,Fiber optic,Two year,Bank transfer,65.67,2170.51,No
CUST1746,Female,0,Yes,No,5,Yes,Fiber optic,Two year,Credit card,59.65,289.55,No
CUST1747,Female,0,No,Yes,35,Yes,DSL,One year,Electronic check,102.29,3529.39,No
CUST1748,Male,1,No,Yes,38,Yes,DSL,One year,Electronic check,94.41,3808.78,No
CUST1749,Male,0,No,Yes,65,Yes,Fiber optic,Two year,Electronic check,78.36,5165.49,No
CUST1750,Male,0,No,No,7,Yes,Fiber optic,One year,Bank transfer,38.45,165.7,Yes
CUST1751,Female,0,Yes,Yes,14,Yes,DSL,Two year,Mailed check,,709.16,No
CUST1752,Female,1,No,Yes,62,Yes,No,Month-to-month,Credit card,38.44,2215.28,Yes
CUST1753,Female,0,No,No,64,Yes,Fiber optic,Two year,Credit card,104.81,6698.16,No
CUST1754,Male,0,Yes,No,58,Yes,Fiber optic,Month-to-month,Mailed check,22.76,1170.23,No
CUST1755,Male,1,Yes,Yes,9,Yes,DSL,Month-to-month,Electronic check,117.83,943.71,No
CUST1756,Female,0,No,No,6,Yes,DSL,Month-to-month,Electronic check,108.63,758.61,No
CUST1757,Male,0,No,No,11,Yes,Fiber optic,Two year,Credit card,42.44,555.94,No
CUST1758,Male,0,No,No,45,Yes,DSL,Month-to-month,Credit card,57.51,2737.09,No
CUST1759,Male,0,No,No,31,Yes,Fiber optic,Two year,Electronic check,48.63,1360.5,No
CUST1760,Male,1,No,Yes,31,Yes,No,Month-to-month,Bank transfer,82.91,2469.98,No
CUST1761,Female,0,No,No,60,Yes,Fiber optic,Month-to-month,Electronic check,112.37,6679.34,No
CUST1762,Male,0,Yes,Yes,68,Yes,Fiber optic,Month-to-month,Bank transfer,105.57,7342.77,No
CUST1763,Male,0,Yes,Yes,60,Yes,Fiber optic,Month-to-month,Electronic check,57.01,3426.89,Yes
CUST1764,Male,0,No,Yes,45,Yes,DSL,One year,Credit card,107.64,5026.0,No
CUST1765,Male,1,No,No,67,Yes,No,One year,Electronic check,105.15,7107.79,Yes
CUST1766,Female,0,No,No,54,Yes,No,Month-to-month,Electronic check,64.33,3462.58,No
CUST1767,Female,0,Yes,Yes,0,Yes,Fiber optic,Month-to-month,Mailed check,69.72,57.38,No
CUST1768,Male,0,No,Yes,66,Yes,DSL,Month-to-month,Electronic check,116.25,7499.56,Yes
CUST1769,Male,1,Yes,No,48,Yes,DSL,Two year,Electronic check,101.75,4678.58,No
CUST1770,Male,0,Yes,No,24,Yes,DSL,Month-to-month,Electronic check,106.74,2587.69,No
CUST1771,Male,0,No,Yes,15,Yes,Fiber optic,Month-to-month,Credit card,147.56,2214.84,No
CUST1772,Male,0,Yes,No,12,Yes,DSL,Month-to-month,Electronic check,86.42,1230.4,No
CUST1773,Male,0,No,No,51,Yes,Fiber optic,One year,Bank transfer,79.77,3930.38,No
CUST1774,Female,0,Yes,Yes,35,No,Fiber optic,Month-to-month,Bank transfer,110.74,3913.15,No
CUST1775,Male,0,No,No,71,Yes,DSL,Month-to-month,Electronic check,129.63,9273.26,No
CUST1776,Female,0,No,No,43,Yes,Fiber optic,One year,Credit card,51.66,2255.66,No
CUST1777,Female,0,Yes,Yes,46,Yes,DSL,Two year,Bank transfer,63.94,,No
CUST1778,Male,0,Yes,No,19,Yes,No,One year,Electronic check,39.44,686.12,No
CUST1779,Female,1,Yes,Yes,17,Yes,DSL,Month-to-month,Electronic check,80.28,1447.98,No
CUST1780,Female,0,No,No,53,Yes,DSL,Month-to-month,Bank transfer,96.68,5180.19,No
CUST1781,Female,1,Yes,Yes,11,Yes,DSL,Two year,Credit card,41.53,573.42,No
CUST1782,Female,0,Yes,No,24,Yes,No,Month-to-month,Credit card,104.01,2445.12,No
CUST1783,Female,0,No,Yes,59,Yes,Fiber optic,Month-to-month,Bank transfer,56.4,3208.98,Yes
CUST1784,Female,1,No,No,33,Yes,Fiber optic,Month-to-month,Electronic check,53.96,1717.82,Yes
CUST1785,Male,0,Yes,No,12,Yes,DSL,Two year,Credit card,103.9,1140.49,Yes
CUST1786,Female,0,Yes,No,37,Yes,Fiber optic,One year,Mailed check,51.25,1839.75,No
CUST1787,Female,1,Yes,Yes,11,Yes,DSL,One year,Electronic check,27.9,273.47,No
CUST1788,Female,0,No,No,35,Yes,No,Month-to-month,Credit card,92.31,3139.71,Yes
CUST1789,Male,0,No,Yes,27,Yes,No,Month-to-month,Electronic check,66.05,1784.13,No
CUST1790,Female,0,Yes,No,38,Yes,Fiber optic,Month-to-month,Mailed check,105.94,3907.82,Yes
CUST1791,Male,0,No,No,42,Yes,No,Month-to-month,Bank transfer,94.99,3982.26,No
CUST1792,Female,0,Yes,No,30,Yes,DSL,Two year,Mailed check,17.55,476.98,No
CUST1793,Male,0,Yes,No,1,Yes,DSL,Month-to-month,Electronic check,109.47,97.35,No
CUST1794,Male,0,No,No,41,Yes,DSL,Month-to-month,Bank transfer,126.99,5245.93,No
CUST1795,Female,0,Yes,No,30,Yes,DSL,Two year,Mailed check,101.01,2988.48,Yes
CUST1796,Female,0,Yes,Yes,60,Yes,No,Month-to-month,Credit card,102.22,6055.4,No
CUST1797,Male,0,No,Yes,55,Yes,DSL,One year,Mailed check,62.57,3375.9,No
CUST1798,Female,0,Yes,No,13,Yes,No,One year,Electronic check,55.7,,No
CUST1799,Male,0,Yes,No,13,Yes,Fiber optic,Two year,Credit card,76.37,1120.44,No
CUST1800,Male,0,No,No,28,Yes,DSL,One year,Mailed check,97.6,2681.31,No
CUST1801,Male,0,Yes,No,49,Yes,DSL,One year,Electronic check,96.84,4729.71,No
CUST1802,Male,0,Yes,No,49,Yes,DSL,Month-to-month,Bank transfer,56.87,2616.19,Yes
CUST1803,Male,0,No,Yes,62,Yes,DSL,Month-to-month,Mailed check,53.83,3319.27,No
CUST1804,Female,1,No,No,64,Yes,Fiber optic,Two year,Bank transfer,25.3,1474.04,No
CUST1805,Male,0,No,No,67,Yes,Fiber optic,Month-to-month,Credit card,89.41,,No
CUST1806,Male,0,Yes,Yes,70,No,Fiber optic,One year,Bank transfer,58.31,4189.44,No
CUST1807,Female,0,No,Yes,10,Yes,Fiber optic,Month-to-month,Electronic check,60.97,459.51,No
CUST1808,Male,0,Yes,Yes,13,Yes,DSL,Month-to-month,Credit card,121.84,1493.72,No
CUST1809,Female,1,No,No,2,Yes,DSL,Month-to-month,Mailed check,87.95,86.19,Yes
CUST1810,Female,1,Yes,No,7,Yes,No,Month-to-month,Bank transfer,79.69,390.94,No
CUST1811,Female,0,Yes,No,42,Yes,DSL,Two year,Credit card,94.91,4072.49,No
CUST1812,Male,0,No,No,8,No,DSL,Two year,Credit card,112.62,928.68,No
CUST1813,Male,1,Yes,No,18,Yes,Fiber optic,Month-to-month,Mailed check,21.48,567.53,Yes
CUST1814,Male,1,Yes,Yes,11,Yes,No,One year,Mailed check,53.03,483.8,No
CUST1815,Female,0,No,No,26,Yes,No,Month-to-month,Mailed check,63.04,1461.82,No
CUST1816,Male,0,Yes,No,57,Yes,DSL,One year,Mailed check,40.65,2411.18,No
CUST1817,Female,0,Yes,No,24,No,Fiber optic,One year,Bank transfer,62.04,1452.88,No
CUST1818,Male,1,Yes,Yes,44,Yes,DSL,Month-to-month,Credit card,23.47,986.02,Yes
CUST1819,Female,0,No,No,47,Yes,No,Month-to-month,Mailed check,97.67,4738.29,No
CUST1820,Male,0,No,No,49,Yes,DSL,One year,Credit card,54.47,2686.01,Yes
CUST1821,Male,0,No,No,43,Yes,DSL,Two year,Credit card,76.03,3359.71,No
CUST1822,Male,0,No,No,58,Yes,No,One year,Electronic check,71.54,4087.06,No
CUST1823,Female,0,No,Yes,32,Yes,No,Two year,Electronic check,,2702.53,No
CUST1824,Female,1,No,Yes,27,Yes,Fiber optic,One year,Mailed check,3.83,66.87,No
CUST1825,Male,0,No,Yes,17,Yes,DSL,Month-to-month,Mailed check,83.51,1486.71,No
CUST1826,Male,0,No,No,54,Yes,Fiber optic,Two year,Electronic check,61.75,3339.59,Yes
CUST1827,Female,0,Yes,Yes,32,Yes,No,Month-to-month,Credit card,82.21,2677.52,No
CUST1828,Female,0,Yes,Yes,14,Yes,Fiber optic,Month-to-month,Mailed check,34.62,224.36,No
CUST1829,Female,0,Yes,No,60,Yes,DSL,One year,Bank transfer,82.41,4756.4,Yes
CUST1830,Male,0,Yes,No,10,Yes,DSL,Month-to-month,Mailed check,108.96,874.23,No
CUST1831,Female,0,No,Yes,35,Yes,No,Month-to-month,Mailed check,75.69,2611.22,No
CUST1832,Male,0,Yes,Yes,14,Yes,Fiber optic,One year,Bank transfer,48.48,538.95,Yes
CUST1833,Female,0,Yes,Yes,52,No,Fiber optic,Month-to-month,Mailed check,49.79,2758.05,No
CUST1834,Male,0,Yes,Yes,61,Yes,DSL,Two year,Credit card,87.29,5322.55,No
CUST1835,Female,1,Yes,No,47,Yes,Fiber optic,Two year,Bank transfer,87.09,4114.9,Yes
CUST1836,Female,1,Yes,No,14,Yes,No,Month-to-month,Bank transfer,80.7,1020.82,No
CUST1837,Female,0,No,Yes,62,Yes,DSL,Month-to-month,Electronic check,68.87,4157.84,Yes
CUST1838,Female,0,No,Yes,42,Yes,Fiber optic,One year,Credit card,76.09,3350.9,Yes
CUST1839,Female,1,Yes,Yes,49,Yes,DSL,Month-to-month,Electronic check,68.05,3512.69,No
CUST1840,Male,0,Yes,No,59,Yes,DSL,Month-to-month,Credit card,58.57,3497.21,No
CUST1841,Female,0,Yes,No,58,Yes,Fiber optic,One year,Mailed check,,5174.59,Yes
CUST1842,Female,1,Yes,No,14,Yes,No,One year,Electronic check,79.3,1067.65,No
CUST1843,Female,0,No,Yes,28,Yes,Fiber optic,Month-to-month,Mailed check,108.72,3075.49,No
CUST1844,Male,0,Yes,No,39,Yes,DSL,One year,Mailed check,103.51,4014.09,Yes
CUST1845,Female,1,No,Yes,30,Yes,DSL,One year,Electronic check,78.32,2137.58,No
CUST1846,Male,0,Yes,Yes,10,Yes,No,Month-to-month,Electronic check,87.86,1063.55,No
CUST1847,Female,0,No,No,61,Yes,DSL,One year,Mailed check,41.28,2434.53,Yes
CUST1848,Female,0,No,Yes,7,Yes,No,Month-to-month,Mailed check,67.67,339.58,No
CUST1849,Male,0,No,No,50,Yes,DSL,Month-to-month,Credit card,80.28,4010.91,Yes
CUST1850,Female,0,Yes,No,56,Yes,No,One year,Mailed check,22.52,1379.55,No
CUST1851,Male,0,Yes,Yes,3,Yes,No,Two year,Bank transfer,82.88,299.94,No
CUST1852,Male,1,No,Yes,35,Yes,DSL,Month-to-month,Mailed check,41.22,1311.14,No
CUST1853,Female,0,Yes,No,18,Yes,Fiber optic,Two year,Mailed check,44.51,653.12,No
CUST1854,Male,0,Yes,No,23,Yes,DSL,Month-to-month,Mailed check,54.12,1025.6,No
CUST1855,Female,0,No,No,40,Yes,DSL,Month-to-month,Electronic check,69.08,2734.04,Yes
CUST1856,Female,0,Yes,No,48,Yes,Fiber optic,Month-to-month,Electronic check,30.16,1400.37,No
CUST1857,Male,0,No,No,45,Yes,Fiber optic,Month-to-month,Bank transfer,95.7,4357.89,No
CUST1858,Male,1,Yes,No,35,Yes,DSL,Month-to-month,Mailed check,75.32,2567.65,No
CUST1859,Male,1,Yes,No,9,Yes,Fiber optic,Two year,Credit card,127.75,1247.12,No
CUST1860,Male,0,No,Yes,6,Yes,DSL,Month-to-month,Credit card,79.0,539.47,Yes
CUST1861,Female,0,No,No,11,Yes,DSL,Month-to-month,Mailed check,87.12,885.43,No
CUST1862,Female,0,No,Yes,47,No,Fiber optic,One year,Mailed check,44.38,2124.98,No
CUST1863,Male,0,No,Yes,36,Yes,Fiber optic,Month-to-month,Mailed check,34.55,1376.7,No
CUST1864,Female,0,Yes,No,35,No,Fiber optic,One year,Mailed check,88.57,3003.88,Yes
CUST1865,Female,0,Yes,No,59,Yes,Fiber optic,Month-to-month,Mailed check,37.2,2173.47,No
CUST1866,Female,1,Yes,No,7,Yes,No,Month-to-month,Electronic check,89.26,601.54,No
CUST1867,Female,0,No,No,6,Yes,Fiber optic,One year,Bank transfer,121.2,691.43,No
CUST1868,Male,0,Yes,No,42,Yes,DSL,Month-to-month,Electronic check,98.37,4211.73,Yes
CUST1869,Male,0,Yes,Yes,57,Yes,Fiber optic,Month-to-month,Credit card,87.11,5053.38,No
CUST1870,Female,0,Yes,Yes,45,Yes,Fiber optic,Month-to-month,Electronic check,78.08,3554.27,Yes
CUST1871,Male,0,No,No,33,Yes,Fiber optic,Month-to-month,Electronic check,58.48,1965.73,Yes
CUST1872,Male,0,No,No,71,No,Fiber optic,One year,Bank transfer,66.56,4669.54,No
CUST1873,Male,0,Yes,No,21,No,DSL,Month-to-month,Credit card,53.04,1146.89,No
CUST1874,Female,0,Yes,No,20,Yes,DSL,Month-to-month,Credit card,30.54,482.28,Yes
CUST1875,Female,0,No,Yes,14,Yes,Fiber optic,Month-to-month,Mailed check,71.06,1242.69,No
CUST1876,Female,0,No,Yes,4,Yes,DSL,Month-to-month,Bank transfer,103.24,547.99,No
CUST1877,Male,0,No,Yes,16,Yes,Fiber optic,Two year,Electronic check,31.34,597.09,Yes
CUST1878,Female,0,No,No,71,Yes,Fiber optic,Two year,Electronic check,111.95,7989.28,No
CUST1879,Female,0,Yes,No,18,Yes,Fiber optic,Month-to-month,Electronic check,106.52,1958.28,No
CUST1880,Male,0,No,No,4,Yes,Fiber optic,Month-to-month,Credit card,81.91,158.63,No
CUST1881,Female,0,Yes,Yes,22,Yes,DSL,Month-to-month,Credit card,82.15,1681.44,No
CUST1882,Female,0,No,Yes,13,Yes,No,Month-to-month,Electronic check,64.41,723.93,No
CUST1883,Male,0,Yes,Yes,9,No,Fiber optic,Month-to-month,Credit card,71.26,647.18,No
CUST1884,Male,0,Yes,No,30,Yes,Fiber optic,Month-to-month,Mailed check,56.09,1654.55,No
CUST1885,Male,0,No,Yes,12,Yes,DSL,One year,Electronic check,70.95,932.53,No
CUST1886,Female,0,Yes,No,21,Yes,DSL,Month-to-month,Electronic check,74.19,1461.44,No
CUST1887,Female,0,Yes,Yes,36,Yes,Fiber optic,Two year,Mailed check,126.44,4654.5,No
CUST1888,Female,1,Yes,No,38,Yes,DSL,Month-to-month,Credit card,86.97,3222.82,No
CUST1889,Male,0,No,No,9,Yes,DSL,One year,Electronic check,63.72,531.68,No
CUST1890,Male,1,No,No,30,Yes,DSL,Two year,Mailed check,67.03,2100.44,No
CUST1891,Female,0,No,No,42,No,Fiber optic,Month-to-month,Bank transfer,48.6,2091.67,Yes
CUST1892,Female,0,Yes,Yes,35,Yes,Fiber optic,Two year,Mailed check,53.55,1749.1,No
CUST1893,Male,1,Yes,Yes,34,Yes,Fiber optic,Month-to-month,Electronic check,,3415.29,Yes
CUST1894,Male,0,Yes,Yes,67,Yes,No,Two year,Mailed check,55.18,3705.96,No
CUST1895,Male,0,Yes,No,54,Yes,DSL,Two year,Credit card,51.47,2565.16,No
CUST1896,Male,0,No,Yes,67,Yes,Fiber optic,Month-to-month,Electronic check,52.22,3414.47,No
CUST1897,Female,0,Yes,No,46,Yes,DSL,One year,Electronic check,48.12,2172.56,Yes
CUST1898,Male,0,Yes,Yes,5,Yes,Fiber optic,Month-to-month,Credit card,103.82,402.17,No
CUST1899,Female,0,Yes,Yes,27,Yes,Fiber optic,Month-to-month,Credit card,74.28,2139.83,No
CUST1900,Female,1,No,No,29,Yes,DSL,Month-to-month,Credit card,61.53,1746.89,No
CUST1901,Female,0,Yes,No,26,Yes,DSL,Month-to-month,Bank transfer,70.88,1888.9,No
CUST1902,Male,1,No,No,68,Yes,No,One year,Electronic check,,5224.02,No
CUST1903,Male,1,No,Yes,38,Yes,DSL,Month-to-month,Electronic check,47.58,1878.61,Yes
CUST1904,Male,0,Yes,No,34,Yes,Fiber optic,One year,Electronic check,28.31,1129.85,No
CUST1905,Male,0,Yes,Yes,43,Yes,No,Month-to-month,Mailed check,110.16,4804.45,Yes
CUST1906,Female,1,Yes,Yes,14,No,Fiber optic,Two year,Electronic check,99.64,1569.22,No
CUST1907,Male,1,Yes,Yes,31,Yes,Fiber optic,Month-to-month,Electronic check,81.33,2591.46,No
CUST1908,Male,0,No,No,28,Yes,No,Month-to-month,Credit card,97.58,2745.39,Yes
CUST1909,Female,0,No,Yes,62,Yes,DSL,One year,Credit card,127.43,7932.81,No
CUST1910,Male,0,No,No,5,Yes,DSL,Two year,Credit card,53.94,7.16,Yes
CUST1911,Female,0,No,No,26,Yes,Fiber optic,One year,Electronic check,36.4,900.88,No
CUST1912,Female,0,No,Yes,27,Yes,Fiber optic,Month-to-month,Credit card,89.85,2411.59,Yes
CUST1913,Female,0,No,Yes,4,Yes,DSL,Month-to-month,Bank transfer,26.0,147.81,No
CUST1914,Female,0,No,Yes,40,Yes,DSL,Month-to-month,Credit card,71.14,2843.05,No
CUST1915,Female,0,No,Yes,55,Yes,DSL,Month-to-month,Bank transfer,61.05,3391.14,No
CUST1916,Female,0,No,No,53,Yes,No,Month-to-month,Mailed check,90.22,4649.34,No
CUST1917,Female,0,No,No,17,Yes,Fiber optic,Month-to-month,Bank transfer,55.53,785.88,No
CUST1918,Female,0,Yes,No,42,Yes,No,Month-to-month,Bank transfer,105.99,4333.27,No
CUST1919,Male,0,Yes,No,28,No,No,One year,Mailed check,47.59,1489.64,No
CUST1920,Male,0,Yes,No,9,Yes,Fiber optic,One year,Bank transfer,91.17,693.74,No
CUST1921,Male,0,No,No,5,Yes,Fiber optic,Month-to-month,Electronic check,50.01,171.19,No
CUST1922,Male,0,Yes,No,3,Yes,DSL,Month-to-month,Electronic check,86.45,269.87,No
CUST1923,Female,1,No,No,33,Yes,DSL,Month-to-month,Credit card,39.56,1146.32,No
CUST1924,Male,0,No,No,32,Yes,Fiber optic,Month-to-month,Credit card,69.28,2129.73,No
CUST1925,Female,0,Yes,Yes,3,Yes,DSL,One year,Credit card,109.66,396.66,No
CUST1926,Male,0,No,Yes,43,Yes,DSL,One year,Credit card,73.45,3114.55,No
CUST1927,Male,1,Yes,No,30,Yes,Fiber optic,One year,Electronic check,105.49,3333.05,No
CUST1928,Male,0,No,No,65,Yes,Fiber optic,Month-to-month,Credit card,69.21,4328.79,Yes
CUST1929,Female,0,No,Yes,57,Yes,Fiber optic,Two year,Bank transfer,54.85,3091.89,No
CUST1930,Male,0,Yes,Yes,59,Yes,DSL,Month-to-month,Mailed check,75.16,4390.66,Yes
CUST1931,Female,0,Yes,Yes,1,Yes,DSL,Two year,Bank transfer,88.55,87.66,No
CUST1932,Female,0,Yes,No,35,Yes,Fiber optic,Month-to-month,Mailed check,12.83,326.37,No
CUST1933,Male,0,Yes,Yes,69,Yes,No,Month-to-month,Electronic check,85.67,5853.18,No
CUST1934,Male,0,Yes,Yes,59,Yes,No,Month-to-month,Mailed check,41.8,2545.11,Yes
CUST1935,Male,0,Yes,Yes,22,Yes,DSL,Month-to-month,Credit card,34.35,728.76,No
CUST1936,Female,0,No,Yes,46,Yes,DSL,Month-to-month,Electronic check,354.11098684210526,3856.39,No
CUST1937,Male,0,No,Yes,45,Yes,No,Two year,Credit card,110.16,5165.21,No
CUST1938,Female,0,No,No,43,Yes,DSL,Month-to-month,Bank transfer,76.49,3293.98,No
CUST1939,Female,0,No,Yes,18,Yes,DSL,One year,Bank transfer,29.34,589.45,No
CUST1940,Male,0,Yes,No,48,Yes,DSL,Two year,Credit card,49.88,2470.65,No
CUST1941,Male,0,No,Yes,57,Yes,Fiber optic,One year,Mailed check,57.45,3267.57,Yes
CUST1942,Female,0,No,Yes,6,Yes,Fiber optic,Month-to-month,Bank transfer,75.88,376.31,No
CUST1943,Female,0,Yes,Yes,40,Yes,DSL,Two year,Mailed check,67.84,2733.52,No
CUST1944,Female,1,No,Yes,14,Yes,Fiber optic,Month-to-month,Bank transfer,84.86,1118.03,Yes
CUST1945,Male,0,Yes,Yes,52,Yes,DSL,Month-to-month,Credit card,100.0,5237.16,No
CUST1946,Female,0,Yes,No,22,Yes,Fiber optic,One year,Credit card,80.34,1751.06,No
CUST1947,Male,0,Yes,No,64,Yes,Fiber optic,Month-to-month,Bank transfer,96.94,6307.1,No
CUST1948,Female,0,No,No,59,Yes,Fiber optic,One year,Bank transfer,61.91,3538.54,Yes
CUST1949,Female,0,Yes,No,9,Yes,DSL,Month-to-month,Mailed check,168.88,1591.77,No
CUST1950,Male,0,No,No,57,No,Fiber optic,Month-to-month,Mailed check,86.6,4997.58,No
CUST1951,Female,0,No,No,46,Yes,Fiber optic,Month-to-month,Mailed check,90.52,4140.02,No
CUST1952,Male,0,No,No,14,Yes,Fiber optic,Two year,Credit card,122.73,1791.24,No
CUST1953,Male,0,Yes,Yes,8,Yes,Fiber optic,Two year,Bank transfer,72.65,623.09,No
CUST1954,Female,0,Yes,No,12,Yes,Fiber optic,Month-to-month,Electronic check,50.63,674.28,No
CUST1955,Male,0,Yes,Yes,22,Yes,DSL,Month-to-month,Mailed check,109.19,2462.53,Yes
CUST1956,Male,0,No,Yes,32,Yes,DSL,Month-to-month,Electronic check,110.95,,Yes
CUST1957,Female,0,No,No,8,Yes,DSL,Month-to-month,Credit card,74.61,537.26,No
CUST1958,Male,0,Yes,Yes,2,Yes,Fiber optic,Two year,Mailed check,122.79,184.8,No
CUST1959,Male,1,No,Yes,24,Yes,Fiber optic,Two year,Mailed check,67.5,1598.54,Yes
CUST1960,Male,1,Yes,No,70,Yes,Fiber optic,One year,Electronic check,97.97,6942.21,No
CUST1961,Female,0,Yes,Yes,35,Yes,Fiber optic,Month-to-month,Electronic check,115.47,4104.67,No
CUST1962,Male,0,No,No,19,Yes,No,Month-to-month,Bank transfer,72.95,1486.65,No
CUST1963,Female,0,No,Yes,53,Yes,DSL,Month-to-month,Electronic check,83.7,4546.73,No
CUST1964,Female,0,Yes,No,18,Yes,DSL,Month-to-month,Credit card,100.78,1792.34,Yes
CUST1965,Male,0,No,Yes,59,Yes,No,Month-to-month,Mailed check,59.01,3677.83,No
CUST1966,Male,0,Yes,No,36,Yes,DSL,One year,Electronic check,45.58,1630.48,No
CUST1967,Male,0,Yes,Yes,2,Yes,Fiber optic,Month-to-month,Credit card,109.99,170.59,No
CUST1968,Female,1,No,No,18,Yes,DSL,Month-to-month,Electronic check,79.2,1458.93,No
CUST1969,Male,0,Yes,Yes,52,Yes,No,Month-to-month,Electronic check,54.83,2899.53,No
CUST1970,Male,0,No,Yes,45,Yes,Fiber optic,Two year,Electronic check,72.82,3202.74,No
CUST1971,Male,0,Yes,No,55,Yes,DSL,One year,Bank transfer,85.26,4673.43,No
CUST1972,Male,0,No,Yes,69,Yes,Fiber optic,Month-to-month,Mailed check,22.92,1536.78,No
CUST1973,Male,0,No,No,30,Yes,DSL,Two year,Mailed check,91.48,2758.55,No
CUST1974,Female,0,Yes,Yes,52,Yes,No,Month-to-month,Mailed check,82.25,4356.59,Yes
CUST1975,Female,0,No,Yes,33,No,DSL,Month-to-month,Bank transfer,119.65,3921.86,No
CUST1976,Male,0,No,No,30,Yes,Fiber optic,Month-to-month,Electronic check,63.43,1960.17,Yes
CUST1977,Male,0,Yes,Yes,59,Yes,DSL,Month-to-month,Mailed check,111.31,6428.41,No
CUST1978,Male,0,No,No,10,Yes,No,Month-to-month,Mailed check,68.66,775.58,No
CUST1979,Male,0,Yes,Yes,5,No,No,One year,Electronic check,74.18,325.56,No
CUST1980,Female,0,No,Yes,26,Yes,Fiber optic,Month-to-month,Mailed check,78.43,1992.05,Yes
CUST1981,Male,0,Yes,Yes,6,Yes,No,Month-to-month,Electronic check,132.8,836.83,No
CUST1982,Female,0,Yes,Yes,48,Yes,DSL,Month-to-month,Bank transfer,32.82,,Yes
CUST1983,Female,0,Yes,No,71,Yes,No,One year,Mailed check,84.85,6013.12,No
CUST1984,Male,0,Yes,No,59,Yes,Fiber optic,One year,Mailed check,71.27,4116.05,No
CUST1985,Female,0,No,Yes,32,Yes,No,Month-to-month,Electronic check,69.14,2164.52,Yes
CUST1986,Female,1,Yes,Yes,46,Yes,Fiber optic,Month-to-month,Credit card,87.49,4034.06,Yes
CUST1987,Female,0,No,No,43,Yes,DSL,Month-to-month,Bank transfer,103.18,4485.72,Yes
CUST1988,Female,0,Yes,Yes,26,Yes,Fiber optic,Month-to-month,Mailed check,85.95,2152.41,Yes
CUST1989,Male,0,No,No,21,Yes,DSL,Month-to-month,Electronic check,107.06,2184.25,No
CUST1990,Male,1,Yes,Yes,46,Yes,Fiber optic,Month-to-month,Bank transfer,62.47,2899.91,Yes
CUST1991,Female,0,No,Yes,47,Yes,Fiber optic,One year,Electronic check,68.54,3213.06,No
CUST1992,Male,0,No,No,29,Yes,DSL,Month-to-month,Credit card,39.97,1173.78,Yes
CUST1993,Male,0,Yes,Yes,1,Yes,No,One year,Mailed check,,-131.95,No
CUST1994,Male,0,Yes,No,14,No,No,One year,Credit card,64.4,872.11,No
CUST1995,Male,0,Yes,No,46,Yes,No,Month-to-month,Mailed check,61.08,2895.01,No
CUST1996,Male,0,No,No,26,Yes,Fiber optic,One year,Credit card,88.2,2231.61,No
CUST1997,Female,0,No,No,70,Yes,Fiber optic,Month-to-month,Mailed check,103.21,7273.35,No
CUST1998,Male,1,No,No,26,Yes,Fiber optic,One year,Electronic check,49.24,1159.37,Yes
CUST1999,Male,0,No,No,12,Yes,DSL,Month-to-month,Bank transfer,105.6,1110.92,No
CUST2000,Male,0,Yes,Yes,54,Yes,No,Month-to-month,Mailed check,60.9,3330.38,Yes
CUST2001,Male,0,Yes,No,16,Yes,No,Month-to-month,Mailed check,112.92,1801.27,No
CUST2002,Female,0,Yes,No,58,Yes,Fiber optic,Month-to-month,Electronic check,53.77,3085.07,Yes
CUST2003,Female,0,Yes,Yes,9,Yes,No,Month-to-month,Credit card,92.06,913.19,No
CUST2004,Female,0,No,No,32,Yes,Fiber optic,Month-to-month,Mailed check,71.28,2249.78,No
CUST2005,Female,0,No,Yes,36,Yes,Fiber optic,Month-to-month,Credit card,36.21,1240.3,No
CUST2006,Male,0,Yes,No,7,Yes,No,Two year,Electronic check,27.52,118.56,No
CUST2007,Female,0,No,No,32,Yes,Fiber optic,Month-to-month,Mailed check,47.71,1431.49,Yes
CUST2008,Male,0,Yes,No,6,Yes,Fiber optic,Month-to-month,Bank transfer,,645.34,No
CUST2009,Male,0,No,Yes,33,Yes,DSL,Month-to-month,Mailed check,11.71,355.22,Yes
CUST2010,Male,0,No,Yes,70,No,Fiber optic,Month-to-month,Electronic check,80.02,5715.65,Yes
CUST2011,Male,0,No,No,6,Yes,Fiber optic,One year,Credit card,77.41,169.23,Yes
CUST2012,Male,1,No,No,40,Yes,Fiber optic,Month-to-month,Mailed check,19.53,873.48,Yes
CUST2013,Female,1,No,Yes,54,Yes,Fiber optic,One year,Electronic check,46.09,2524.82,No
CUST2014,Female,0,No,Yes,6,Yes,DSL,Month-to-month,Electronic check,46.04,267.16,No
CUST2015,Female,0,Yes,Yes,17,Yes,Fiber optic,Month-to-month,Electronic check,71.58,1087.72,No
CUST2016,Female,0,No,No,42,Yes,No,One year,Credit card,113.99,4621.59,No
CUST2017,Male,0,Yes,Yes,39,Yes,DSL,Month-to-month,Credit card,102.25,4062.86,No
CUST2018,Female,0,Yes,Yes,52,Yes,DSL,Month-to-month,Bank transfer,59.19,3102.09,No
CUST2019,Male,0,Yes,Yes,13,Yes,DSL,Month-to-month,Bank transfer,45.12,608.88,Yes
CUST2020,Female,0,Yes,Yes,20,Yes,No,Month-to-month,Mailed check,23.25,454.75,No
CUST2021,Male,0,Yes,Yes,56,Yes,Fiber optic,Month-to-month,Electronic check,58.64,3368.82,Yes
CUST2022,Male,0,Yes,Yes,45,Yes,No,Month-to-month,Bank transfer,43.04,1878.21,No
CUST2023,Female,0,No,Yes,25,Yes,Fiber optic,Month-to-month,Credit card,68.92,1689.36,Yes
CUST2024,Male,0,No,No,23,Yes,Fiber optic,One year,Electronic check,,1593.49,Yes
CUST2025,Male,0,No,Yes,4,Yes,Fiber optic,Two year,Mailed check,55.73,201.55,Yes
CUST2026,Female,0,Yes,No,41,Yes,DSL,One year,Electronic check,56.36,2444.42,No
CUST2027,Male,0,Yes,No,42,Yes,DSL,One year,Bank transfer,49.19,1940.54,Yes
CUST2028,Female,0,Yes,Yes,31,Yes,Fiber optic,One year,Bank transfer,54.63,1498.07,No
CUST2029,Female,0,No,No,5,Yes,DSL,Two year,Electronic check,113.08,420.0,No
CUST2030,Female,0,No,No,66,Yes,DSL,Month-to-month,Credit card,85.53,5713.35,No
CUST2031,Male,0,No,Yes,6,Yes,DSL,Month-to-month,Electronic check,85.94,505.56,No
CUST2032,Male,0,Yes,No,28,Yes,DSL,Month-to-month,Electronic check,100.36,2650.21,No
CUST2033,Male,0,Yes,Yes,33,No,DSL,Month-to-month,Electronic check,97.71,3234.4,No
CUST2034,Female,0,Yes,Yes,6,Yes,Fiber optic,Month-to-month,Electronic check,112.74,644.04,No
CUST2035,Male,0,No,Yes,57,Yes,DSL,Month-to-month,Electronic check,87.65,5052.0,Yes
CUST2036,Female,0,Yes,Yes,30,Yes,DSL,Month-to-month,Credit card,76.15,2363.93,Yes
CUST2037,Female,0,Yes,Yes,44,Yes,DSL,Two year,Mailed check,52.28,2552.14,Yes
CUST2038,Male,1,Yes,Yes,46,Yes,Fiber optic,Two year,Mailed check,45.28,1964.66,No
CUST2039,Female,0,Yes,Yes,71,Yes,Fiber optic,One year,Bank transfer,96.47,6663.09,No
CUST2040,Male,0,No,No,39,Yes,No,Month-to-month,Credit card,66.67,2659.04,No
CUST2041,Male,0,No,Yes,29,Yes,No,Two year,Electronic check,29.2,945.47,Yes
CUST2042,Male,0,Yes,No,61,Yes,DSL,Two year,Credit card,7.21,,Yes
CUST2043,Male,1,Yes,Yes,70,Yes,DSL,Two year,Mailed check,134.43,9282.63,Yes
CUST2044,Male,0,No,Yes,16,Yes,DSL,One year,Electronic check,40.42,681.16,No
CUST2045,Female,0,No,Yes,4,Yes,No,Month-to-month,Credit card,49.41,369.09,No
CUST2046,Female,0,Yes,No,0,Yes,Fiber optic,Month-to-month,Bank transfer,106.84,-87.66,Yes
CUST2047,Female,0,No,No,30,Yes,DSL,Two year,Mailed check,33.74,1020.91,No
CUST2048,Male,0,No,No,34,Yes,DSL,Month-to-month,Electronic check,85.94,2732.05,Yes
CUST2049,Male,0,Yes,No,71,Yes,Fiber optic,Month-to-month,Electronic check,124.66,8831.0,No
CUST2050,Male,0,No,No,29,Yes,DSL,Month-to-month,Electronic check,133.41,3857.53,Yes
CUST2051,Female,0,No,No,14,Yes,No,Month-to-month,Electronic check,56.58,938.87,No
CUST2052,Male,0,No,Yes,55,Yes,Fiber optic,Two year,Electronic check,69.64,3759.53,No
CUST2053,Female,1,No,Yes,59,Yes,Fiber optic,Month-to-month,Electronic check,58.11,3497.13,Yes
CUST2054,Female,0,Yes,No,26,Yes,Fiber optic,Month-to-month,Credit card,69.46,1728.78,No
CUST2055,Male,0,No,No,1,Yes,DSL,Two year,Bank transfer,108.95,117.98,Yes
CUST2056,Male,0,No,No,63,Yes,Fiber optic,Month-to-month,Credit card,28.02,1972.99,No
CUST2057,Female,0,Yes,No,4,Yes,Fiber optic,Two year,Credit card,89.44,537.07,No
CUST2058,Male,0,No,No,67,Yes,DSL,Month-to-month,Electronic check,64.14,4493.44,Yes
CUST2059,Female,0,Yes,Yes,12,No,Fiber optic,One year,Electronic check,111.06,1372.48,No
CUST2060,Male,0,Yes,Yes,22,Yes,No,Month-to-month,Credit card,109.46,2387.09,No
CUST2061,Male,0,No,Yes,49,Yes,DSL,Month-to-month,Mailed check,57.79,2860.2,No
CUST2062,Female,1,No,Yes,36,Yes,Fiber optic,Month-to-month,Electronic check,66.68,2447.08,No
CUST2063,Male,0,No,Yes,29,Yes,DSL,Two year,Electronic check,96.78,2845.55,No
CUST2064,Female,0,No,Yes,22,Yes,Fiber optic,Month-to-month,Mailed check,99.5,2117.86,No
CUST2065,Male,1,No,Yes,33,Yes,DSL,Month-to-month,Credit card,4.17,62.45,No
CUST2066,Female,0,Yes,Yes,63,Yes,Fiber optic,Two year,Mailed check,96.69,6031.84,No
CUST2067,Female,0,No,No,54,Yes,DSL,Month-to-month,Electronic check,119.39,6554.09,No
CUST2068,Male,0,Yes,No,70,Yes,DSL,One year,Bank transfer,77.67,5554.8,No
CUST2069,Female,0,No,Yes,8,No,Fiber optic,One year,Mailed check,98.51,1106.42,No
CUST2070,Male,1,Yes,Yes,3,Yes,Fiber optic,Month-to-month,Mailed check,108.36,367.64,Yes
CUST2071,Male,1,No,Yes,65,Yes,No,Month-to-month,Electronic check,76.65,4903.41,No
CUST2072,Male,0,No,No,32,Yes,Fiber optic,Two year,Mailed check,94.43,2973.87,No
CUST2073,Female,0,No,No,31,Yes,Fiber optic,Month-to-month,Electronic check,70.38,2166.03,No
CUST2074,Female,0,No,Yes,43,Yes,Fiber optic,Month-to-month,Bank transfer,68.43,,Yes
CUST2075,Male,0,No,No,36,No,DSL,One year,Bank transfer,50.15,1878.69,Yes
CUST2076,Male,0,Yes,Yes,66,Yes,DSL,Month-to-month,Credit card,75.19,4827.86,No
CUST2077,Female,0,No,Yes,59,Yes,DSL,One year,Electronic check,126.61,7464.31,No
CUST2078,Male,1,No,Yes,58,Yes,DSL,Month-to-month,Bank transfer,42.93,2342.79,No
CUST2079,Male,1,No,Yes,35,Yes,DSL,Two year,Electronic check,88.51,3157.1,No
CUST2080,Female,0,Yes,Yes,48,Yes,No,Month-to-month,Mailed check,79.63,3751.56,Yes
CUST2081,Male,0,No,No,50,Yes,No,Month-to-month,Mailed check,114.24,5650.88,No
CUST2082,Female,0,Yes,Yes,7,Yes,No,One year,Electronic check,119.89,651.36,No
CUST2083,Male,0,No,Yes,49,Yes,No,Month-to-month,Electronic check,42.27,2146.91,No
CUST2084,Female,0,Yes,Yes,40,Yes,Fiber optic,Month-to-month,Mailed check,52.77,2231.67,Yes
CUST2085,Male,0,No,Yes,37,No,DSL,One year,Electronic check,54.41,1943.88,No
CUST2086,Male,0,No,No,54,Yes,Fiber optic,One year,Mailed check,55.47,2979.18,Yes
CUST2087,Female,0,Yes,Yes,67,Yes,No,Month-to-month,Credit card,58.05,3841.42,No
CUST2088,Male,0,No,Yes,17,Yes,Fiber optic,Month-to-month,Credit card,80.41,1345.14,Yes
CUST2089,Female,1,Yes,No,64,No,Fiber optic,One year,Credit card,44.46,2763.47,No
CUST2090,Male,0,No,Yes,63,Yes,DSL,Month-to-month,Electronic check,48.68,2956.81,No
CUST2091,Female,0,No,Yes,11,Yes,Fiber optic,Two year,Mailed check,46.28,,No
CUST2092,Female,0,Yes,Yes,40,Yes,DSL,Month-to-month,Bank transfer,84.78,3127.23,No
CUST2093,Female,0,No,Yes,41,Yes,DSL,One year,Bank transfer,68.09,2842.1,No
CUST2094,Female,1,Yes,No,59,Yes,No,Month-to-month,Mailed check,62.76,3731.17,Yes
CUST2095,Male,0,Yes,Yes,49,Yes,DSL,Month-to-month,Mailed check,44.74,2357.65,No
CUST2096,Male,0,No,Yes,35,No,No,Month-to-month,Mailed check,21.88,742.16,No
CUST2097,Female,0,No,No,47,Yes,DSL,Month-to-month,Mailed check,118.95,5553.52,No
CUST2098,Female,0,No,Yes,70,Yes,No,Month-to-month,Mailed check,61.34,4212.95,No
CUST2099,Female,0,Yes,Yes,7,No,Fiber optic,Month-to-month,Bank transfer,151.31,1094.73,Yes
CUST2100,Male,0,Yes,No,24,Yes,Fiber optic,Two year,Credit card,93.18,2165.5,No
CUST2101,Male,0,No,Yes,6,Yes,DSL,Month-to-month,Mailed check,124.88,636.4,No
CUST2102,Male,0,Yes,No,7,Yes,Fiber optic,Two year,Electronic check,99.8,624.89,No
CUST2103,Male,0,Yes,Yes,30,Yes,No,Month-to-month,Credit card,74.76,2148.12,No
CUST2104,Female,0,Yes,No,11,Yes,DSL,One year,Bank transfer,52.07,472.17,No
CUST2105,Female,0,Yes,Yes,56,Yes,DSL,Two year,Mailed check,40.69,2287.17,No
CUST2106,Female,0,No,Yes,65,Yes,DSL,Two year,Electronic check,103.59,6713.9,Yes
CUST2107,Male,1,No,No,11,Yes,DSL,Month-to-month,Bank transfer,77.95,912.41,No
CUST2108,Male,1,No,Yes,26,Yes,DSL,One year,Credit card,88.5,2315.72,Yes
CUST2109,Male,0,Yes,No,45,Yes,Fiber optic,Month-to-month,Credit card,94.44,4129.53,No
CUST2110,Female,0,Yes,No,6,Yes,DSL,Month-to-month,Electronic check,80.68,271.82,No
CUST2111,Female,0,Yes,No,60,Yes,Fiber optic,One year,Mailed check,55.84,3244.78,No
CUST2112,Male,0,Yes,No,57,Yes,No,Month-to-month,Electronic check,100.38,5798.04,No
CUST2113,Female,0,No,Yes,57,Yes,Fiber optic,Month-to-month,Electronic check,64.05,3724.96,No
CUST2114,Male,0,Yes,No,12,Yes,DSL,Month-to-month,Bank transfer,72.72,971.11,No
CUST2115,Male,0,Yes,Yes,52,Yes,Fiber optic,Month-to-month,Electronic check,91.52,4842.83,No
CUST2116,Female,0,No,Yes,64,Yes,DSL,Month-to-month,Electronic check,68.23,4475.43,No
CUST2117,Male,1,No,No,48,No,DSL,Two year,Credit card,15.46,782.71,No
CUST2118,Female,0,No,No,34,Yes,DSL,Month-to-month,Bank transfer,101.22,3621.77,No
CUST2119,Male,0,Yes,Yes,16,Yes,No,One year,Mailed check,107.65,1751.77,No
CUST2120,Female,0,Yes,No,71,Yes,Fiber optic,One year,Credit card,15.07,1269.9,No
CUST2121,Female,0,Yes,Yes,66,Yes,DSL,Month-to-month,Electronic check,38.7,2491.56,No
CUST2122,Female,1,Yes,No,9,No,Fiber optic,One year,Mailed check,130.72,1111.29,No
CUST2123,Male,0,Yes,Yes,33,Yes,DSL,One year,Bank transfer,76.96,2520.44,No
CUST2124,Male,0,Yes,Yes,3,Yes,No,Month-to-month,Credit card,70.11,206.58,Yes
CUST2125,Female,0,No,No,28,Yes,No,Month-to-month,Mailed check,57.21,1569.76,No
CUST2126,Female,0,Yes,Yes,45,Yes,DSL,Two year,Electronic check,39.08,1812.57,Yes
CUST2127,Male,0,No,Yes,45,Yes,DSL,Two year,Electronic check,64.17,2877.42,No
CUST2128,Male,0,No,No,58,Yes,Fiber optic,One year,Mailed check,99.23,5694.62,Yes
CUST2129,Male,0,No,No,60,Yes,Fiber optic,Month-to-month,Credit card,69.53,4132.2,No
CUST2130,Female,0,Yes,No,67,Yes,DSL,Month-to-month,Mailed check,88.31,6038.53,No
CUST2131,Male,0,Yes,No,65,Yes,Fiber optic,Month-to-month,Electronic check,122.97,8024.77,No
CUST2132,Male,0,No,No,33,Yes,DSL,One year,Bank transfer,52.59,1567.84,No
CUST2133,Female,0,Yes,Yes,4,Yes,Fiber optic,One year,Credit card,79.09,467.42,No
CUST2134,Male,0,Yes,Yes,8,Yes,DSL,Month-to-month,Electronic check,100.13,,No
CUST2135,Male,0,No,No,19,Yes,Fiber optic,One year,Electronic check,42.01,862.1,No
CUST2136,Male,0,Yes,Yes,20,Yes,Fiber optic,Month-to-month,Mailed check,75.34,1599.71,Yes
CUST2137,Female,0,Yes,Yes,16,Yes,Fiber optic,One year,Electronic check,126.17,2116.79,No
CUST2138,Female,0,Yes,Yes,11,Yes,Fiber optic,Month-to-month,Credit card,59.79,,Yes
CUST2139,Female,0,Yes,Yes,66,Yes,Fiber optic,One year,Mailed check,102.05,6628.28,Yes
CUST2140,Female,0,No,Yes,4,Yes,DSL,Month-to-month,Bank transfer,65.77,502.72,Yes
CUST2141,Female,0,No,No,59,No,DSL,Month-to-month,Electronic check,123.99,7245.6,Yes
CUST2142,Female,0,Yes,No,52,Yes,DSL,Month-to-month,Credit card,20.64,1111.15,No
CUST2143,Female,0,Yes,Yes,51,Yes,DSL,Two year,Credit card,71.95,3832.6,No
CUST2144,Male,0,Yes,Yes,47,Yes,Fiber optic,One year,Bank transfer,25.63,1160.26,No
CUST2145,Male,0,No,No,18,No,DSL,Month-to-month,Credit card,48.97,845.45,No
CUST2146,Female,0,Yes,No,16,Yes,DSL,One year,Credit card,48.8,873.45,No
CUST2147,Male,0,Yes,No,53,Yes,No,One year,Bank transfer,61.99,3306.76,Yes
CUST2148,Male,0,No,No,67,No,Fiber optic,One year,Electronic check,34.35,2350.96,No
CUST2149,Female,0,Yes,Yes,34,Yes,Fiber optic,Month-to-month,Credit card,67.85,2298.86,No
CUST2150,Male,0,No,No,40,Yes,DSL,Month-to-month,Mailed check,83.81,3299.76,No
CUST2151,Male,0,Yes,No,12,Yes,DSL,Month-to-month,Credit card,24.04,255.19,No
CUST2152,Male,0,No,Yes,32,Yes,Fiber optic,Month-to-month,Mailed check,50.95,1749.8,No
CUST2153,Male,0,Yes,No,14,Yes,No,One year,Credit card,146.23,2017.66,No
CUST2154,Male,0,Yes,No,62,Yes,DSL,Month-to-month,Electronic check,79.88,4995.43,No
CUST2155,Female,0,No,No,14,Yes,Fiber optic,Month-to-month,Credit card,15.47,119.7,Yes
CUST2156,Female,0,No,No,30,No,No,Month-to-month,Mailed check,27.99,1043.73,No
CUST2157,Female,0,No,No,27,Yes,Fiber optic,Month-to-month,Credit card,76.78,2104.95,Yes
CUST2158,Male,1,No,Yes,9,Yes,Fiber optic,Two year,Mailed check,73.02,691.14,Yes
CUST2159,Female,1,No,Yes,56,Yes,Fiber optic,Two year,Bank transfer,52.38,3025.91,No
CUST2160,Male,0,Yes,Yes,70,Yes,No,Month-to-month,Credit card,135.8,9457.91,No
CUST2161,Male,0,No,Yes,32,Yes,Fiber optic,One year,Credit card,148.56,4873.29,Yes
CUST2162,Male,0,No,Yes,6,Yes,No,Month-to-month,Mailed check,62.07,220.79,No
CUST2163,Male,0,No,No,4,Yes,Fiber optic,One year,Mailed check,96.19,323.32,No
CUST2164,Female,0,No,No,56,Yes,No,Month-to-month,Electronic check,97.69,5390.52,Yes
CUST2165,Female,0,Yes,No,71,Yes,No,Month-to-month,Bank transfer,101.68,7031.22,No
CUST2166,Male,0,Yes,No,39,Yes,Fiber optic,Two year,Mailed check,50.8,1928.33,No
CUST2167,Female,0,Yes,No,27,Yes,Fiber optic,Two year,Electronic check,128.18,3455.66,No
CUST2168,Male,0,Yes,No,35,Yes,Fiber optic,Month-to-month,Mailed check,67.94,2268.91,No
CUST2169,Female,0,Yes,No,55,No,Fiber optic,Two year,Bank transfer,82.66,4422.87,Yes
CUST2170,Female,0,No,No,46,Yes,No,One year,Bank transfer,70.06,3226.87,Yes
CUST2171,Male,1,Yes,No,70,Yes,DSL,Month-to-month,Bank transfer,65.81,4598.7,Yes
CUST2172,Female,0,Yes,No,39,Yes,Fiber optic,Month-to-month,Bank transfer,78.35,3029.08,Yes
CUST2173,Male,0,No,No,58,Yes,Fiber optic,Month-to-month,Credit card,34.42,1869.75,Yes
CUST2174,Female,0,No,No,42,No,Fiber optic,One year,Bank transfer,,417.09,No
CUST2175,Male,1,Yes,No,65,Yes,Fiber optic,Two year,Bank transfer,63.6,4067.37,No
CUST2176,Male,0,Yes,Yes,8,Yes,DSL,Month-to-month,Electronic check,43.59,357.31,No
CUST2177,Female,0,No,No,5,Yes,Fiber optic,One year,Bank transfer,86.43,376.27,No
CUST2178,Female,0,Yes,Yes,64,Yes,No,One year,Mailed check,83.01,5308.76,No
CUST2179,Male,0,No,No,2,Yes,No,Month-to-month,Mailed check,70.4,,No
CUST2180,Female,0,No,No,36,Yes,DSL,Month-to-month,Mailed check,114.45,3980.52,No
CUST2181,Female,0,Yes,No,32,Yes,Fiber optic,Month-to-month,Credit card,69.81,2289.67,No
CUST2182,Male,0,Yes,Yes,8,Yes,No,Month-to-month,Mailed check,26.26,286.62,No
CUST2183,Male,1,Yes,Yes,52,Yes,Fiber optic,Two year,Bank transfer,63.29,3251.81,No
CUST2184,Female,0,No,No,50,Yes,Fiber optic,Month-to-month,Credit card,105.13,5259.26,Yes
CUST2185,Male,0,No,No,70,Yes,DSL,Month-to-month,Bank transfer,13.47,897.93,Yes
CUST2186,Male,0,Yes,No,25,Yes,Fiber optic,One year,Electronic check,67.18,1789.22,No
CUST2187,Male,0,Yes,No,15,Yes,Fiber optic,Month-to-month,Bank transfer,87.26,1288.59,No
CUST2188,Female,1,Yes,Yes,39,Yes,Fiber optic,Month-to-month,Mailed check,,5783.34,Yes
CUST2189,Female,0,No,Yes,50,Yes,Fiber optic,Month-to-month,Electronic check,106.25,5409.13,No
CUST2190,Male,0,No,No,38,Yes,Fiber optic,Month-to-month,Electronic check,73.98,2733.83,Yes
CUST2191,Female,0,No,Yes,54,Yes,No,One year,Electronic check,85.62,4639.14,No
CUST2192,Male,0,Yes,Yes,35,No,Fiber optic,Month-to-month,Electronic check,13.07,352.6,No
CUST2193,Female,0,No,No,64,Yes,Fiber optic,One year,Credit card,38.51,2531.09,No
CUST2194,Male,0,No,No,44,Yes,No,Month-to-month,Bank transfer,89.53,4020.86,No
CUST2195,Male,0,Yes,No,8,Yes,No,Month-to-month,Electronic check,74.84,469.85,No
CUST2196,Female,0,No,Yes,36,No,No,Month-to-month,Credit card,78.66,2687.3,No
CUST2197,Male,0,Yes,No,0,Yes,Fiber optic,Two year,Credit card,71.02,28.85,No
CUST2198,Female,0,No,Yes,65,Yes,Fiber optic,Month-to-month,Credit card,69.85,4734.33,No
CUST2199,Female,1,Yes,No,62,Yes,DSL,Month-to-month,Bank transfer,73.09,4619.98,Yes
CUST2200,Male,0,Yes,No,42,Yes,DSL,One year,Electronic check,38.32,1588.21,No
CUST2201,Male,0,No,Yes,27,Yes,Fiber optic,Month-to-month,Bank transfer,,1619.08,No
CUST2202,Female,0,Yes,Yes,30,No,Fiber optic,Month-to-month,Credit card,32.68,858.79,No
CUST2203,Male,0,No,Yes,68,Yes,DSL,Month-to-month,Credit card,51.41,3567.59,No
CUST2204,Male,0,Yes,Yes,7,No,No,One year,Bank transfer,105.88,833.44,No
CUST2205,Male,1,Yes,Yes,33,Yes,Fiber optic,Two year,Credit card,64.58,,No
CUST2206,Male,0,Yes,Yes,48,Yes,Fiber optic,Month-to-month,Credit card,87.88,,No
CUST2207,Male,1,No,No,57,Yes,Fiber optic,Month-to-month,Mailed check,73.46,4191.92,No
CUST2208,Female,0,Yes,Yes,46,Yes,DSL,Month-to-month,Credit card,58.45,2869.98,No
CUST2209,Female,0,Yes,Yes,24,Yes,No,One year,Bank transfer,39.74,960.28,No
CUST2210,Male,1,No,No,2,No,DSL,Month-to-month,Electronic check,58.0,17.9,No
CUST2211,Male,0,Yes,Yes,44,No,Fiber optic,Month-to-month,Electronic check,75.5,3206.34,Yes
CUST2212,Male,1,Yes,Yes,51,Yes,Fiber optic,One year,Bank transfer,87.4,4366.28,No
CUST2213,Female,0,Yes,No,33,Yes,Fiber optic,Month-to-month,Bank transfer,73.67,2557.51,No
CUST2214,Male,1,Yes,No,68,Yes,Fiber optic,Month-to-month,Credit card,89.48,6135.95,Yes
CUST2215,Female,0,No,No,7,No,DSL,Two year,Bank transfer,24.39,136.18,Yes
CUST2216,Female,0,Yes,Yes,26,Yes,DSL,Two year,Bank transfer,96.0,2203.47,No
CUST2217,Female,0,Yes,No,62,Yes,Fiber optic,Month-to-month,Credit card,36.15,2156.04,Yes
CUST2218,Male,0,No,Yes,24,Yes,Fiber optic,Month-to-month,Mailed check,99.51,2422.64,No
CUST2219,Female,0,Yes,No,57,Yes,Fiber optic,Month-to-month,Mailed check,85.07,4884.21,No
CUST2220,Male,0,Yes,Yes,47,Yes,DSL,Month-to-month,Credit card,13.89,687.18,Yes
CUST2221,Female,0,No,No,0,Yes,DSL,Two year,Mailed check,92.11,-134.73,No
CUST2222,Male,0,No,No,7,Yes,Fiber optic,One year,Mailed check,99.85,716.65,No
CUST2223,Female,0,No,No,20,No,Fiber optic,One year,Credit card,107.74,2057.21,No
CUST2224,Male,0,No,Yes,28,Yes,DSL,Month-to-month,Mailed check,46.94,1314.51,No
CUST2225,Female,0,Yes,Yes,29,Yes,Fiber optic,Month-to-month,Bank transfer,75.38,,No
CUST2226,Male,0,No,No,2,Yes,DSL,Month-to-month,Mailed check,90.83,288.7,No
CUST2227,Male,0,Yes,No,6,Yes,Fiber optic,Month-to-month,Mailed check,92.09,586.28,No
CUST2228,Male,0,No,No,10,Yes,DSL,Month-to-month,Bank transfer,82.29,808.58,No
CUST2229,Male,0,Yes,No,31,Yes,No,Month-to-month,Bank transfer,57.2,1911.24,No
CUST2230,Female,1,No,Yes,58,Yes,DSL,Month-to-month,Electronic check,99.64,5741.87,No
CUST2231,Female,0,No,No,11,Yes,Fiber optic,Month-to-month,Credit card,99.81,956.4,Yes
CUST2232,Male,0,Yes,No,37,Yes,No,Month-to-month,Electronic check,65.37,2524.28,Yes
CUST2233,Female,0,No,Yes,23,Yes,DSL,Month-to-month,Electronic check,46.49,1094.49,No
CUST2234,Male,0,No,Yes,64,Yes,Fiber optic,Month-to-month,Mailed check,48.16,3050.37,No
CUST2235,Male,0,No,No,17,Yes,DSL,Month-to-month,Bank transfer,110.94,1821.61,Yes
CUST2236,Female,0,Yes,No,45,Yes,DSL,Month-to-month,Electronic check,98.52,,No
CUST2237,Male,0,No,Yes,55,Yes,Fiber optic,Two year,Credit card,69.4,3898.36,Yes
CUST2238,Male,0,No,Yes,62,Yes,No,Month-to-month,Electronic check,64.02,3892.57,No
CUST2239,Female,0,Yes,No,6,Yes,Fiber optic,One year,Mailed check,16.95,158.23,No
CUST2240,Male,0,Yes,Yes,65,Yes,Fiber optic,Two year,Electronic check,,4410.61,No
CUST2241,Male,1,No,Yes,39,Yes,Fiber optic,Month-to-month,Bank transfer,34.27,1253.59,No
CUST2242,Male,0,Yes,No,53,Yes,Fiber optic,Month-to-month,Bank transfer,74.77,3963.2,No
CUST2243,Male,0,Yes,No,30,Yes,Fiber optic,Month-to-month,Credit card,105.56,3112.13,No
CUST2244,Female,1,Yes,Yes,51,No,DSL,Month-to-month,Electronic check,40.59,2194.12,No
CUST2245,Female,0,No,No,30,Yes,DSL,Month-to-month,Bank transfer,77.16,2249.91,No
CUST2246,Female,0,No,No,33,Yes,Fiber optic,One year,Electronic check,99.93,3448.58,Yes
CUST2247,Male,0,Yes,No,6,Yes,No,Month-to-month,Electronic check,76.61,472.8,No
CUST2248,Male,1,No,No,15,Yes,DSL,Two year,Bank transfer,54.28,639.65,No
CUST2249,Female,1,Yes,No,21,Yes,Fiber optic,One year,Bank transfer,70.31,1259.2,No
CUST2250,Male,0,No,Yes,52,Yes,DSL,Month-to-month,Mailed check,98.72,5112.58,No
CUST2251,Male,0,Yes,Yes,16,Yes,DSL,Month-to-month,Mailed check,77.88,1379.44,Yes
CUST2252,Male,0,No,No,3,Yes,Fiber optic,Month-to-month,Credit card,69.9,332.76,Yes
CUST2253,Male,0,Yes,No,60,Yes,Fiber optic,Month-to-month,Credit card,104.68,6297.43,No
CUST2254,Female,0,No,No,51,Yes,Fiber optic,Month-to-month,Credit card,85.45,4284.24,No
CUST2255,Female,1,No,Yes,34,Yes,DSL,One year,Electronic check,33.91,1111.21,No
CUST2256,Female,0,Yes,Yes,43,Yes,No,Month-to-month,Credit card,88.94,3845.15,No
CUST2257,Male,0,No,Yes,14,Yes,DSL,Month-to-month,Bank transfer,98.49,1487.59,No
CUST2258,Female,0,No,Yes,60,Yes,Fiber optic,One year,Credit card,32.88,2029.72,No
CUST2259,Female,0,No,No,43,Yes,Fiber optic,Month-to-month,Electronic check,,180.25,Yes
CUST2260,Male,0,No,No,20,Yes,Fiber optic,Month-to-month,Mailed check,38.74,839.17,No
CUST2261,Male,0,No,Yes,46,Yes,No,Month-to-month,Electronic check,66.93,3172.67,No
CUST2262,Female,1,No,Yes,48,Yes,Fiber optic,Month-to-month,Bank transfer,100.29,4587.8,No
CUST2263,Female,1,No,No,52,Yes,DSL,One year,Credit card,43.27,,No
CUST2264,Female,0,No,No,26,Yes,DSL,Two year,Credit card,86.65,2142.42,Yes
CUST2265,Female,1,Yes,No,30,Yes,DSL,Month-to-month,Bank transfer,16.77,383.11,Yes
CUST2266,Male,0,No,No,43,Yes,DSL,Month-to-month,Credit card,75.41,3243.19,No
CUST2267,Female,0,Yes,No,31,Yes,No,Month-to-month,Mailed check,57.8,1647.07,No
CUST2268,Female,0,No,Yes,29,Yes,DSL,One year,Electronic check,132.96,3761.46,Yes
CUST2269,Male,0,Yes,No,17,Yes,Fiber optic,One year,Electronic check,13.24,215.21,No
CUST2270,Female,1,No,Yes,62,Yes,Fiber optic,Month-to-month,Bank transfer,69.56,4152.36,Yes
CUST2271,Male,0,Yes,Yes,15,Yes,No,Month-to-month,Mailed check,13.05,147.13,No
CUST2272,Male,0,Yes,No,34,Yes,Fiber optic,Two year,Bank transfer,53.51,1883.22,No
CUST2273,Male,0,No,Yes,61,Yes,Fiber optic,Month-to-month,Bank transfer,18.97,1034.63,No
CUST2274,Female,0,Yes,Yes,8,Yes,DSL,One year,Mailed check,139.02,1191.79,No
CUST2275,Female,0,No,No,61,Yes,Fiber optic,One year,Bank transfer,59.33,3538.51,No
CUST2276,Male,0,No,Yes,38,Yes,DSL,Month-to-month,Electronic check,63.67,2446.62,Yes
CUST2277,Female,0,Yes,No,50,Yes,No,One year,Credit card,68.72,3325.38,No
CUST2278,Female,0,No,No,9,Yes,DSL,Month-to-month,Electronic check,36.03,369.61,Yes
CUST2279,Male,0,Yes,Yes,51,Yes,DSL,Two year,Credit card,101.66,5154.3,Yes
CUST2280,Male,0,Yes,No,11,Yes,Fiber optic,Month-to-month,Credit card,89.21,1027.93,No
CUST2281,Female,0,No,No,71,Yes,Fiber optic,Month-to-month,Electronic check,97.54,6870.82,Yes
CUST2282,Male,0,No,Yes,61,Yes,Fiber optic,Month-to-month,Bank transfer,33.46,2096.67,No
CUST2283,Female,0,No,No,2,Yes,DSL,One year,Mailed check,104.06,292.81,Yes
CUST2284,Female,0,No,Yes,10,Yes,DSL,Month-to-month,Credit card,100.6,1017.97,No
CUST2285,Female,0,No,Yes,7,No,DSL,Month-to-month,Mailed check,63.03,393.26,No
CUST2286,Female,1,Yes,No,22,Yes,Fiber optic,Month-to-month,Mailed check,96.85,2107.33,Yes
CUST2287,Male,0,Yes,Yes,9,Yes,Fiber optic,Month-to-month,Credit card,78.18,577.19,No
CUST2288,Male,0,No,No,17,Yes,Fiber optic,One year,Mailed check,22.18,397.35,No
CUST2289,Male,1,No,Yes,38,Yes,Fiber optic,Month-to-month,Mailed check,64.52,2514.06,No
CUST2290,Male,0,No,No,25,No,Fiber optic,One year,Bank transfer,55.55,1545.38,No
CUST2291,Female,0,Yes,No,10,Yes,No,One year,Mailed check,72.56,856.43,Yes
CUST2292,Female,0,Yes,Yes,9,Yes,DSL,Two year,Electronic check,100.63,807.94,No
CUST2293,Male,1,Yes,Yes,2,No,Fiber optic,One year,Credit card,20.76,62.73,No
CUST2294,Female,1,No,No,61,Yes,Fiber optic,Month-to-month,Bank transfer,56.69,3444.79,No
CUST2295,Female,0,No,No,70,Yes,DSL,Month-to-month,Electronic check,45.34,3295.6,No
CUST2296,Female,0,Yes,Yes,60,Yes,Fiber optic,Two year,Mailed check,46.63,2726.88,Yes
CUST2297,Male,0,No,No,3,Yes,DSL,Two year,Mailed check,45.31,223.74,Yes
CUST2298,Male,1,No,No,60,No,DSL,Month-to-month,Electronic check,72.05,4224.3,Yes
CUST2299,Male,1,Yes,Yes,7,Yes,Fiber optic,Two year,Electronic check,85.7,589.3,Yes
CUST2300,Female,0,Yes,Yes,12,Yes,DSL,One year,Bank transfer,80.45,876.95,No
CUST2301,Male,0,No,No,11,No,DSL,Two year,Mailed check,75.57,634.77,Yes
CUST2302,Male,0,Yes,Yes,34,Yes,Fiber optic,One year,Mailed check,88.65,,No
CUST2303,Male,0,No,Yes,53,Yes,Fiber optic,Two year,Mailed check,141.41,7468.98,Yes
CUST2304,Male,0,Yes,No,50,Yes,DSL,Two year,Electronic check,74.08,3846.62,No
CUST2305,Male,0,Yes,Yes,42,Yes,DSL,Month-to-month,Mailed check,100.63,4117.72,No
CUST2306,Male,0,No,Yes,65,No,Fiber optic,Two year,Credit card,98.93,6369.88,No
CUST2307,Female,0,No,No,14,Yes,Fiber optic,Month-to-month,Credit card,123.33,1582.59,No
CUST2308,Female,1,Yes,Yes,48,Yes,No,Month-to-month,Bank transfer,86.82,4282.89,No
CUST2309,Male,0,No,No,33,Yes,DSL,One year,Bank transfer,44.67,1428.06,Yes
CUST2310,Male,0,Yes,Yes,38,Yes,DSL,One year,Electronic check,79.15,2973.86,Yes
CUST2311,Female,0,No,Yes,25,Yes,DSL,Two year,Credit card,,1903.48,No
CUST2312,Female,1,Yes,No,68,Yes,Fiber optic,Month-to-month,Electronic check,,6228.22,No
CUST2313,Male,0,Yes,Yes,47,Yes,Fiber optic,Month-to-month,Bank transfer,43.8,1911.94,No
CUST2314,Male,0,Yes,Yes,50,Yes,Fiber optic,Month-to-month,Electronic check,107.99,5304.32,No
CUST2315,Male,0,No,Yes,3,Yes,Fiber optic,Month-to-month,Electronic check,70.16,272.08,Yes
CUST2316,Male,0,Yes,Yes,26,Yes,Fiber optic,One year,Mailed check,95.18,2224.76,No
CUST2317,Female,0,Yes,Yes,41,Yes,No,Month-to-month,Bank transfer,79.29,3305.02,Yes
CUST2318,Male,0,Yes,Yes,55,Yes,DSL,Month-to-month,Mailed check,73.68,4086.71,No
CUST2319,Male,1,Yes,No,68,Yes,DSL,Month-to-month,Bank transfer,77.02,5055.87,Yes
CUST2320,Male,0,No,Yes,17,No,DSL,One year,Mailed check,90.16,1501.02,No
CUST2321,Male,0,No,Yes,60,Yes,DSL,Month-to-month,Bank transfer,128.76,7841.99,No
CUST2322,Female,0,Yes,No,3,Yes,No,One year,Bank transfer,9.48,-78.61,No
CUST2323,Female,0,Yes,No,0,Yes,DSL,Month-to-month,Credit card,86.2,-55.2,Yes
CUST2324,Female,0,No,No,49,No,Fiber optic,Month-to-month,Bank transfer,71.32,3770.79,No
CUST2325,Male,0,Yes,Yes,69,Yes,DSL,Two year,Electronic check,64.69,4496.2,No
CUST2326,Male,0,No,No,19,Yes,DSL,Month-to-month,Credit card,0.9,-8.7,No
CUST2327,Female,0,Yes,No,19,Yes,DSL,Month-to-month,Mailed check,87.41,1613.08,Yes
CUST2328,Male,0,No,Yes,45,Yes,DSL,One year,Electronic check,66.25,3018.56,No
CUST2329,Male,0,Yes,No,26,Yes,Fiber optic,One year,Electronic check,44.97,1237.71,Yes
CUST2330,Female,0,No,Yes,25,Yes,No,One year,Bank transfer,71.27,1566.17,Yes
CUST2331,Female,1,No,Yes,31,Yes,Fiber optic,One year,Bank transfer,61.22,1674.43,No
CUST2332,Female,0,No,Yes,9,Yes,Fiber optic,Month-to-month,Electronic check,17.73,59.77,No
CUST2333,Female,0,Yes,Yes,11,Yes,DSL,Month-to-month,Credit card,72.65,783.77,Yes
CUST2334,Male,0,No,Yes,23,Yes,No,Month-to-month,Electronic check,87.4,2017.76,Yes
CUST2335,Male,0,No,No,50,Yes,DSL,Two year,Electronic check,53.52,2505.65,No
CUST2336,Female,0,Yes,Yes,37,Yes,No,Two year,Bank transfer,77.85,2859.97,No
CUST2337,Male,1,Yes,No,45,Yes,Fiber optic,Month-to-month,Bank transfer,73.24,3288.62,No
CUST2338,Female,0,Yes,Yes,7,No,DSL,Month-to-month,Bank transfer,101.36,624.54,No
CUST2339,Female,0,Yes,No,54,Yes,Fiber optic,Month-to-month,Mailed check,66.89,3558.61,No
CUST2340,Male,0,No,Yes,30,Yes,No,One year,Electronic check,94.03,2748.25,No
CUST2341,Female,0,Yes,Yes,15,Yes,DSL,Month-to-month,Electronic check,60.6,955.43,No
CUST2342,Male,0,Yes,Yes,19,Yes,DSL,One year,Mailed check,129.02,2452.07,No
CUST2343,Male,0,Yes,No,37,Yes,DSL,Two year,Electronic check,56.89,1990.7,No
CUST2344,Male,0,Yes,No,14,Yes,Fiber optic,Two year,Electronic check,49.45,787.8,Yes
CUST2345,Male,1,Yes,No,33,Yes,DSL,Month-to-month,Electronic check,66.99,2073.94,No
CUST2346,Female,0,Yes,Yes,71,Yes,Fiber optic,Two year,Credit card,48.16,3248.07,No
CUST2347,Male,0,Yes,Yes,18,Yes,No,One year,Mailed check,32.54,561.2,No
CUST2348,Female,0,No,No,68,Yes,No,Month-to-month,Mailed check,91.83,6219.42,No
CUST2349,Female,0,No,Yes,62,Yes,DSL,Month-to-month,Electronic check,21.88,1363.84,No
CUST2350,Female,0,No,No,31,Yes,Fiber optic,One year,Bank transfer,48.47,1384.44,Yes
CUST2351,Female,0,No,Yes,36,Yes,DSL,Two year,Electronic check,29.75,1160.31,No
CUST2352,Male,1,No,No,65,Yes,Fiber optic,Month-to-month,Electronic check,74.27,4999.02,No
CUST2353,Male,1,Yes,No,6,Yes,No,Month-to-month,Credit card,4.33,23.82,No
CUST2354,Female,1,Yes,Yes,47,Yes,Fiber optic,Month-to-month,Credit card,86.44,4094.28,No
CUST2355,Female,0,Yes,No,10,Yes,No,Two year,Bank transfer,89.68,685.29,No
CUST2356,Male,0,Yes,Yes,30,Yes,No,Two year,Credit card,21.02,587.11,No
CUST2357,Female,0,No,Yes,43,Yes,DSL,Month-to-month,Electronic check,75.72,3186.36,No
CUST2358,Male,0,No,Yes,44,Yes,Fiber optic,Month-to-month,Electronic check,,3675.31,No
CUST2359,Female,0,Yes,No,71,Yes,DSL,Two year,Credit card,98.21,6907.16,No
CUST2360,Male,0,Yes,No,55,Yes,DSL,One year,Credit card,25.93,,No
CUST2361,Female,0,No,No,31,Yes,DSL,Two year,Mailed check,21.71,527.52,Yes
CUST2362,Female,0,No,Yes,20,Yes,No,Two year,Electronic check,,2252.87,No
CUST2363,Male,0,No,Yes,30,Yes,Fiber optic,Month-to-month,Bank transfer,45.34,1256.03,No
CUST2364,Female,0,Yes,No,0,Yes,Fiber optic,One year,Credit card,54.18,78.83,No
CUST2365,Female,0,Yes,Yes,10,Yes,Fiber optic,Month-to-month,Credit card,88.99,922.93,Yes
CUST2366,Male,0,No,Yes,67,Yes,Fiber optic,One year,Mailed check,34.92,2372.81,No
CUST2367,Female,0,No,No,35,Yes,Fiber optic,One year,Mailed check,62.02,2268.38,Yes
CUST2368,Male,0,Yes,No,58,Yes,DSL,Two year,Credit card,96.75,5528.87,No
CUST2369,Male,0,Yes,Yes,66,Yes,Fiber optic,Two year,Bank transfer,27.37,1833.4,No
CUST2370,Female,0,Yes,Yes,55,Yes,Fiber optic,Month-to-month,Bank transfer,55.0,3132.02,No
CUST2371,Female,0,Yes,No,50,Yes,Fiber optic,Month-to-month,Credit card,36.2,1720.38,No
CUST2372,Female,0,No,No,28,Yes,DSL,Month-to-month,Mailed check,46.78,1106.92,Yes
CUST2373,Female,0,No,Yes,1,Yes,DSL,Two year,Electronic check,105.57,36.5,No
CUST2374,Female,0,No,Yes,5,Yes,No,One year,Electronic check,112.15,656.4,No
CUST2375,Female,0,Yes,Yes,30,Yes,DSL,Two year,Mailed check,77.74,2236.89,No
CUST2376,Female,0,Yes,No,53,Yes,Fiber optic,One year,Electronic check,85.97,4509.9,No
CUST2377,Male,1,Yes,Yes,39,No,DSL,Month-to-month,Mailed check,85.15,3242.88,Yes
CUST2378,Female,0,No,Yes,16,Yes,DSL,Month-to-month,Bank transfer,49.83,778.24,No
CUST2379,Male,0,No,Yes,4,Yes,DSL,Month-to-month,Electronic check,77.14,203.71,No
CUST2380,Female,0,No,Yes,1,Yes,Fiber optic,One year,Credit card,31.14,-117.17,No
CUST2381,Female,0,Yes,Yes,57,Yes,No,Two year,Credit card,41.24,2306.6,No
CUST2382,Male,0,Yes,Yes,11,Yes,DSL,Month-to-month,Electronic check,67.4,714.36,No
CUST2383,Female,0,No,No,4,Yes,DSL,Two year,Credit card,38.17,264.33,No
CUST2384,Female,1,Yes,No,59,Yes,Fiber optic,Month-to-month,Mailed check,31.82,1884.01,No
CUST2385,Male,0,No,No,40,No,DSL,Month-to-month,Mailed check,48.64,1828.43,No
CUST2386,Female,0,No,Yes,19,Yes,No,Month-to-month,Credit card,104.39,1910.24,Yes
CUST2387,Female,0,No,No,71,Yes,DSL,Month-to-month,Electronic check,116.71,8357.76,Yes
CUST2388,Female,1,No,Yes,0,Yes,Fiber optic,Two year,Electronic check,69.02,-42.38,No
CUST2389,Male,0,Yes,Yes,55,Yes,Fiber optic,Month-to-month,Electronic check,87.47,4701.54,No
CUST2390,Female,0,Yes,Yes,69,Yes,Fiber optic,Month-to-month,Bank transfer,53.1,,Yes
CUST2391,Female,0,Yes,Yes,55,Yes,Fiber optic,One year,Electronic check,354.11098684210526,362.66,Yes
CUST2392,Female,0,Yes,Yes,53,Yes,DSL,Two year,Electronic check,43.19,2336.88,No
CUST2393,Female,0,Yes,No,10,No,DSL,One year,Mailed check,60.75,643.8,No
CUST2394,Male,0,Yes,No,2,Yes,No,Month-to-month,Bank transfer,74.23,33.72,No
CUST2395,Male,0,No,No,27,Yes,No,Month-to-month,Mailed check,66.97,1986.69,Yes
CUST2396,Female,0,Yes,Yes,4,Yes,DSL,Month-to-month,Credit card,61.55,233.91,No
CUST2397,Female,1,Yes,No,15,Yes,No,Month-to-month,Credit card,52.76,,No
CUST2398,Male,0,Yes,Yes,30,Yes,Fiber optic,Two year,Electronic check,80.32,2447.66,Yes
CUST2399,Male,1,No,No,27,Yes,Fiber optic,Month-to-month,Bank transfer,29.08,525.33,Yes
CUST2400,Female,0,Yes,No,6,Yes,DSL,Month-to-month,Credit card,94.06,668.34,No
CUST2401,Male,0,No,No,8,Yes,Fiber optic,One year,Electronic check,52.41,424.99,No
CUST2402,Female,0,Yes,No,38,Yes,DSL,Two year,Bank transfer,132.01,5001.76,No
CUST2403,Male,0,Yes,No,42,Yes,Fiber optic,Month-to-month,Credit card,60.54,2534.22,No
CUST2404,Male,0,Yes,No,26,Yes,DSL,Month-to-month,Credit card,55.59,1495.51,No
CUST2405,Male,0,No,Yes,32,Yes,Fiber optic,Month-to-month,Bank transfer,53.12,1643.32,No
CUST2406,Male,0,No,Yes,55,Yes,DSL,Month-to-month,Bank transfer,55.89,3064.46,Yes
CUST2407,Female,0,Yes,Yes,1,Yes,DSL,Month-to-month,Bank transfer,88.22,91.56,Yes
CUST2408,Male,0,Yes,Yes,13,Yes,DSL,Month-to-month,Bank transfer,68.73,596.89,No
CUST2409,Male,0,Yes,Yes,12,Yes,DSL,Month-to-month,Credit card,99.61,1246.25,No
CUST2410,Female,0,No,No,23,Yes,Fiber optic,Month-to-month,Bank transfer,83.93,1998.2,Yes
CUST2411,Male,0,No,Yes,68,Yes,DSL,Month-to-month,Mailed check,70.94,4860.66,Yes
CUST2412,Male,1,Yes,Yes,33,Yes,No,Two year,Mailed check,81.19,,No
CUST2413,Female,0,No,Yes,18,Yes,Fiber optic,Month-to-month,Credit card,105.89,2057.17,Yes
CUST2414,Male,0,No,Yes,29,Yes,Fiber optic,Two year,Credit card,89.7,2588.39,Yes
CUST2415,Female,0,No,Yes,48,Yes,DSL,Month-to-month,Electronic check,78.42,3754.7,Yes
CUST2416,Female,0,No,Yes,42,Yes,Fiber optic,One year,Credit card,82.68,3398.85,No
CUST2417,Female,1,Yes,Yes,15,Yes,DSL,Month-to-month,Bank transfer,35.42,331.43,No
CUST2418,Female,0,Yes,Yes,51,Yes,Fiber optic,Month-to-month,Bank transfer,147.15,7541.94,Yes
CUST2419,Male,0,No,Yes,48,Yes,DSL,One year,Credit card,85.84,4057.4,No
CUST2420,Female,0,No,No,10,Yes,Fiber optic,One year,Mailed check,88.84,687.43,Yes
CUST2421,Male,0,No,Yes,46,Yes,DSL,Two year,Electronic check,69.14,3164.42,No
CUST2422,Male,1,Yes,Yes,34,Yes,No,One year,Credit card,1.07,17.57,Yes
CUST2423,Male,0,Yes,No,70,Yes,DSL,Month-to-month,Credit card,62.04,4311.28,No
CUST2424,Male,0,No,No,28,Yes,DSL,Month-to-month,Electronic check,72.28,2028.91,No
CUST2425,Male,0,No,Yes,53,No,Fiber optic,Month-to-month,Mailed check,45.31,2236.83,Yes
CUST2426,Male,0,No,Yes,22,Yes,No,Month-to-month,Credit card,354.11098684210526,1081.81,Yes
CUST2427,Male,0,No,Yes,23,Yes,Fiber optic,One year,Mailed check,,1410.71,Yes
CUST2428,Male,0,Yes,No,9,Yes,DSL,Month-to-month,Bank transfer,93.15,954.13,No
CUST2429,Male,0,Yes,Yes,60,Yes,Fiber optic,Two year,Mailed check,107.67,6396.24,No
CUST2430,Male,1,Yes,No,7,Yes,No,Month-to-month,Bank transfer,75.13,560.43,No
CUST2431,Female,0,Yes,No,47,Yes,DSL,Month-to-month,Electronic check,52.98,2294.69,No
CUST2432,Female,0,Yes,No,28,Yes,DSL,Month-to-month,Credit card,59.13,1563.8,No
CUST2433,Female,0,Yes,No,25,Yes,No,Month-to-month,Bank transfer,72.99,1679.04,No
CUST2434,Male,1,No,No,36,Yes,No,One year,Mailed check,76.54,2772.93,No
CUST2435,Female,0,No,Yes,51,Yes,Fiber optic,Two year,Credit card,83.05,4116.61,No
CUST2436,Female,0,Yes,Yes,37,Yes,No,Month-to-month,Bank transfer,56.82,2050.1,No
CUST2437,Female,0,Yes,No,5,Yes,DSL,One year,Bank transfer,85.88,420.5,No
CUST2438,Male,0,Yes,No,7,Yes,Fiber optic,One year,Mailed check,83.51,535.33,No
CUST2439,Male,0,No,No,16,Yes,Fiber optic,Two year,Bank transfer,58.15,790.28,No
CUST2440,Male,0,No,No,61,Yes,Fiber optic,Month-to-month,Electronic check,18.42,1279.73,No
CUST2441,Male,0,No,Yes,33,Yes,Fiber optic,Month-to-month,Bank transfer,43.45,1436.89,No
CUST2442,Female,0,No,No,18,Yes,No,Month-to-month,Mailed check,117.03,2263.55,Yes
CUST2443,Female,0,Yes,No,69,Yes,DSL,Month-to-month,Credit card,19.19,1212.43,Yes
CUST2444,Female,1,No,Yes,36,Yes,DSL,Month-to-month,Mailed check,109.53,3897.01,No
CUST2445,Female,1,Yes,Yes,37,Yes,DSL,Month-to-month,Mailed check,,671.39,No
CUST2446,Male,0,No,Yes,14,Yes,Fiber optic,One year,Credit card,46.81,800.09,No
CUST2447,Male,0,No,Yes,39,Yes,DSL,Month-to-month,Bank transfer,58.76,2447.94,No
CUST2448,Male,0,No,No,8,Yes,No,One year,Electronic check,123.47,935.85,No
CUST2449,Female,0,No,No,52,Yes,DSL,One year,Mailed check,70.78,3599.1,No
CUST2450,Male,0,Yes,No,69,Yes,DSL,Two year,Mailed check,63.58,4377.98,Yes
CUST2451,Male,0,Yes,No,65,Yes,Fiber optic,Month-to-month,Electronic check,41.94,2837.64,No
CUST2452,Female,0,Yes,No,51,Yes,Fiber optic,Month-to-month,Mailed check,85.66,4373.75,No
CUST2453,Female,0,Yes,No,0,Yes,DSL,Month-to-month,Credit card,54.62,23.33,No
CUST2454,Male,0,Yes,No,29,Yes,Fiber optic,Month-to-month,Bank transfer,63.13,1941.38,No
CUST2455,Male,0,Yes,No,0,Yes,Fiber optic,One year,Credit card,59.25,94.48,Yes
CUST2456,Male,0,Yes,No,38,Yes,DSL,Month-to-month,Mailed check,91.6,3579.15,Yes
CUST2457,Male,0,No,Yes,15,Yes,DSL,Month-to-month,Credit card,92.85,1454.95,No
CUST2458,Male,0,Yes,No,16,Yes,Fiber optic,Month-to-month,Mailed check,43.29,827.85,No
CUST2459,Male,0,No,Yes,21,Yes,DSL,Month-to-month,Bank transfer,51.18,953.28,Yes
CUST2460,Female,0,Yes,Yes,30,No,No,Two year,Credit card,48.22,,No
CUST2461,Female,0,No,Yes,39,No,Fiber optic,Two year,Credit card,75.5,3050.54,No
CUST2462,Female,1,Yes,Yes,26,Yes,DSL,Month-to-month,Electronic check,97.2,2511.17,No
CUST2463,Male,0,No,No,35,Yes,DSL,Month-to-month,Electronic check,75.9,2767.47,No
CUST2464,Female,0,Yes,Yes,3,Yes,DSL,Two year,Mailed check,4.28,-21.9,No
CUST2465,Male,0,Yes,Yes,68,Yes,Fiber optic,Two year,Credit card,92.79,6357.2,No
CUST2466,Male,1,Yes,No,24,Yes,Fiber optic,Two year,Bank transfer,29.53,767.92,No
CUST2467,Female,1,Yes,Yes,29,Yes,Fiber optic,Month-to-month,Bank transfer,,1493.88,No
CUST2468,Male,0,No,No,46,Yes,DSL,Month-to-month,Electronic check,75.95,3447.73,No
CUST2469,Male,1,Yes,No,11,Yes,DSL,Month-to-month,Electronic check,67.48,830.62,No
CUST2470,Female,0,Yes,No,26,Yes,DSL,Two year,Electronic check,96.18,2456.49,No
CUST2471,Female,0,No,No,44,Yes,DSL,Two year,Bank transfer,51.68,2347.02,No
CUST2472,Female,0,Yes,Yes,62,Yes,Fiber optic,Month-to-month,Bank transfer,41.0,2540.21,Yes
CUST2473,Male,0,No,No,54,Yes,No,Month-to-month,Bank transfer,60.65,3092.7,Yes
CUST2474,Female,1,No,Yes,29,Yes,Fiber optic,One year,Mailed check,99.31,2806.31,No
CUST2475,Female,0,Yes,Yes,13,Yes,Fiber optic,One year,Credit card,88.89,,Yes
CUST2476,Male,1,Yes,No,55,Yes,DSL,One year,Mailed check,72.61,3963.18,Yes
CUST2477,Female,0,No,Yes,18,Yes,DSL,One year,Credit card,109.78,2097.39,No
CUST2478,Female,0,Yes,No,25,Yes,DSL,Month-to-month,Credit card,104.35,2487.42,No
CUST2479,Female,0,No,Yes,70,No,DSL,Month-to-month,Credit card,93.65,6625.11,No
CUST2480,Male,0,Yes,Yes,37,Yes,Fiber optic,One year,Electronic check,34.66,1277.67,No
CUST2481,Male,0,Yes,Yes,68,Yes,DSL,One year,Credit card,93.5,6333.32,Yes
CUST2482,Male,0,No,Yes,35,Yes,No,Month-to-month,Electronic check,63.93,2119.72,Yes
CUST2483,Male,1,Yes,No,17,No,No,Month-to-month,Credit card,58.15,1009.55,No
CUST2484,Female,0,Yes,No,56,Yes,DSL,One year,Mailed check,49.52,2672.23,No
CUST2485,Male,0,Yes,Yes,22,Yes,Fiber optic,Month-to-month,Mailed check,64.85,1363.09,No
CUST2486,Male,0,No,Yes,13,Yes,Fiber optic,Month-to-month,Credit card,51.23,651.92,No
CUST2487,Female,0,Yes,Yes,68,Yes,DSL,One year,Mailed check,75.09,5069.55,Yes
CUST2488,Female,1,No,Yes,21,Yes,No,One year,Mailed check,64.81,1463.79,No
CUST2489,Female,0,Yes,No,27,Yes,DSL,One year,Credit card,76.62,1809.72,No
CUST2490,Male,0,No,Yes,42,Yes,Fiber optic,Month-to-month,Credit card,86.6,3619.36,No
CUST2491,Male,0,Yes,Yes,17,Yes,DSL,Month-to-month,Electronic check,61.17,1003.61,No
CUST2492,Male,0,Yes,Yes,35,Yes,DSL,Month-to-month,Mailed check,47.88,1674.95,No
CUST2493,Female,0,No,No,6,Yes,Fiber optic,One year,Mailed check,9.81,4.43,No
CUST2494,Female,0,Yes,Yes,22,Yes,No,One year,Credit card,93.12,2151.03,No
CUST2495,Male,0,No,No,33,Yes,DSL,Month-to-month,Bank transfer,72.36,2362.11,No
CUST2496,Female,0,Yes,No,20,Yes,DSL,Month-to-month,Electronic check,64.71,1307.49,No
CUST2497,Female,0,No,Yes,69,Yes,Fiber optic,Month-to-month,Electronic check,105.16,7345.27,No
CUST2498,Female,0,Yes,Yes,46,Yes,DSL,Month-to-month,Bank transfer,31.34,1446.84,Yes
CUST2499,Male,0,No,Yes,52,Yes,Fiber optic,Month-to-month,Electronic check,71.69,3600.96,No
CUST2500,Female,0,Yes,No,40,Yes,Fiber optic,One year,Electronic check,41.08,1600.54,No
CUST2501,Female,0,No,No,31,Yes,No,One year,Mailed check,89.68,2767.67,No
CUST2502,Male,0,No,Yes,13,Yes,Fiber optic,One year,Mailed check,3.22,-122.8,No
CUST2503,Male,1,Yes,No,16,Yes,No,Two year,Credit card,94.12,1434.74,No
CUST2504,Female,0,No,Yes,24,No,Fiber optic,Month-to-month,Credit card,92.88,2222.29,No
CUST2505,Female,0,No,Yes,63,Yes,No,Two year,Electronic check,42.31,2866.75,No
CUST2506,Male,1,Yes,Yes,47,Yes,DSL,Month-to-month,Bank transfer,71.99,3420.64,Yes
CUST2507,Male,0,Yes,Yes,34,No,Fiber optic,Month-to-month,Credit card,42.95,1476.07,No
CUST2508,Female,0,Yes,Yes,36,Yes,No,Month-to-month,Credit card,82.83,3150.94,Yes
CUST2509,Female,0,Yes,Yes,54,Yes,Fiber optic,Month-to-month,Bank transfer,94.61,5167.72,Yes
CUST2510,Female,0,Yes,No,16,Yes,No,Month-to-month,Electronic check,39.85,710.49,No
CUST2511,Female,0,Yes,No,27,Yes,DSL,Month-to-month,Electronic check,31.1,799.01,No
CUST2512,Male,0,No,No,0,Yes,No,Month-to-month,Credit card,102.89,-126.55,No
CUST2513,Female,1,No,Yes,52,Yes,Fiber optic,Two year,Electronic check,128.24,6694.64,No
CUST2514,Female,0,No,Yes,54,Yes,DSL,Month-to-month,Electronic check,84.83,4763.04,No
CUST2515,Male,0,Yes,Yes,60,Yes,DSL,Month-to-month,Credit card,87.05,5374.3,No
CUST2516,Female,0,Yes,No,12,Yes,DSL,Two year,Credit card,60.04,786.26,No
CUST2517,Male,0,No,Yes,46,Yes,No,One year,Mailed check,75.4,3399.74,No
CUST2518,Female,0,No,No,63,Yes,Fiber optic,Month-to-month,Mailed check,80.52,4917.7,No
CUST2519,Female,0,Yes,Yes,31,Yes,No,Month-to-month,Electronic check,64.52,1917.9,No
CUST2520,Male,0,No,No,27,Yes,Fiber optic,One year,Bank transfer,110.5,3005.27,No
CUST2521,Male,0,Yes,Yes,52,Yes,No,Month-to-month,Mailed check,75.3,3868.5,No
CUST2522,Female,1,Yes,Yes,30,Yes,Fiber optic,Month-to-month,Electronic check,79.17,2475.31,No
CUST2523,Female,1,No,No,7,Yes,DSL,Month-to-month,Bank transfer,65.14,307.06,No
CUST2524,Female,0,Yes,No,71,Yes,DSL,One year,Mailed check,68.19,4828.61,No
CUST2525,Male,0,Yes,No,24,Yes,No,Month-to-month,Mailed check,106.56,2480.77,No
CUST2526,Female,0,Yes,Yes,32,Yes,DSL,Month-to-month,Electronic check,74.38,2479.29,No
CUST2527,Male,1,Yes,No,67,Yes,DSL,Month-to-month,Credit card,,5084.62,No
CUST2528,Male,0,No,No,6,Yes,DSL,One year,Credit card,75.47,369.72,No
CUST2529,Female,0,Yes,Yes,65,Yes,DSL,One year,Bank transfer,59.06,3924.32,No
CUST2530,Male,0,Yes,Yes,45,Yes,No,One year,Credit card,27.76,1086.92,No
CUST2531,Female,0,No,No,4,Yes,Fiber optic,Month-to-month,Electronic check,117.18,290.07,Yes
CUST2532,Female,0,Yes,Yes,16,Yes,Fiber optic,Two year,Mailed check,102.05,1544.28,No
CUST2533,Female,0,Yes,No,51,Yes,No,Month-to-month,Bank transfer,107.47,5282.68,No
CUST2534,Female,0,No,No,11,No,Fiber optic,Month-to-month,Credit card,37.82,,No
CUST2535,Female,0,No,No,61,Yes,No,Two year,Mailed check,113.35,6906.27,No
CUST2536,Male,0,Yes,Yes,34,Yes,DSL,Two year,Electronic check,129.01,4345.79,No
CUST2537,Male,0,Yes,No,61,Yes,No,One year,Electronic check,101.34,6235.63,Yes
CUST2538,Female,1,No,No,20,Yes,DSL,Two year,Mailed check,119.43,2316.26,No
CUST2539,Female,0,Yes,Yes,65,No,Fiber optic,Month-to-month,Electronic check,93.94,5976.34,Yes
CUST2540,Male,1,Yes,No,52,Yes,Fiber optic,Month-to-month,Electronic check,44.6,2239.48,No
CUST2541,Male,0,Yes,No,20,Yes,DSL,Month-to-month,Mailed check,85.23,1582.56,No
CUST2542,Male,0,No,No,14,No,DSL,Month-to-month,Credit card,39.39,490.28,No
CUST2543,Male,0,Yes,Yes,22,Yes,DSL,One year,Bank transfer,52.08,1205.36,No
CUST2544,Female,0,No,No,30,Yes,DSL,Month-to-month,Mailed check,79.49,2209.06,Yes
CUST2545,Female,0,No,Yes,53,Yes,Fiber optic,Two year,Mailed check,75.46,3965.41,No
CUST2546,Male,0,No,Yes,54,Yes,No,Month-to-month,Credit card,83.89,4625.82,Yes
CUST2547,Female,0,No,No,25,Yes,Fiber optic,Month-to-month,Bank transfer,16.24,513.17,Yes
CUST2548,Male,0,Yes,No,52,Yes,Fiber optic,Month-to-month,Electronic check,65.37,3331.04,No
CUST2549,Female,0,No,Yes,65,Yes,DSL,Two year,Credit card,86.47,5841.87,No
CUST2550,Male,1,Yes,No,38,Yes,DSL,One year,Bank transfer,92.45,3407.94,Yes
CUST2551,Female,0,No,No,6,Yes,Fiber optic,One year,Mailed check,94.41,543.61,Yes
CUST2552,Male,1,No,Yes,38,Yes,No,One year,Bank transfer,77.54,2829.49,No
CUST2553,Male,0,Yes,No,31,Yes,No,One year,Credit card,58.62,1860.53,No
CUST2554,Female,0,No,No,25,Yes,DSL,Two year,Electronic check,85.04,2406.12,No
CUST2555,Male,0,No,Yes,28,Yes,Fiber optic,Month-to-month,Bank transfer,61.01,1892.65,Yes
CUST2556,Female,0,Yes,No,24,Yes,Fiber optic,Month-to-month,Bank transfer,97.03,2413.36,No
CUST2557,Female,0,No,Yes,55,Yes,Fiber optic,Month-to-month,Mailed check,82.82,4494.35,Yes
CUST2558,Male,0,No,Yes,30,Yes,Fiber optic,Two year,Bank transfer,68.15,2027.71,No
CUST2559,Female,0,No,No,65,Yes,Fiber optic,Two year,Mailed check,46.93,3162.05,No
CUST2560,Female,0,Yes,Yes,1,Yes,DSL,One year,Credit card,103.58,178.53,No
CUST2561,Female,0,No,No,46,Yes,No,Month-to-month,Electronic check,86.77,3999.71,No
CUST2562,Female,0,Yes,No,28,Yes,DSL,Month-to-month,Credit card,133.09,3740.71,No
CUST2563,Female,0,Yes,Yes,48,Yes,Fiber optic,Month-to-month,Bank transfer,85.79,4223.49,Yes
CUST2564,Male,0,Yes,Yes,31,Yes,No,Month-to-month,Bank transfer,88.3,2867.64,Yes
CUST2565,Female,0,No,Yes,29,Yes,Fiber optic,Month-to-month,Mailed check,26.04,605.09,No
CUST2566,Female,0,No,Yes,14,Yes,DSL,Month-to-month,Mailed check,79.31,1133.04,No
CUST2567,Female,0,No,Yes,61,Yes,DSL,Two year,Credit card,60.5,3748.32,No
CUST2568,Female,0,No,Yes,16,No,Fiber optic,Month-to-month,Credit card,94.79,1463.42,No
CUST2569,Female,0,Yes,No,21,No,DSL,Two year,Credit card,80.04,1808.74,Yes
CUST2570,Male,0,Yes,No,29,Yes,Fiber optic,One year,Electronic check,,2858.39,No
CUST2571,Female,1,No,Yes,15,Yes,DSL,Month-to-month,Mailed check,133.98,,No
CUST2572,Male,0,No,No,51,Yes,No,Month-to-month,Credit card,46.05,2311.72,No
CUST2573,Male,0,Yes,Yes,7,Yes,DSL,Two year,Mailed check,98.4,714.74,Yes
CUST2574,Male,0,No,Yes,63,No,Fiber optic,One year,Credit card,90.51,5725.86,No
CUST2575,Male,0,No,No,38,No,Fiber optic,Month-to-month,Electronic check,129.38,5082.7,No
CUST2576,Female,0,No,No,30,Yes,Fiber optic,Month-to-month,Mailed check,91.16,2808.9,No
CUST2577,Male,0,No,Yes,11,Yes,DSL,One year,Mailed check,88.04,922.68,No
CUST2578,Male,0,No,Yes,32,Yes,Fiber optic,Month-to-month,Mailed check,95.54,,Yes
CUST2579,Female,0,No,Yes,57,Yes,Fiber optic,Month-to-month,Mailed check,97.64,5537.86,No
CUST2580,Female,0,Yes,No,11,Yes,DSL,One year,Electronic check,113.63,1251.78,No
CUST2581,Female,0,Yes,Yes,24,No,No,One year,Credit card,45.42,995.62,No
CUST2582,Male,1,Yes,Yes,37,Yes,No,Month-to-month,Electronic check,58.23,2146.38,No
CUST2583,Female,0,Yes,No,47,Yes,DSL,Two year,Mailed check,122.06,5873.63,No
CUST2584,Female,0,No,No,54,Yes,Fiber optic,One year,Bank transfer,11.24,739.33,No
CUST2585,Male,0,No,No,2,Yes,Fiber optic,Two year,Electronic check,67.46,-21.57,No
CUST2586,Female,0,Yes,Yes,68,Yes,DSL,Month-to-month,Bank transfer,74.49,4893.0,No
CUST2587,Female,0,Yes,Yes,34,Yes,DSL,Month-to-month,Mailed check,64.69,2140.15,Yes
CUST2588,Female,0,Yes,No,50,Yes,No,Month-to-month,Mailed check,117.43,5693.59,Yes
CUST2589,Female,0,Yes,Yes,26,Yes,Fiber optic,Month-to-month,Electronic check,84.28,2064.94,No
CUST2590,Male,0,Yes,Yes,36,Yes,No,Two year,Bank transfer,58.38,2136.8,No
CUST2591,Female,0,No,No,15,Yes,Fiber optic,Two year,Electronic check,50.97,760.76,No
CUST2592,Female,0,No,No,24,Yes,DSL,One year,Electronic check,78.45,1710.71,No
CUST2593,Male,0,Yes,Yes,32,Yes,DSL,Month-to-month,Electronic check,104.98,3476.36,No
CUST2594,Female,0,Yes,No,61,Yes,Fiber optic,One year,Mailed check,74.15,4480.95,Yes
CUST2595,Male,0,No,No,16,Yes,Fiber optic,Month-to-month,Credit card,65.97,1003.69,No
CUST2596,Female,0,No,Yes,42,Yes,DSL,Month-to-month,Bank transfer,49.14,2165.54,No
CUST2597,Male,0,No,Yes,29,Yes,Fiber optic,Month-to-month,Credit card,81.22,2396.47,Yes
CUST2598,Male,1,Yes,Yes,40,Yes,No,Month-to-month,Credit card,79.56,3178.16,Yes
CUST2599,Male,0,No,Yes,3,Yes,Fiber optic,Month-to-month,Mailed check,48.27,95.35,Yes
CUST2600,Male,1,Yes,Yes,65,Yes,DSL,Month-to-month,Mailed check,100.79,6608.31,Yes
CUST2601,Female,0,Yes,Yes,59,Yes,DSL,Month-to-month,Mailed check,,7106.34,No
CUST2602,Male,0,No,No,8,Yes,No,One year,Electronic check,71.47,548.92,No
CUST2603,Female,0,No,No,30,Yes,No,Month-to-month,Mailed check,79.06,2254.15,Yes
CUST2604,Male,1,No,No,68,Yes,DSL,One year,Mailed check,36.85,2620.06,No
CUST2605,Male,0,Yes,Yes,23,No,No,Month-to-month,Mailed check,354.11098684210526,2274.02,Yes
CUST2606,Male,0,No,Yes,23,Yes,DSL,Month-to-month,Mailed check,83.93,1951.58,No
CUST2607,Female,0,No,Yes,44,Yes,DSL,One year,Credit card,60.22,2601.07,No
CUST2608,Male,0,Yes,Yes,36,Yes,DSL,Month-to-month,Credit card,47.7,1810.74,No
CUST2609,Female,0,No,Yes,57,Yes,DSL,Month-to-month,Mailed check,125.43,7208.38,No
CUST2610,Female,1,No,No,22,Yes,No,Two year,Credit card,81.48,1748.18,No
CUST2611,Female,1,Yes,Yes,34,Yes,Fiber optic,Month-to-month,Mailed check,42.47,1559.09,No
CUST2612,Female,0,Yes,No,62,Yes,DSL,Two year,Bank transfer,95.67,5889.09,Yes
CUST2613,Female,1,Yes,Yes,5,Yes,No,Month-to-month,Electronic check,76.89,255.84,No
CUST2614,Female,0,Yes,No,5,Yes,No,Month-to-month,Mailed check,71.77,352.27,No
CUST2615,Female,0,Yes,No,29,No,DSL,One year,Credit card,99.36,2989.87,No
CUST2616,Female,0,No,No,0,Yes,Fiber optic,Month-to-month,Electronic check,8.38,10.28,No
CUST2617,Female,0,No,No,62,No,Fiber optic,Month-to-month,Credit card,15.79,861.72,Yes
CUST2618,Male,1,Yes,No,7,Yes,Fiber optic,Month-to-month,Bank transfer,111.38,739.35,No
CUST2619,Male,0,No,No,27,Yes,Fiber optic,Month-to-month,Bank transfer,66.13,1905.14,No
CUST2620,Male,0,No,No,32,Yes,DSL,One year,Electronic check,57.2,1857.78,Yes
CUST2621,Male,0,Yes,Yes,52,Yes,DSL,One year,Bank transfer,29.87,,No
CUST2622,Male,0,Yes,Yes,37,Yes,No,Two year,Mailed check,75.82,2792.3,Yes
CUST2623,Female,0,Yes,No,51,Yes,No,Month-to-month,Bank transfer,79.52,4163.51,No
CUST2624,Female,1,No,Yes,10,Yes,DSL,One year,Credit card,113.22,1233.67,Yes
CUST2625,Female,0,Yes,Yes,1,Yes,DSL,Month-to-month,Mailed check,81.17,-58.95,No
CUST2626,Female,0,No,No,52,Yes,No,One year,Credit card,60.92,3261.83,Yes
CUST2627,Female,0,No,Yes,67,Yes,DSL,Two year,Electronic check,82.17,5557.03,Yes
CUST2628,Female,0,No,No,6,Yes,DSL,Month-to-month,Electronic check,103.28,778.98,No
CUST2629,Female,0,No,Yes,66,Yes,DSL,Two year,Electronic check,96.74,6377.93,Yes
CUST2630,Male,0,Yes,No,8,Yes,Fiber optic,One year,Credit card,88.64,822.64,No
CUST2631,Male,0,No,Yes,62,Yes,DSL,One year,Credit card,78.24,4897.77,No
CUST2632,Male,0,Yes,No,10,Yes,Fiber optic,One year,Electronic check,52.56,414.21,No
CUST2633,Male,0,No,Yes,36,Yes,DSL,One year,Credit card,39.02,1506.78,No
CUST2634,Female,0,Yes,Yes,13,Yes,No,Two year,Electronic check,34.27,526.45,No
CUST2635,Female,0,Yes,Yes,18,Yes,No,One year,Electronic check,81.82,1407.77,Yes
CUST2636,Female,0,Yes,No,7,Yes,No,Month-to-month,Credit card,84.95,623.6,No
CUST2637,Male,0,No,No,6,Yes,No,One year,Mailed check,102.83,827.76,Yes
CUST2638,Female,1,No,Yes,58,Yes,Fiber optic,Month-to-month,Electronic check,86.85,4989.0,Yes
CUST2639,Female,0,No,Yes,62,No,DSL,Two year,Bank transfer,101.53,6367.48,Yes
CUST2640,Female,0,Yes,No,6,Yes,DSL,Two year,Mailed check,66.08,286.99,No
CUST2641,Male,0,No,Yes,54,Yes,DSL,Month-to-month,Mailed check,93.13,4971.99,Yes
CUST2642,Female,0,No,Yes,2,Yes,DSL,One year,Mailed check,,160.98,No
CUST2643,Male,0,No,No,66,Yes,Fiber optic,Two year,Mailed check,68.19,4526.21,No
CUST2644,Male,1,Yes,No,17,Yes,No,Month-to-month,Electronic check,15.06,235.9,No
CUST2645,Male,0,No,Yes,44,Yes,Fiber optic,Month-to-month,Electronic check,70.95,3292.05,Yes
CUST2646,Male,0,No,No,35,Yes,Fiber optic,Month-to-month,Electronic check,106.74,3643.72,No
CUST2647,Female,0,Yes,Yes,15,Yes,Fiber optic,One year,Bank transfer,72.11,1067.05,No
CUST2648,Male,0,Yes,Yes,28,Yes,DSL,Month-to-month,Electronic check,91.65,2615.38,No
CUST2649,Male,0,Yes,No,58,Yes,No,One year,Electronic check,78.2,4448.45,No
CUST2650,Female,1,Yes,Yes,17,Yes,Fiber optic,Month-to-month,Bank transfer,52.89,950.05,No
CUST2651,Female,0,Yes,No,48,Yes,DSL,Month-to-month,Electronic check,64.4,3198.67,No
CUST2652,Male,0,Yes,No,45,Yes,No,Month-to-month,Credit card,105.39,4731.09,Yes
CUST2653,Female,0,No,Yes,28,Yes,Fiber optic,Month-to-month,Credit card,91.5,2493.47,Yes
CUST2654,Male,0,No,No,69,No,Fiber optic,Month-to-month,Electronic check,51.47,3520.19,No
CUST2655,Male,0,Yes,Yes,49,Yes,Fiber optic,Month-to-month,Mailed check,28.38,1122.78,No
CUST2656,Male,0,No,No,54,Yes,Fiber optic,One year,Electronic check,76.21,4215.95,No
CUST2657,Male,0,Yes,Yes,26,Yes,DSL,Month-to-month,Bank transfer,52.54,1392.5,No
CUST2658,Female,0,No,No,6,Yes,No,One year,Mailed check,64.68,370.44,No
CUST2659,Male,0,Yes,Yes,40,Yes,No,Month-to-month,Bank transfer,26.37,888.12,Yes
CUST2660,Female,0,Yes,Yes,10,Yes,Fiber optic,Month-to-month,Credit card,101.22,1123.1,No
CUST2661,Female,0,No,No,4,Yes,Fiber optic,Month-to-month,Bank transfer,67.09,224.6,No
CUST2662,Female,0,No,Yes,65,Yes,No,One year,Electronic check,71.64,4713.12,Yes
CUST2663,Female,0,No,Yes,55,Yes,DSL,Month-to-month,Credit card,45.01,2474.41,No
CUST2664,Male,0,No,Yes,11,Yes,No,Month-to-month,Mailed check,61.68,516.99,No
CUST2665,Female,0,No,Yes,41,Yes,Fiber optic,Two year,Electronic check,73.67,3147.32,No
CUST2666,Male,0,No,Yes,9,Yes,Fiber optic,One year,Credit card,51.6,572.26,No
CUST2667,Female,0,No,Yes,27,No,Fiber optic,Month-to-month,Mailed check,63.52,1791.44,No
CUST2668,Female,1,No,No,6,Yes,Fiber optic,One year,Credit card,111.59,701.02,No
CUST2669,Male,0,Yes,No,13,Yes,DSL,One year,Mailed check,17.5,107.75,No
CUST2670,Male,0,No,No,68,Yes,Fiber optic,One year,Mailed check,,5223.62,Yes
CUST2671,Male,0,No,No,60,No,Fiber optic,Month-to-month,Bank transfer,46.44,3006.9,No
CUST2672,Female,0,Yes,Yes,50,No,Fiber optic,Month-to-month,Electronic check,110.09,5516.11,Yes
CUST2673,Female,0,Yes,Yes,41,Yes,DSL,One year,Mailed check,64.58,2661.35,No
CUST2674,Male,0,Yes,No,7,Yes,Fiber optic,Month-to-month,Mailed check,38.59,159.95,No
CUST2675,Male,0,Yes,Yes,49,Yes,Fiber optic,Two year,Bank transfer,63.53,2905.93,No
CUST2676,Male,0,No,No,0,No,No,Month-to-month,Mailed check,80.49,-35.91,Yes
CUST2677,Male,0,No,Yes,68,Yes,No,Month-to-month,Mailed check,153.27,10570.53,No
CUST2678,Female,0,Yes,Yes,10,Yes,No,Two year,Credit card,6.71,201.48,No
CUST2679,Male,0,Yes,No,47,No,DSL,Month-to-month,Electronic check,34.03,1592.87,Yes
CUST2680,Male,0,No,Yes,9,Yes,No,Month-to-month,Bank transfer,109.16,1025.45,Yes
CUST2681,Male,0,No,No,14,Yes,DSL,One year,Bank transfer,24.73,224.38,Yes
CUST2682,Male,0,No,No,46,Yes,DSL,Month-to-month,Mailed check,70.29,3244.46,Yes
CUST2683,Female,0,No,No,24,Yes,DSL,One year,Mailed check,55.5,1279.56,No
CUST2684,Male,1,Yes,Yes,5,Yes,No,Month-to-month,Bank transfer,50.79,259.42,No
CUST2685,Female,0,No,Yes,10,Yes,DSL,Month-to-month,Mailed check,64.83,620.83,No
CUST2686,Male,0,Yes,No,16,Yes,DSL,Month-to-month,Mailed check,60.02,931.07,No
CUST2687,Male,0,Yes,Yes,14,Yes,DSL,One year,Credit card,101.71,1523.58,Yes
CUST2688,Female,0,Yes,No,15,Yes,Fiber optic,Month-to-month,Bank transfer,109.85,1844.14,Yes
CUST2689,Male,0,No,No,55,No,No,Month-to-month,Mailed check,82.79,4536.5,Yes
CUST2690,Female,0,Yes,Yes,65,Yes,Fiber optic,One year,Electronic check,62.92,4231.66,No
CUST2691,Female,0,No,No,35,Yes,Fiber optic,Two year,Mailed check,77.75,,Yes
CUST2692,Male,0,Yes,Yes,37,Yes,DSL,One year,Credit card,94.15,3474.33,No
CUST2693,Female,0,No,Yes,2,Yes,DSL,Month-to-month,Credit card,100.05,70.48,No
CUST2694,Female,1,Yes,Yes,17,No,DSL,Month-to-month,Bank transfer,81.1,,No
CUST2695,Female,0,Yes,No,53,Yes,Fiber optic,One year,Credit card,115.83,6210.56,Yes
CUST2696,Female,0,No,No,16,Yes,Fiber optic,Two year,Credit card,51.5,935.86,Yes
CUST2697,Female,0,No,Yes,12,Yes,DSL,Two year,Electronic check,104.2,1172.55,Yes
CUST2698,Female,0,Yes,Yes,62,Yes,No,Two year,Credit card,91.13,5695.87,Yes
CUST2699,Female,0,Yes,No,13,Yes,No,One year,Mailed check,51.7,795.1,No
CUST2700,Female,0,No,Yes,58,Yes,DSL,Month-to-month,Credit card,76.98,4573.61,No
CUST2701,Male,0,Yes,Yes,35,Yes,DSL,One year,Electronic check,,2792.3,No
CUST2702,Male,0,No,No,17,Yes,Fiber optic,One year,Bank transfer,65.74,1058.66,No
CUST2703,Female,1,No,No,4,Yes,DSL,Two year,Electronic check,65.41,,No
CUST2704,Male,0,Yes,No,13,No,DSL,Two year,Mailed check,24.26,231.12,Yes
CUST2705,Female,0,No,Yes,24,Yes,DSL,Month-to-month,Mailed check,49.32,1180.52,No
CUST2706,Female,1,Yes,No,43,Yes,No,One year,Bank transfer,62.85,2620.23,No
CUST2707,Male,0,No,No,38,No,Fiber optic,Month-to-month,Electronic check,52.82,2074.96,No
CUST2708,Female,0,No,No,11,Yes,DSL,Month-to-month,Electronic check,44.33,510.46,Yes
CUST2709,Female,0,Yes,No,60,Yes,DSL,Month-to-month,Bank transfer,101.83,6128.1,No
CUST2710,Female,0,No,No,61,Yes,DSL,Two year,Bank transfer,66.88,3895.63,No
CUST2711,Female,0,Yes,No,52,Yes,DSL,Two year,Bank transfer,135.0,7022.78,Yes
CUST2712,Male,0,No,No,52,Yes,Fiber optic,One year,Bank transfer,76.68,3941.45,No
CUST2713,Female,0,No,Yes,27,No,No,Month-to-month,Mailed check,101.2,2949.04,Yes
CUST2714,Female,0,No,No,34,Yes,DSL,Month-to-month,Mailed check,63.76,2039.85,Yes
CUST2715,Female,0,No,Yes,64,Yes,DSL,One year,Bank transfer,50.15,3189.06,Yes
CUST2716,Male,0,Yes,Yes,2,Yes,DSL,Month-to-month,Credit card,77.89,194.09,No
CUST2717,Female,0,No,No,42,Yes,DSL,Month-to-month,Bank transfer,108.87,4475.27,Yes
CUST2718,Male,0,No,Yes,49,Yes,No,Two year,Credit card,67.33,3492.0,No
CUST2719,Male,0,No,No,70,Yes,DSL,Month-to-month,Credit card,83.4,6032.88,Yes
CUST2720,Female,0,Yes,Yes,8,Yes,DSL,Month-to-month,Electronic check,77.73,536.0,Yes
CUST2721,Female,0,Yes,No,35,Yes,DSL,Month-to-month,Credit card,67.06,2287.92,No
CUST2722,Male,0,Yes,Yes,22,Yes,Fiber optic,Two year,Credit card,68.6,1723.88,No
CUST2723,Female,0,Yes,No,49,Yes,No,One year,Credit card,40.05,2101.98,No
CUST2724,Male,0,No,No,54,Yes,DSL,Two year,Mailed check,69.67,,Yes
CUST2725,Male,0,No,Yes,11,Yes,Fiber optic,One year,Electronic check,89.6,1028.74,No
CUST2726,Female,0,No,Yes,31,No,DSL,Month-to-month,Electronic check,78.87,2306.3,No
CUST2727,Female,0,Yes,No,23,Yes,Fiber optic,Two year,Credit card,75.53,1956.86,No
CUST2728,Male,1,Yes,Yes,66,Yes,Fiber optic,Month-to-month,Mailed check,91.75,6062.79,Yes
CUST2729,Male,0,No,No,26,Yes,Fiber optic,Month-to-month,Bank transfer,75.85,2030.66,No
CUST2730,Male,0,No,Yes,60,Yes,Fiber optic,Month-to-month,Mailed check,70.42,4131.7,Yes
CUST2731,Male,0,No,No,18,Yes,No,One year,Electronic check,92.05,1543.29,Yes
CUST2732,Female,1,Yes,Yes,50,Yes,Fiber optic,Two year,Credit card,74.1,3750.11,No
CUST2733,Female,0,No,No,63,Yes,Fiber optic,Month-to-month,Mailed check,62.9,4154.33,Yes
CUST2734,Female,0,No,Yes,1,Yes,Fiber optic,Month-to-month,Credit card,84.05,30.0,No
CUST2735,Female,0,Yes,No,35,Yes,Fiber optic,Two year,Bank transfer,68.94,2314.99,No
CUST2736,Female,0,Yes,Yes,10,Yes,DSL,Month-to-month,Mailed check,61.55,646.01,No
CUST2737,Male,0,No,No,67,Yes,DSL,One year,Bank transfer,74.66,5165.94,No
CUST2738,Female,0,Yes,Yes,67,Yes,DSL,Month-to-month,Bank transfer,75.01,4961.81,No
CUST2739,Female,1,No,Yes,63,Yes,Fiber optic,Month-to-month,Electronic check,36.89,2299.08,No
CUST2740,Female,1,No,No,0,Yes,Fiber optic,Month-to-month,Electronic check,80.0,83.71,No
CUST2741,Female,1,No,Yes,25,Yes,DSL,Month-to-month,Credit card,125.4,3229.44,No
CUST2742,Female,0,No,Yes,10,Yes,Fiber optic,One year,Bank transfer,40.61,377.66,Yes
CUST2743,Male,0,Yes,No,1,Yes,No,Two year,Bank transfer,54.92,164.58,No
CUST2744,Male,0,Yes,No,39,No,DSL,Month-to-month,Electronic check,153.4,6035.48,Yes
CUST2745,Male,0,Yes,No,3,No,DSL,One year,Bank transfer,45.34,137.64,No
CUST2746,Female,0,No,No,36,Yes,No,One year,Mailed check,108.59,3999.49,No
CUST2747,Male,0,No,Yes,60,Yes,Fiber optic,Month-to-month,Bank transfer,63.14,3864.86,No
CUST2748,Male,0,No,Yes,4,Yes,DSL,Month-to-month,Bank transfer,71.8,182.5,No
CUST2749,Female,0,Yes,Yes,14,Yes,Fiber optic,One year,Electronic check,66.06,1073.19,No
CUST2750,Female,0,Yes,No,66,Yes,Fiber optic,Month-to-month,Electronic check,82.77,5497.36,Yes
CUST2751,Female,0,No,Yes,25,Yes,Fiber optic,Month-to-month,Credit card,22.61,702.81,No
CUST2752,Male,0,Yes,Yes,5,Yes,Fiber optic,Two year,Electronic check,75.59,383.13,No
CUST2753,Male,0,Yes,No,43,No,Fiber optic,One year,Mailed check,57.9,2514.46,No
CUST2754,Female,0,Yes,Yes,57,No,Fiber optic,Month-to-month,Bank transfer,14.11,844.16,No
CUST2755,Female,0,Yes,Yes,45,Yes,DSL,Month-to-month,Credit card,103.63,4718.03,No
CUST2756,Male,0,No,No,41,Yes,Fiber optic,Month-to-month,Bank transfer,6.77,430.39,Yes
CUST2757,Male,0,Yes,Yes,47,Yes,No,Month-to-month,Electronic check,134.45,6365.79,No
CUST2758,Female,0,No,No,26,Yes,DSL,Month-to-month,Bank transfer,88.51,2298.46,No
CUST2759,Female,0,Yes,No,19,Yes,Fiber optic,Month-to-month,Bank transfer,29.17,655.18,No
CUST2760,Male,0,No,Yes,69,Yes,DSL,Month-to-month,Mailed check,110.14,7642.7,No
CUST2761,Female,0,No,Yes,34,Yes,DSL,One year,Bank transfer,47.49,1910.21,No
CUST2762,Male,1,Yes,Yes,47,Yes,No,Month-to-month,Mailed check,48.86,2325.56,No
CUST2763,Male,0,No,No,66,Yes,DSL,Month-to-month,Bank transfer,15.97,1177.79,No
CUST2764,Male,1,No,No,67,No,DSL,Month-to-month,Electronic check,44.08,3041.57,No
CUST2765,Male,0,Yes,Yes,51,Yes,Fiber optic,Month-to-month,Credit card,47.61,2223.12,No
CUST2766,Female,0,No,Yes,67,Yes,Fiber optic,Month-to-month,Electronic check,94.54,6260.5,No
CUST2767,Female,1,Yes,No,3,Yes,Fiber optic,Month-to-month,Credit card,105.02,271.12,No
CUST2768,Male,0,No,Yes,38,Yes,DSL,Month-to-month,Bank transfer,32.78,1095.67,No
CUST2769,Male,0,Yes,Yes,20,No,DSL,Month-to-month,Electronic check,78.12,1522.87,Yes
CUST2770,Male,0,Yes,No,65,Yes,DSL,One year,Mailed check,14.79,824.23,No
CUST2771,Male,0,Yes,Yes,15,Yes,Fiber optic,Month-to-month,Electronic check,78.23,1062.53,No
CUST2772,Male,1,Yes,Yes,6,Yes,Fiber optic,Month-to-month,Mailed check,134.86,833.32,No
CUST2773,Female,0,Yes,Yes,8,No,Fiber optic,Month-to-month,Bank transfer,16.61,324.82,No
CUST2774,Female,0,No,Yes,16,Yes,Fiber optic,Two year,Bank transfer,39.56,496.74,No
CUST2775,Female,0,No,No,11,Yes,DSL,Two year,Credit card,91.82,888.47,No
CUST2776,Female,0,Yes,No,56,Yes,Fiber optic,Month-to-month,Electronic check,95.36,5286.89,No
CUST2777,Male,0,No,No,44,Yes,DSL,Month-to-month,Bank transfer,41.77,1823.16,No
CUST2778,Male,0,No,No,10,Yes,DSL,Month-to-month,Credit card,114.21,987.89,No
CUST2779,Male,0,No,Yes,12,Yes,Fiber optic,Month-to-month,Credit card,45.53,476.45,No
CUST2780,Male,0,Yes,Yes,30,Yes,DSL,Month-to-month,Bank transfer,120.2,3526.85,No
CUST2781,Male,0,Yes,Yes,25,Yes,Fiber optic,Month-to-month,Mailed check,84.06,2133.34,No
CUST2782,Female,0,No,Yes,62,Yes,DSL,Month-to-month,Mailed check,108.14,6747.24,Yes
CUST2783,Male,0,Yes,No,30,Yes,Fiber optic,Month-to-month,Credit card,81.12,2418.32,No
CUST2784,Female,0,Yes,Yes,21,Yes,DSL,Month-to-month,Bank transfer,89.71,1846.13,No
CUST2785,Female,0,No,Yes,5,Yes,No,Two year,Electronic check,91.3,385.53,No
CUST2786,Female,0,Yes,No,19,Yes,DSL,Month-to-month,Electronic check,104.34,1987.62,No
CUST2787,Female,1,Yes,No,9,Yes,Fiber optic,One year,Credit card,69.02,523.57,No
CUST2788,Male,0,Yes,No,34,Yes,No,Month-to-month,Electronic check,43.0,1616.72,Yes
CUST2789,Female,1,Yes,Yes,25,Yes,Fiber optic,Month-to-month,Bank transfer,67.63,1540.96,No
CUST2790,Female,0,Yes,No,70,Yes,Fiber optic,Two year,Electronic check,49.98,3432.97,No
CUST2791,Female,0,No,Yes,36,Yes,Fiber optic,Month-to-month,Electronic check,,1956.66,No
CUST2792,Male,0,Yes,Yes,7,Yes,Fiber optic,Month-to-month,Bank transfer,119.64,797.62,No
CUST2793,Male,1,Yes,No,4,Yes,No,Month-to-month,Mailed check,88.68,421.92,No
CUST2794,Male,0,No,No,43,Yes,DSL,Month-to-month,Mailed check,87.3,3925.62,No
CUST2795,Female,1,No,No,66,Yes,No,Month-to-month,Credit card,102.18,6827.19,Yes
CUST2796,Female,1,Yes,Yes,71,Yes,Fiber optic,Month-to-month,Bank transfer,88.53,6165.43,No
CUST2797,Male,0,No,Yes,48,Yes,No,Month-to-month,Mailed check,126.01,5933.06,No
CUST2798,Female,0,Yes,Yes,35,Yes,DSL,Month-to-month,Electronic check,7.16,231.86,No
CUST2799,Male,0,No,No,25,Yes,No,Month-to-month,Credit card,40.07,1046.05,Yes
CUST2800,Male,0,Yes,Yes,44,Yes,DSL,Month-to-month,Bank transfer,48.98,2275.73,Yes
CUST2801,Female,0,No,Yes,60,No,Fiber optic,One year,Bank transfer,28.73,1645.3,No
CUST2802,Female,0,Yes,Yes,43,Yes,Fiber optic,Month-to-month,Credit card,73.39,3107.28,No
CUST2803,Female,0,No,Yes,3,No,Fiber optic,One year,Mailed check,74.8,199.33,Yes
CUST2804,Female,0,Yes,No,57,Yes,Fiber optic,Two year,Credit card,129.26,7340.75,No
CUST2805,Male,0,Yes,Yes,25,Yes,DSL,Month-to-month,Credit card,,2577.31,No
CUST2806,Male,0,Yes,No,28,Yes,Fiber optic,Month-to-month,Bank transfer,54.77,1523.16,No
CUST2807,Male,0,No,No,8,Yes,DSL,Month-to-month,Bank transfer,84.83,693.95,No
CUST2808,Male,0,No,Yes,35,Yes,Fiber optic,Month-to-month,Electronic check,15.19,622.8,No
CUST2809,Male,0,Yes,Yes,3,Yes,Fiber optic,One year,Credit card,74.27,381.92,Yes
CUST2810,Female,0,Yes,No,58,Yes,DSL,Month-to-month,Bank transfer,72.66,4210.76,No
CUST2811,Male,0,Yes,Yes,36,Yes,Fiber optic,Month-to-month,Bank transfer,42.94,1671.76,No
CUST2812,Male,0,Yes,No,12,Yes,Fiber optic,Month-to-month,Bank transfer,,950.3,No
CUST2813,Male,0,No,Yes,19,Yes,DSL,One year,Bank transfer,49.22,924.15,No
CUST2814,Female,0,No,Yes,16,Yes,No,Month-to-month,Credit card,42.02,615.96,No
CUST2815,Female,0,No,No,50,No,Fiber optic,One year,Credit card,90.23,4730.21,Yes
CUST2816,Female,1,Yes,Yes,54,Yes,DSL,One year,Mailed check,101.02,5567.19,Yes
CUST2817,Female,0,Yes,No,32,Yes,DSL,Month-to-month,Credit card,85.3,2730.85,No
CUST2818,Male,0,No,No,20,Yes,Fiber optic,Month-to-month,Bank transfer,56.86,1202.2,No
CUST2819,Male,0,No,Yes,21,Yes,DSL,Month-to-month,Electronic check,50.12,948.02,Yes
CUST2820,Female,0,No,No,24,Yes,DSL,Month-to-month,Credit card,57.79,1497.9,No
CUST2821,Female,0,No,Yes,66,Yes,DSL,One year,Mailed check,63.4,4004.4,Yes
CUST2822,Male,0,Yes,Yes,11,Yes,Fiber optic,Month-to-month,Credit card,43.84,589.3,Yes
CUST2823,Male,0,Yes,Yes,14,Yes,Fiber optic,Month-to-month,Bank transfer,101.61,1350.37,No
CUST2824,Female,0,Yes,No,1,Yes,DSL,Month-to-month,Mailed check,63.93,-101.46,No
CUST2825,Female,0,No,Yes,3,No,Fiber optic,Month-to-month,Bank transfer,92.95,78.71,Yes
CUST2826,Female,0,Yes,Yes,44,Yes,No,Month-to-month,Bank transfer,28.0,1184.38,Yes
CUST2827,Female,1,No,No,12,No,No,Month-to-month,Credit card,,663.31,No
CUST2828,Male,0,No,No,54,Yes,No,Month-to-month,Credit card,95.78,5033.13,Yes
CUST2829,Male,0,No,No,31,No,No,Month-to-month,Mailed check,96.21,2858.95,No
CUST2830,Male,0,No,No,21,Yes,DSL,Month-to-month,Mailed check,33.92,662.9,No
CUST2831,Female,0,No,Yes,54,Yes,DSL,Month-to-month,Mailed check,79.09,4351.62,No
CUST2832,Female,0,Yes,Yes,16,Yes,Fiber optic,Month-to-month,Mailed check,79.88,1371.33,No
CUST2833,Male,0,Yes,Yes,69,Yes,Fiber optic,Month-to-month,Electronic check,48.75,3377.74,Yes
CUST2834,Male,0,Yes,Yes,50,Yes,No,Month-to-month,Mailed check,80.71,4133.84,Yes
CUST2835,Male,0,No,No,7,Yes,DSL,Month-to-month,Credit card,22.59,226.89,No
CUST2836,Male,0,Yes,No,60,Yes,Fiber optic,Month-to-month,Electronic check,42.19,2489.7,No
CUST2837,Female,0,No,Yes,9,Yes,Fiber optic,Month-to-month,Bank transfer,,882.68,No
CUST2838,Male,0,Yes,No,18,Yes,Fiber optic,Month-to-month,Bank transfer,70.89,1147.6,Yes
CUST2839,Male,0,No,No,13,Yes,Fiber optic,Month-to-month,Mailed check,72.44,990.37,No
CUST2840,Male,0,No,No,66,Yes,DSL,Month-to-month,Bank transfer,64.75,4156.9,Yes
CUST2841,Male,0,Yes,No,54,Yes,No,Month-to-month,Electronic check,86.11,4664.22,No
CUST2842,Male,0,No,No,60,Yes,Fiber optic,Month-to-month,Credit card,87.55,5374.86,No
CUST2843,Male,0,Yes,Yes,55,Yes,Fiber optic,Month-to-month,Credit card,93.74,5177.02,No
CUST2844,Male,0,Yes,Yes,62,Yes,DSL,One year,Electronic check,73.77,4572.48,No
CUST2845,Female,0,Yes,No,10,Yes,Fiber optic,Month-to-month,Mailed check,58.35,606.1,No
CUST2846,Female,0,No,No,46,Yes,DSL,Month-to-month,Mailed check,53.29,2517.67,No
CUST2847,Female,0,No,Yes,5,Yes,DSL,Month-to-month,Mailed check,38.29,404.85,No
CUST2848,Female,1,No,Yes,33,Yes,DSL,Month-to-month,Electronic check,57.92,1976.6,No
CUST2849,Male,0,No,No,64,Yes,DSL,Month-to-month,Mailed check,51.81,3265.59,No
CUST2850,Female,0,Yes,No,63,Yes,Fiber optic,Month-to-month,Credit card,118.05,7416.28,No
CUST2851,Female,0,No,No,65,Yes,DSL,Month-to-month,Electronic check,38.59,2418.24,No
CUST2852,Male,0,Yes,Yes,30,Yes,No,Two year,Electronic check,101.12,2909.68,No
CUST2853,Male,0,Yes,No,61,Yes,DSL,Month-to-month,Bank transfer,61.97,3536.92,No
CUST2854,Female,0,No,No,53,Yes,DSL,Two year,Bank transfer,63.81,3335.77,No
CUST2855,Female,1,No,No,7,Yes,No,Two year,Mailed check,82.04,433.84,No
CUST2856,Male,1,Yes,No,41,Yes,DSL,One year,Mailed check,27.44,1134.75,No
CUST2857,Female,0,No,No,40,Yes,DSL,Two year,Credit card,46.0,1789.05,No
CUST2858,Male,0,Yes,No,58,Yes,DSL,Month-to-month,Mailed check,32.77,1792.11,No
CUST2859,Male,1,No,No,39,Yes,No,Month-to-month,Credit card,58.59,2074.66,Yes
CUST2860,Male,0,No,No,21,Yes,No,Month-to-month,Mailed check,42.72,862.19,No
CUST2861,Male,0,Yes,Yes,23,No,DSL,Month-to-month,Credit card,109.51,2343.49,No
CUST2862,Female,0,Yes,Yes,37,No,Fiber optic,Month-to-month,Electronic check,52.5,2013.12,No
CUST2863,Male,0,Yes,Yes,1,Yes,Fiber optic,One year,Credit card,1.35,26.84,No
CUST2864,Male,0,No,No,40,Yes,No,Month-to-month,Mailed check,59.97,2376.12,Yes
CUST2865,Female,0,No,Yes,18,Yes,DSL,Month-to-month,Bank transfer,94.22,1841.03,No
CUST2866,Male,0,No,Yes,1,Yes,No,One year,Mailed check,118.91,119.89,No
CUST2867,Female,0,Yes,Yes,61,Yes,DSL,Month-to-month,Electronic check,63.12,3888.93,Yes
CUST2868,Female,0,Yes,Yes,15,Yes,DSL,Month-to-month,Bank transfer,54.49,886.1,No
CUST2869,Female,0,No,Yes,21,No,DSL,Month-to-month,Credit card,69.57,1409.28,No
CUST2870,Male,0,Yes,No,13,Yes,Fiber optic,One year,Bank transfer,82.45,1020.72,No
CUST2871,Female,0,No,Yes,55,Yes,Fiber optic,Month-to-month,Mailed check,36.13,1991.29,No
CUST2872,Female,0,Yes,No,64,Yes,Fiber optic,One year,Bank transfer,62.67,3876.23,Yes
CUST2873,Male,1,No,No,44,Yes,Fiber optic,Month-to-month,Bank transfer,68.51,3192.97,No
CUST2874,Female,1,No,Yes,53,Yes,Fiber optic,Two year,Mailed check,71.37,3798.69,No
CUST2875,Female,0,No,No,65,Yes,Fiber optic,Month-to-month,Mailed check,65.66,4247.81,No
CUST2876,Female,0,Yes,Yes,45,Yes,DSL,One year,Electronic check,41.93,2095.4,Yes
CUST2877,Female,0,Yes,No,32,Yes,Fiber optic,Two year,Bank transfer,80.16,2454.97,No
CUST2878,Female,0,No,No,49,Yes,DSL,Month-to-month,Credit card,68.66,3517.96,No
CUST2879,Male,1,No,Yes,21,Yes,Fiber optic,Month-to-month,Mailed check,68.59,1521.72,No
CUST2880,Female,1,No,No,39,Yes,Fiber optic,Month-to-month,Bank transfer,37.52,1574.98,No
CUST2881,Female,0,No,No,38,Yes,Fiber optic,Month-to-month,Mailed check,89.21,3372.43,No
CUST2882,Male,0,No,No,40,Yes,Fiber optic,Two year,Electronic check,41.56,1667.99,No
CUST2883,Male,0,No,No,67,Yes,DSL,Month-to-month,Mailed check,118.49,7904.5,No
CUST2884,Male,0,Yes,No,6,Yes,Fiber optic,Two year,Mailed check,34.62,307.35,Yes
CUST2885,Female,0,Yes,No,70,Yes,DSL,One year,Electronic check,92.87,6540.07,No
CUST2886,Male,0,Yes,No,3,Yes,No,Month-to-month,Mailed check,12.75,-17.6,Yes
CUST2887,Female,0,Yes,No,58,No,DSL,Month-to-month,Electronic check,2.25,79.24,No
CUST2888,Female,0,No,Yes,25,Yes,Fiber optic,Month-to-month,Bank transfer,53.36,1332.52,No
CUST2889,Male,0,No,No,30,Yes,Fiber optic,Month-to-month,Bank transfer,2.21,33.07,Yes
CUST2890,Male,0,No,Yes,68,Yes,No,Month-to-month,Bank transfer,91.89,6392.7,No
CUST2891,Female,0,Yes,Yes,51,Yes,Fiber optic,Month-to-month,Credit card,69.35,3617.67,No
CUST2892,Male,0,Yes,No,71,Yes,DSL,Two year,Mailed check,112.03,8034.74,No
CUST2893,Female,0,No,No,20,Yes,Fiber optic,Month-to-month,Electronic check,64.98,,No
CUST2894,Male,0,Yes,Yes,15,Yes,DSL,Month-to-month,Mailed check,77.29,1076.7,Yes
CUST2895,Male,1,Yes,Yes,50,Yes,Fiber optic,Month-to-month,Credit card,61.95,3167.11,No
CUST2896,Male,0,No,Yes,15,Yes,No,One year,Mailed check,43.78,446.88,Yes
CUST2897,Female,0,No,No,17,Yes,DSL,Month-to-month,Credit card,57.8,1000.01,No
CUST2898,Male,0,No,No,46,Yes,Fiber optic,Month-to-month,Mailed check,33.88,1477.27,No
CUST2899,Female,0,Yes,No,55,No,No,Two year,Credit card,,4400.19,No
CUST2900,Female,1,No,Yes,27,Yes,DSL,Two year,Electronic check,60.76,1594.19,No
CUST2901,Female,0,No,No,55,No,Fiber optic,One year,Mailed check,66.99,3676.06,No
CUST2902,Female,1,No,No,36,Yes,No,Two year,Mailed check,154.71,5567.22,Yes
CUST2903,Male,0,Yes,No,15,Yes,No,Month-to-month,Electronic check,57.91,947.67,No
CUST2904,Female,1,Yes,No,64,Yes,Fiber optic,One year,Electronic check,79.41,5064.85,Yes
CUST2905,Female,0,No,Yes,59,Yes,DSL,Month-to-month,Bank transfer,68.38,4024.25,No
CUST2906,Male,1,No,No,60,Yes,DSL,Month-to-month,Credit card,104.73,6144.24,No
CUST2907,Female,0,Yes,No,10,Yes,Fiber optic,Two year,Electronic check,77.15,644.96,No
CUST2908,Male,0,Yes,Yes,65,Yes,DSL,Month-to-month,Bank transfer,61.86,4049.61,No
CUST2909,Female,0,No,No,31,Yes,DSL,Month-to-month,Credit card,138.78,4365.25,Yes
CUST2910,Male,1,Yes,Yes,18,Yes,Fiber optic,Month-to-month,Bank transfer,44.21,769.73,No
CUST2911,Female,0,No,Yes,55,Yes,Fiber optic,Month-to-month,Mailed check,64.18,3623.2,No
CUST2912,Male,0,No,No,4,Yes,No,Month-to-month,Credit card,97.49,249.17,Yes
CUST2913,Female,1,Yes,Yes,2,No,DSL,One year,Mailed check,45.46,130.77,No
CUST2914,Female,0,No,No,27,Yes,DSL,Two year,Mailed check,92.97,2425.01,No
CUST2915,Male,0,No,Yes,71,Yes,No,Month-to-month,Mailed check,55.62,3855.94,No
CUST2916,Male,0,Yes,Yes,28,Yes,Fiber optic,One year,Mailed check,100.1,2726.31,No
CUST2917,Male,0,No,No,58,Yes,No,Month-to-month,Mailed check,99.31,5751.9,No
CUST2918,Male,1,Yes,Yes,24,Yes,No,Month-to-month,Mailed check,67.3,1659.09,Yes
CUST2919,Female,0,No,No,21,Yes,No,One year,Bank transfer,39.99,876.09,Yes
CUST2920,Female,0,No,No,70,Yes,Fiber optic,Two year,Bank transfer,58.26,4049.15,No
CUST2921,Male,1,Yes,No,22,Yes,DSL,Month-to-month,Credit card,69.56,1593.55,No
CUST2922,Female,0,Yes,No,69,Yes,Fiber optic,Month-to-month,Credit card,96.65,6837.52,No
CUST2923,Male,0,Yes,Yes,39,Yes,Fiber optic,Month-to-month,Credit card,79.62,3093.24,Yes
CUST2924,Male,0,Yes,No,13,Yes,DSL,Two year,Mailed check,86.14,1129.3,No
CUST2925,Female,0,Yes,Yes,28,Yes,Fiber optic,Month-to-month,Mailed check,80.48,2192.27,Yes
CUST2926,Female,0,Yes,No,15,Yes,DSL,Month-to-month,Bank transfer,95.39,1391.65,No
CUST2927,Female,1,No,Yes,9,Yes,Fiber optic,Two year,Bank transfer,63.99,700.74,No
CUST2928,Female,0,Yes,Yes,46,Yes,DSL,Month-to-month,Credit card,74.95,3573.57,No
CUST2929,Female,0,No,Yes,3,Yes,Fiber optic,Two year,Electronic check,70.85,192.44,No
CUST2930,Female,0,Yes,Yes,11,Yes,No,Two year,Electronic check,56.86,674.49,No
CUST2931,Female,0,No,No,41,Yes,DSL,Month-to-month,Mailed check,100.35,4206.4,No
CUST2932,Male,1,No,No,3,Yes,Fiber optic,Month-to-month,Mailed check,99.72,254.51,No
CUST2933,Male,1,Yes,Yes,5,Yes,DSL,Month-to-month,Mailed check,106.17,400.26,No
CUST2934,Male,0,No,Yes,13,Yes,No,Two year,Bank transfer,47.09,681.1,Yes
CUST2935,Male,0,No,No,34,Yes,No,Month-to-month,Mailed check,80.52,2827.32,No
CUST2936,Male,0,No,Yes,46,Yes,No,One year,Mailed check,102.77,4802.35,No
CUST2937,Female,0,Yes,Yes,57,Yes,No,Month-to-month,Mailed check,115.09,6522.72,No
CUST2938,Male,0,Yes,No,64,No,Fiber optic,Month-to-month,Electronic check,24.74,1735.67,Yes
CUST2939,Male,0,No,Yes,18,Yes,DSL,Month-to-month,Electronic check,69.91,1286.81,Yes
CUST2940,Male,0,Yes,Yes,56,Yes,DSL,Month-to-month,Credit card,64.32,3487.16,No
CUST2941,Male,0,Yes,No,64,Yes,Fiber optic,Month-to-month,Mailed check,117.73,7375.11,No
CUST2942,Male,0,No,Yes,12,Yes,Fiber optic,Month-to-month,Bank transfer,3.72,14.92,No
CUST2943,Male,0,No,No,7,Yes,Fiber optic,Month-to-month,Electronic check,38.58,292.54,No
CUST2944,Male,0,Yes,No,17,Yes,DSL,Month-to-month,Credit card,112.99,1892.04,No
CUST2945,Female,0,Yes,No,34,Yes,DSL,Month-to-month,Mailed check,55.91,2100.3,No
CUST2946,Female,0,Yes,No,25,Yes,Fiber optic,Month-to-month,Electronic check,30.96,814.4,No
CUST2947,Male,1,No,Yes,37,No,DSL,Month-to-month,Bank transfer,115.36,4171.01,No
CUST2948,Female,0,Yes,No,65,No,Fiber optic,Month-to-month,Bank transfer,27.05,1531.22,No
CUST2949,Female,0,Yes,No,25,Yes,Fiber optic,One year,Bank transfer,100.66,2540.0,Yes
CUST2950,Female,0,Yes,Yes,56,Yes,Fiber optic,Month-to-month,Bank transfer,23.19,1397.54,No
CUST2951,Female,0,No,No,24,Yes,DSL,Two year,Mailed check,26.72,827.66,No
CUST2952,Male,1,No,Yes,29,Yes,No,Month-to-month,Credit card,76.0,2183.76,Yes
CUST2953,Female,0,No,No,6,Yes,DSL,One year,Credit card,44.55,439.5,Yes
CUST2954,Female,0,Yes,No,26,Yes,DSL,Month-to-month,Bank transfer,78.17,1896.53,No
CUST2955,Female,1,Yes,No,10,Yes,Fiber optic,Month-to-month,Mailed check,,1206.21,No
CUST2956,Male,0,No,No,7,No,DSL,Month-to-month,Credit card,65.35,356.01,No
CUST2957,Male,0,Yes,Yes,10,Yes,DSL,Month-to-month,Credit card,118.83,1267.51,No
CUST2958,Male,0,Yes,Yes,29,Yes,DSL,Month-to-month,Credit card,79.73,2182.06,No
CUST2959,Male,0,Yes,Yes,14,Yes,Fiber optic,One year,Bank transfer,98.68,1421.69,Yes
CUST2960,Male,0,No,No,55,Yes,No,Month-to-month,Mailed check,,-91.18,No
CUST2961,Male,0,Yes,No,34,Yes,Fiber optic,Month-to-month,Bank transfer,89.09,3204.84,Yes
CUST2962,Male,0,Yes,No,38,Yes,Fiber optic,One year,Mailed check,84.48,3172.81,Yes
CUST2963,Female,1,No,Yes,23,No,DSL,Month-to-month,Electronic check,59.2,1399.4,No
CUST2964,Female,0,Yes,No,7,Yes,DSL,Month-to-month,Mailed check,126.87,709.21,No
CUST2965,Female,0,No,Yes,42,Yes,DSL,Month-to-month,Mailed check,55.2,2168.92,Yes
CUST2966,Male,0,Yes,Yes,41,Yes,No,Month-to-month,Bank transfer,21.73,813.59,Yes
CUST2967,Male,0,No,Yes,40,Yes,DSL,Month-to-month,Bank transfer,93.46,3823.45,Yes
CUST2968,Male,0,No,No,46,Yes,No,Month-to-month,Electronic check,27.29,1321.25,No
CUST2969,Male,1,Yes,No,25,Yes,DSL,Month-to-month,Bank transfer,72.3,1916.04,No
CUST2970,Male,0,Yes,No,51,Yes,Fiber optic,Month-to-month,Mailed check,110.2,5469.23,No
CUST2971,Female,0,No,No,21,Yes,No,Month-to-month,Credit card,84.95,1834.64,Yes
CUST2972,Female,0,Yes,Yes,4,Yes,DSL,Two year,Bank transfer,62.58,194.33,No
CUST2973,Male,0,No,Yes,14,Yes,Fiber optic,Two year,Credit card,59.47,751.77,No
CUST2974,Male,1,Yes,No,35,No,DSL,Month-to-month,Credit card,107.96,3724.88,No
CUST2975,Male,0,Yes,No,62,Yes,DSL,Month-to-month,Credit card,33.4,2059.15,Yes
CUST2976,Male,1,Yes,No,48,Yes,DSL,Month-to-month,Bank transfer,93.25,4542.1,Yes
CUST2977,Female,0,Yes,Yes,54,Yes,No,Month-to-month,Mailed check,135.81,7446.02,No
CUST2978,Male,0,No,No,71,Yes,DSL,Month-to-month,Credit card,86.3,6179.41,No
CUST2979,Male,0,No,Yes,59,Yes,DSL,Month-to-month,Electronic check,62.86,3772.07,No
CUST2980,Male,0,Yes,Yes,56,Yes,No,Month-to-month,Bank transfer,65.2,3833.5,Yes
CUST2981,Male,0,Yes,Yes,28,Yes,DSL,One year,Credit card,55.59,1626.23,Yes
CUST2982,Female,0,Yes,Yes,18,Yes,Fiber optic,One year,Credit card,50.47,887.08,No
CUST2983,Male,0,Yes,Yes,9,Yes,No,Two year,Bank transfer,73.53,719.88,Yes
CUST2984,Male,0,Yes,Yes,9,Yes,DSL,Month-to-month,Mailed check,90.38,984.18,No
CUST2985,Female,0,No,Yes,56,Yes,DSL,Two year,Electronic check,118.32,6538.88,No
CUST2986,Female,0,No,No,53,Yes,No,Month-to-month,Credit card,11.3,555.81,No
CUST2987,Female,1,Yes,No,55,Yes,DSL,Month-to-month,Electronic check,3.17,319.36,No
CUST2988,Male,0,No,No,67,Yes,DSL,Two year,Bank transfer,118.9,7937.25,No
CUST2989,Male,0,No,Yes,68,Yes,Fiber optic,Two year,Mailed check,71.71,4952.71,No
CUST2990,Female,0,Yes,Yes,54,Yes,Fiber optic,One year,Bank transfer,73.29,4086.57,No
CUST2991,Female,0,No,No,68,Yes,DSL,Month-to-month,Mailed check,85.04,5657.14,No
CUST2992,Female,0,No,Yes,71,Yes,DSL,Month-to-month,Credit card,64.39,4530.85,No
CUST2993,Female,0,No,Yes,0,Yes,DSL,One year,Credit card,129.25,120.47,Yes
CUST2994,Female,0,No,Yes,11,Yes,DSL,One year,Credit card,84.75,919.61,Yes
CUST2995,Female,1,Yes,Yes,34,Yes,Fiber optic,One year,Mailed check,56.57,1721.52,No
CUST2996,Male,0,No,Yes,32,Yes,DSL,Month-to-month,Bank transfer,59.25,1845.0,Yes
CUST2997,Male,0,No,Yes,24,Yes,Fiber optic,Month-to-month,Credit card,65.69,1656.01,No
CUST2998,Male,0,No,Yes,15,Yes,Fiber optic,Month-to-month,Mailed check,46.69,828.0,No
CUST2999,Female,0,Yes,Yes,7,No,DSL,Two year,Credit card,120.68,849.84,No
CUST3000,Female,0,No,Yes,34,Yes,DSL,Month-to-month,Bank transfer,73.72,2554.86,No
CUST3001,Female,0,No,Yes,45,Yes,DSL,Month-to-month,Electronic check,34.88,1532.69,No
CUST3002,Female,0,No,Yes,10,Yes,DSL,Two year,Electronic check,82.16,911.92,No
CUST3003,Female,0,Yes,Yes,60,Yes,Fiber optic,Month-to-month,Bank transfer,113.17,6932.72,No
CUST3004,Female,0,Yes,No,43,Yes,Fiber optic,One year,Credit card,101.82,4455.08,No
CUST3005,Male,0,Yes,Yes,10,Yes,DSL,One year,Credit card,47.21,460.28,No
CUST3006,Male,0,Yes,Yes,10,Yes,Fiber optic,Month-to-month,Electronic check,36.73,410.71,No
CUST3007,Female,0,Yes,No,21,Yes,No,Month-to-month,Electronic check,112.82,2464.47,No
CUST3008,Male,1,No,No,61,Yes,DSL,One year,Electronic check,21.27,1300.24,No
CUST3009,Female,1,Yes,No,47,Yes,Fiber optic,Month-to-month,Electronic check,81.13,3893.16,No
CUST3010,Male,0,No,Yes,62,Yes,Fiber optic,Month-to-month,Mailed check,52.94,,No
CUST3011,Female,0,Yes,Yes,50,Yes,DSL,Month-to-month,Bank transfer,109.41,5612.44,No
CUST3012,Female,0,Yes,No,44,Yes,Fiber optic,Month-to-month,Credit card,38.36,1757.85,No
CUST3013,Male,0,Yes,No,32,Yes,No,Month-to-month,Credit card,46.11,1425.66,No
CUST3014,Male,0,No,No,59,Yes,DSL,Month-to-month,Bank transfer,88.51,5362.54,No
CUST3015,Female,0,No,Yes,1,Yes,No,Month-to-month,Credit card,93.87,139.88,Yes
CUST3016,Female,0,No,Yes,12,Yes,DSL,Month-to-month,Credit card,110.79,1315.51,Yes
CUST3017,Male,0,Yes,No,65,Yes,DSL,Month-to-month,Electronic check,,5336.95,No
CUST3018,Male,0,Yes,Yes,56,Yes,Fiber optic,Month-to-month,Credit card,80.48,4530.02,No
CUST3019,Female,1,Yes,Yes,42,Yes,DSL,One year,Bank transfer,101.47,4445.23,No
CUST3020,Male,0,Yes,No,44,Yes,Fiber optic,Month-to-month,Bank transfer,,997.78,No
CUST3021,Female,0,Yes,No,30,Yes,DSL,Two year,Bank transfer,43.61,1039.33,No
CUST3022,Female,0,Yes,No,9,Yes,Fiber optic,Month-to-month,Credit card,31.4,359.33,No
CUST3023,Female,0,No,Yes,22,Yes,Fiber optic,Month-to-month,Mailed check,10.57,256.16,No
CUST3024,Female,0,No,Yes,28,Yes,Fiber optic,One year,Electronic check,95.26,2734.52,Yes
CUST3025,Male,0,Yes,Yes,30,No,DSL,Month-to-month,Bank transfer,112.89,3334.06,No
CUST3026,Male,1,No,Yes,17,Yes,DSL,Month-to-month,Mailed check,86.68,1259.38,No
CUST3027,Male,0,No,Yes,10,Yes,DSL,Month-to-month,Credit card,81.4,730.8,Yes
CUST3028,Male,0,No,No,46,Yes,Fiber optic,Month-to-month,Electronic check,72.55,3493.3,Yes
CUST3029,Male,0,Yes,Yes,2,No,DSL,Month-to-month,Mailed check,71.65,98.14,Yes
CUST3030,Male,0,Yes,Yes,1,Yes,Fiber optic,Month-to-month,Credit card,120.86,76.57,Yes
CUST3031,Male,0,Yes,No,53,Yes,DSL,Month-to-month,Credit card,116.48,5910.5,No
CUST3032,Female,1,Yes,No,71,No,Fiber optic,Two year,Mailed check,52.45,3543.5,No
CUST3033,Male,1,No,No,30,Yes,Fiber optic,One year,Mailed check,103.26,3208.82,No
CUST3034,Male,0,Yes,No,7,Yes,Fiber optic,Month-to-month,Bank transfer,106.88,722.22,No
CUST3035,Female,0,Yes,Yes,42,Yes,Fiber optic,Two year,Electronic check,89.51,3858.54,Yes
CUST3036,Male,0,Yes,Yes,47,Yes,Fiber optic,Month-to-month,Electronic check,81.63,3761.24,No
CUST3037,Male,0,No,No,1,Yes,No,Month-to-month,Bank transfer,80.6,-66.18,No
CUST3038,Female,1,No,Yes,21,Yes,Fiber optic,One year,Electronic check,25.54,510.25,No
CUST3039,Male,0,No,No,4,Yes,Fiber optic,Month-to-month,Electronic check,22.88,34.22,No
CUST3040,Male,0,No,Yes,6,Yes,No,Month-to-month,Credit card,93.5,477.69,No
CUST3041,Male,0,No,Yes,19,Yes,No,Month-to-month,Mailed check,36.99,622.11,No
CUST3042,Female,0,Yes,Yes,1,Yes,Fiber optic,Month-to-month,Bank transfer,28.32,14.83,No
CUST3043,Male,1,No,No,31,Yes,DSL,Month-to-month,Mailed check,7.74,190.78,Yes
CUST3044,Male,0,No,No,2,Yes,Fiber optic,One year,Electronic check,55.73,18.23,No
CUST3045,Female,0,Yes,Yes,40,Yes,DSL,Month-to-month,Electronic check,81.23,3429.67,No
CUST3046,Male,0,Yes,Yes,41,Yes,Fiber optic,Month-to-month,Bank transfer,83.65,3475.45,Yes
CUST3047,Female,0,Yes,No,44,Yes,Fiber optic,Month-to-month,Mailed check,95.52,4218.73,Yes
CUST3048,Female,0,No,No,70,Yes,Fiber optic,One year,Credit card,58.26,4071.55,Yes
CUST3049,Male,0,Yes,Yes,16,No,Fiber optic,Month-to-month,Mailed check,73.22,,No
CUST3050,Female,0,No,Yes,46,Yes,Fiber optic,Month-to-month,Mailed check,95.37,4440.2,Yes
CUST3051,Female,0,Yes,No,68,Yes,DSL,One year,Bank transfer,83.92,5603.13,No
CUST3052,Male,0,No,Yes,23,Yes,DSL,Month-to-month,Credit card,52.45,1053.12,No
CUST3053,Female,0,No,No,70,Yes,Fiber optic,Month-to-month,Mailed check,78.99,5301.89,No
CUST3054,Female,0,No,No,33,Yes,Fiber optic,Month-to-month,Mailed check,10.47,524.7,No
CUST3055,Male,0,No,Yes,49,No,Fiber optic,Month-to-month,Electronic check,70.0,3385.47,Yes
CUST3056,Male,0,Yes,Yes,41,Yes,DSL,Month-to-month,Electronic check,51.45,2168.66,Yes
CUST3057,Male,0,Yes,Yes,32,Yes,DSL,Month-to-month,Credit card,115.56,3718.13,No
CUST3058,Female,0,No,No,26,No,Fiber optic,Month-to-month,Mailed check,40.68,1148.94,No
CUST3059,Male,0,Yes,No,58,Yes,Fiber optic,Two year,Mailed check,73.5,4256.55,Yes
CUST3060,Female,1,No,No,18,Yes,DSL,Month-to-month,Electronic check,57.14,895.72,Yes
CUST3061,Female,0,Yes,Yes,2,Yes,Fiber optic,Month-to-month,Credit card,53.25,2.79,No
CUST3062,Female,0,Yes,Yes,70,Yes,DSL,One year,Bank transfer,81.32,5657.32,No
CUST3063,Female,0,No,No,24,Yes,DSL,Month-to-month,Electronic check,57.45,1220.27,No
CUST3064,Female,0,No,No,14,Yes,DSL,Month-to-month,Mailed check,125.56,1672.41,No
CUST3065,Female,0,Yes,Yes,59,Yes,Fiber optic,Month-to-month,Bank transfer,10.76,514.96,No
CUST3066,Female,0,No,No,22,Yes,No,Month-to-month,Mailed check,88.94,1923.81,No
CUST3067,Male,0,Yes,Yes,10,Yes,DSL,Month-to-month,Mailed check,67.46,625.0,No
CUST3068,Male,0,Yes,Yes,58,Yes,DSL,Month-to-month,Mailed check,68.49,3984.37,Yes
CUST3069,Female,0,Yes,No,33,No,Fiber optic,One year,Credit card,79.06,2694.43,No
CUST3070,Female,0,No,No,6,Yes,No,Month-to-month,Bank transfer,99.93,575.32,No
CUST3071,Male,0,No,No,43,Yes,DSL,Month-to-month,Mailed check,77.95,3201.61,No
CUST3072,Female,0,Yes,No,63,Yes,DSL,Month-to-month,Credit card,100.04,6097.69,No
CUST3073,Male,0,No,No,22,Yes,DSL,One year,Bank transfer,354.11098684210526,1586.81,No
CUST3074,Male,1,No,Yes,57,No,DSL,Month-to-month,Electronic check,38.98,2155.31,Yes
CUST3075,Male,0,Yes,No,19,Yes,Fiber optic,One year,Credit card,67.33,1263.53,No
CUST3076,Female,0,No,Yes,26,Yes,No,One year,Bank transfer,104.59,2752.29,No
CUST3077,Female,1,No,No,59,Yes,Fiber optic,Month-to-month,Mailed check,,3547.44,Yes
CUST3078,Male,0,Yes,No,7,Yes,No,Month-to-month,Mailed check,37.52,87.89,Yes
CUST3079,Male,0,No,No,66,Yes,Fiber optic,Month-to-month,Credit card,88.58,5745.03,Yes
CUST3080,Male,0,Yes,No,1,Yes,No,Month-to-month,Electronic check,80.1,71.58,No
CUST3081,Male,1,No,No,21,Yes,DSL,Month-to-month,Credit card,46.87,870.25,No
CUST3082,Male,1,No,No,69,Yes,DSL,Two year,Electronic check,63.01,4198.78,No
CUST3083,Female,0,Yes,Yes,35,Yes,Fiber optic,One year,Electronic check,64.55,2390.21,No
CUST3084,Male,0,Yes,No,23,Yes,DSL,Month-to-month,Credit card,70.19,1509.57,No
CUST3085,Female,0,No,No,11,Yes,DSL,One year,Credit card,89.4,852.48,No
CUST3086,Male,0,Yes,No,21,Yes,Fiber optic,One year,Credit card,57.84,1099.83,No
CUST3087,Female,0,Yes,No,22,Yes,DSL,Month-to-month,Bank transfer,90.95,2109.5,Yes
CUST3088,Female,0,No,Yes,62,Yes,Fiber optic,Month-to-month,Bank transfer,54.0,3278.46,No
CUST3089,Female,0,Yes,Yes,29,Yes,DSL,Month-to-month,Credit card,119.99,3341.15,No
CUST3090,Female,0,No,Yes,18,Yes,Fiber optic,Month-to-month,Bank transfer,120.64,2087.5,No
CUST3091,Female,0,No,Yes,25,Yes,DSL,Month-to-month,Bank transfer,44.31,1102.93,Yes
CUST3092,Female,0,Yes,Yes,10,Yes,Fiber optic,Two year,Electronic check,33.23,421.48,No
CUST3093,Male,0,No,Yes,19,Yes,DSL,Month-to-month,Mailed check,99.35,1968.43,Yes
CUST3094,Female,1,Yes,No,55,Yes,Fiber optic,One year,Mailed check,77.74,4197.92,No
CUST3095,Male,0,No,No,44,Yes,Fiber optic,Month-to-month,Bank transfer,86.55,3755.09,No
CUST3096,Female,0,Yes,Yes,67,Yes,DSL,Month-to-month,Electronic check,50.36,3584.41,No
CUST3097,Female,0,Yes,No,46,Yes,DSL,Two year,Credit card,66.03,3136.95,No
CUST3098,Male,0,No,No,57,Yes,DSL,Month-to-month,Electronic check,59.65,3374.87,No
CUST3099,Female,1,Yes,No,9,Yes,Fiber optic,Two year,Electronic check,79.13,482.65,No
CUST3100,Male,0,Yes,No,21,Yes,Fiber optic,Month-to-month,Mailed check,32.63,639.35,No
CUST3101,Male,0,Yes,No,70,Yes,DSL,Two year,Credit card,67.02,4558.74,No
CUST3102,Male,0,No,Yes,23,Yes,Fiber optic,Month-to-month,Mailed check,32.33,657.32,Yes
CUST3103,Male,0,No,Yes,65,Yes,No,Month-to-month,Bank transfer,54.53,3447.92,No
CUST3104,Female,0,Yes,Yes,60,Yes,DSL,One year,Mailed check,67.08,4001.68,Yes
CUST3105,Female,0,Yes,Yes,6,Yes,Fiber optic,One year,Electronic check,85.22,518.3,No
CUST3106,Male,0,No,Yes,71,Yes,Fiber optic,Month-to-month,Credit card,87.71,6154.25,Yes
CUST3107,Female,0,No,Yes,37,Yes,Fiber optic,Two year,Credit card,,3306.94,No
CUST3108,Female,0,No,No,20,Yes,DSL,One year,Credit card,25.52,492.51,No
CUST3109,Male,1,Yes,Yes,7,Yes,DSL,Month-to-month,Mailed check,107.92,705.61,No
CUST3110,Female,0,No,No,27,Yes,DSL,Month-to-month,Mailed check,50.66,1178.07,No
CUST3111,Male,1,Yes,No,53,Yes,Fiber optic,Month-to-month,Mailed check,52.85,2861.81,Yes
CUST3112,Male,0,No,Yes,30,Yes,Fiber optic,Month-to-month,Bank transfer,78.06,2268.92,No
CUST3113,Female,0,Yes,Yes,40,Yes,DSL,Month-to-month,Mailed check,59.89,2368.65,No
CUST3114,Female,0,No,Yes,36,Yes,DSL,One year,Bank transfer,80.85,2888.62,No
CUST3115,Female,0,Yes,No,37,Yes,DSL,One year,Mailed check,86.42,3196.0,Yes
CUST3116,Male,0,No,Yes,50,Yes,No,Month-to-month,Bank transfer,47.1,2369.6,No
CUST3117,Male,0,No,Yes,36,Yes,DSL,Month-to-month,Electronic check,64.49,2191.18,Yes
CUST3118,Female,0,Yes,Yes,30,No,Fiber optic,Two year,Electronic check,65.38,,Yes
CUST3119,Female,0,No,No,61,Yes,Fiber optic,Month-to-month,Credit card,98.75,5989.34,No
CUST3120,Female,0,No,Yes,17,Yes,No,Month-to-month,Electronic check,56.05,1061.29,No
CUST3121,Female,0,No,Yes,5,Yes,Fiber optic,One year,Credit card,54.74,355.2,No
CUST3122,Male,0,No,No,8,Yes,DSL,One year,Bank transfer,39.35,447.08,No
CUST3123,Female,0,Yes,No,10,Yes,No,Two year,Credit card,42.71,,No
CUST3124,Male,0,Yes,No,1,Yes,Fiber optic,Two year,Electronic check,29.48,158.15,No
CUST3125,Male,0,No,Yes,28,Yes,Fiber optic,Two year,Bank transfer,48.91,1378.89,No
CUST3126,Female,0,Yes,Yes,50,Yes,DSL,Month-to-month,Credit card,117.81,5959.52,No
CUST3127,Female,0,Yes,No,68,Yes,DSL,Month-to-month,Bank transfer,90.73,6237.08,No
CUST3128,Female,0,Yes,Yes,22,Yes,Fiber optic,Month-to-month,Bank transfer,108.32,2428.95,Yes
CUST3129,Male,0,Yes,No,6,Yes,No,Month-to-month,Electronic check,41.5,140.18,No
CUST3130,Female,0,Yes,No,55,Yes,Fiber optic,Month-to-month,Bank transfer,11.57,731.86,No
CUST3131,Female,0,No,No,61,Yes,No,Month-to-month,Mailed check,79.49,,No
CUST3132,Male,0,Yes,No,14,Yes,Fiber optic,Month-to-month,Electronic check,125.61,1611.23,No
CUST3133,Female,0,No,No,52,Yes,DSL,Month-to-month,Credit card,55.44,2834.51,Yes
CUST3134,Male,0,Yes,Yes,42,Yes,Fiber optic,Month-to-month,Mailed check,73.05,2946.79,Yes
CUST3135,Female,0,No,Yes,34,Yes,Fiber optic,Month-to-month,Electronic check,22.91,636.32,No
CUST3136,Male,0,No,Yes,13,Yes,Fiber optic,One year,Bank transfer,70.85,1006.38,No
CUST3137,Female,1,No,Yes,68,Yes,No,One year,Credit card,66.25,4357.06,No
CUST3138,Female,0,Yes,No,48,Yes,DSL,Two year,Bank transfer,7.21,213.97,No
CUST3139,Male,0,Yes,Yes,17,Yes,DSL,Month-to-month,Bank transfer,38.88,858.78,No
CUST3140,Male,0,No,No,50,Yes,No,Month-to-month,Credit card,36.5,1780.21,No
CUST3141,Female,0,No,No,0,Yes,DSL,Month-to-month,Credit card,22.61,65.77,No
CUST3142,Male,0,Yes,Yes,26,Yes,Fiber optic,One year,Electronic check,48.25,1366.98,No
CUST3143,Male,0,Yes,Yes,63,Yes,No,One year,Electronic check,85.26,5448.8,No
CUST3144,Male,1,No,No,59,Yes,DSL,Month-to-month,Bank transfer,51.0,3023.96,Yes
CUST3145,Male,0,Yes,Yes,40,Yes,No,Two year,Electronic check,,4174.27,No
CUST3146,Female,0,Yes,Yes,20,Yes,DSL,Month-to-month,Mailed check,59.12,1236.16,No
CUST3147,Female,1,Yes,Yes,13,Yes,Fiber optic,Month-to-month,Credit card,79.79,1014.8,No
CUST3148,Male,1,Yes,Yes,19,Yes,DSL,One year,Bank transfer,84.92,1682.97,Yes
CUST3149,Male,0,Yes,No,10,Yes,Fiber optic,Month-to-month,Mailed check,116.02,,No
CUST3150,Male,1,Yes,No,65,Yes,Fiber optic,Month-to-month,Mailed check,48.52,3139.25,Yes
CUST3151,Male,0,No,Yes,23,Yes,Fiber optic,Month-to-month,Credit card,83.27,2103.39,No
CUST3152,Female,1,No,No,36,Yes,Fiber optic,One year,Electronic check,41.6,,Yes
CUST3153,Female,0,No,No,23,Yes,No,Month-to-month,Mailed check,121.66,2800.1,No
CUST3154,Male,0,No,Yes,14,Yes,Fiber optic,Month-to-month,Bank transfer,38.81,586.4,No
CUST3155,Male,0,No,Yes,11,Yes,No,Two year,Mailed check,81.51,946.09,No
CUST3156,Male,0,No,No,63,Yes,Fiber optic,Month-to-month,Credit card,116.78,7386.43,No
CUST3157,Female,0,Yes,No,30,Yes,Fiber optic,Month-to-month,Electronic check,34.1,897.96,Yes
CUST3158,Male,0,Yes,No,52,Yes,DSL,Month-to-month,Electronic check,87.85,4584.4,No
CUST3159,Female,0,No,Yes,71,Yes,No,Two year,Bank transfer,40.22,2879.9,No
CUST3160,Male,0,No,No,43,Yes,DSL,Month-to-month,Bank transfer,139.85,6127.55,Yes
CUST3161,Female,0,No,No,29,Yes,DSL,One year,Bank transfer,13.26,458.46,No
CUST3162,Male,0,Yes,Yes,34,Yes,DSL,Two year,Bank transfer,24.48,952.91,Yes
CUST3163,Female,0,Yes,No,20,Yes,DSL,One year,Bank transfer,36.35,626.68,No
CUST3164,Male,0,Yes,Yes,62,Yes,No,Month-to-month,Mailed check,37.32,2214.24,No
CUST3165,Male,1,Yes,Yes,16,Yes,DSL,One year,Mailed check,85.63,1402.89,Yes
CUST3166,Male,0,No,No,11,Yes,No,One year,Credit card,123.99,1477.18,No
CUST3167,Female,0,No,Yes,17,Yes,Fiber optic,Month-to-month,Electronic check,104.65,1759.01,No
CUST3168,Male,0,No,Yes,59,Yes,No,Month-to-month,Mailed check,77.02,4470.15,No
CUST3169,Female,0,No,No,66,Yes,Fiber optic,One year,Bank transfer,70.29,4478.99,Yes
CUST3170,Female,0,Yes,Yes,14,Yes,DSL,Month-to-month,Credit card,51.81,761.64,No
CUST3171,Male,0,Yes,No,15,Yes,Fiber optic,Month-to-month,Bank transfer,81.73,1214.66,No
CUST3172,Male,0,No,Yes,21,Yes,Fiber optic,One year,Electronic check,63.74,1295.15,No
CUST3173,Male,0,Yes,Yes,62,Yes,DSL,Two year,Bank transfer,75.68,4782.68,No
CUST3174,Female,0,Yes,No,30,Yes,DSL,Month-to-month,Credit card,47.77,1424.42,No
CUST3175,Male,0,Yes,No,0,Yes,DSL,Month-to-month,Credit card,33.95,0.09,Yes
CUST3176,Female,1,Yes,No,5,Yes,DSL,One year,Credit card,70.76,443.79,No
CUST3177,Female,0,No,Yes,8,Yes,Fiber optic,One year,Electronic check,70.1,779.87,No
CUST3178,Male,0,Yes,No,51,Yes,DSL,Two year,Mailed check,52.12,2613.67,No
CUST3179,Male,0,No,Yes,61,Yes,Fiber optic,One year,Mailed check,47.0,2779.38,No
CUST3180,Male,0,Yes,No,57,Yes,No,One year,Credit card,86.75,4845.84,No
CUST3181,Male,0,Yes,Yes,18,Yes,DSL,Two year,Mailed check,83.65,1553.38,Yes
CUST3182,Male,0,No,No,12,Yes,Fiber optic,Month-to-month,Electronic check,126.3,1406.55,No
CUST3183,Male,1,No,Yes,31,Yes,DSL,Month-to-month,Bank transfer,111.43,3417.01,No
CUST3184,Female,0,Yes,No,8,Yes,DSL,Month-to-month,Electronic check,34.18,244.91,No
CUST3185,Female,0,Yes,Yes,48,Yes,Fiber optic,Month-to-month,Mailed check,64.28,3241.08,No
CUST3186,Female,0,No,Yes,36,Yes,DSL,Month-to-month,Electronic check,29.06,1165.45,No
CUST3187,Male,0,Yes,Yes,30,No,DSL,Month-to-month,Bank transfer,14.82,290.93,No
CUST3188,Female,0,Yes,Yes,30,Yes,DSL,One year,Electronic check,135.86,4234.28,No
CUST3189,Female,0,No,No,58,Yes,No,Two year,Mailed check,114.41,6514.16,Yes
CUST3190,Female,0,Yes,Yes,54,Yes,Fiber optic,Month-to-month,Bank transfer,51.11,2775.97,No
CUST3191,Female,0,Yes,No,18,Yes,No,Month-to-month,Mailed check,107.3,1847.95,No
CUST3192,Female,0,Yes,Yes,62,Yes,No,Month-to-month,Bank transfer,111.75,6889.67,No
CUST3193,Male,0,Yes,No,1,No,DSL,One year,Credit card,12.39,-85.65,No
CUST3194,Male,0,Yes,Yes,44,Yes,DSL,Month-to-month,Bank transfer,95.52,4370.43,No
CUST3195,Female,0,No,Yes,42,Yes,DSL,Two year,Mailed check,55.25,2306.49,No
CUST3196,Female,0,Yes,No,0,Yes,Fiber optic,Month-to-month,Credit card,81.49,22.56,No
CUST3197,Female,0,No,No,60,Yes,Fiber optic,Month-to-month,Credit card,160.3,9510.77,No
CUST3198,Male,0,No,Yes,2,Yes,DSL,Month-to-month,Mailed check,117.56,93.61,No
CUST3199,Male,0,Yes,No,43,Yes,DSL,Month-to-month,Mailed check,66.15,2800.04,No
CUST3200,Female,0,No,No,6,Yes,DSL,Two year,Electronic check,112.65,728.05,No
CUST3201,Male,0,Yes,No,32,Yes,No,Two year,Mailed check,12.34,382.73,Yes
CUST3202,Male,0,No,Yes,8,Yes,No,Month-to-month,Bank transfer,85.11,778.33,No
CUST3203,Female,0,No,No,29,Yes,DSL,One year,Credit card,85.82,2501.2,No
CUST3204,Male,0,No,Yes,17,No,DSL,Month-to-month,Electronic check,91.17,1550.54,Yes
CUST3205,Male,0,Yes,No,55,Yes,DSL,Month-to-month,Electronic check,54.75,3064.76,Yes
CUST3206,Female,0,No,No,30,Yes,No,Two year,Electronic check,81.46,2453.83,No
CUST3207,Male,1,No,Yes,71,Yes,No,Month-to-month,Credit card,95.68,6887.68,No
CUST3208,Male,0,No,No,62,Yes,DSL,Month-to-month,Electronic check,0.31,74.74,Yes
CUST3209,Female,0,Yes,No,49,Yes,DSL,Month-to-month,Credit card,60.51,3056.09,No
CUST3210,Male,1,Yes,No,0,Yes,DSL,Month-to-month,Credit card,,71.65,No
CUST3211,Male,0,No,No,18,Yes,Fiber optic,Month-to-month,Electronic check,89.86,1753.51,No
CUST3212,Female,0,No,No,63,Yes,Fiber optic,One year,Credit card,111.34,7097.31,Yes
CUST3213,Female,0,No,No,52,Yes,Fiber optic,Month-to-month,Electronic check,51.64,2860.04,No
CUST3214,Female,0,No,No,5,Yes,No,Month-to-month,Mailed check,37.34,132.58,Yes
CUST3215,Male,1,Yes,Yes,16,Yes,DSL,Month-to-month,Bank transfer,73.51,1259.64,Yes
CUST3216,Female,0,Yes,Yes,45,Yes,Fiber optic,Month-to-month,Mailed check,35.4,1454.93,Yes
CUST3217,Male,0,Yes,Yes,71,Yes,DSL,One year,Bank transfer,63.21,4582.62,Yes
CUST3218,Female,0,No,Yes,54,Yes,DSL,Two year,Credit card,60.04,3247.8,Yes
CUST3219,Male,0,Yes,Yes,5,Yes,Fiber optic,Two year,Credit card,87.4,530.68,Yes
CUST3220,Female,0,No,No,69,Yes,No,Month-to-month,Electronic check,79.46,5650.69,Yes
CUST3221,Female,0,No,Yes,67,Yes,Fiber optic,Two year,Mailed check,74.84,5094.39,No
CUST3222,Female,0,No,Yes,39,Yes,Fiber optic,Month-to-month,Mailed check,119.11,4604.02,No
CUST3223,Female,0,Yes,No,65,Yes,Fiber optic,Month-to-month,Credit card,78.09,4967.05,No
CUST3224,Male,0,No,Yes,8,Yes,DSL,One year,Mailed check,57.46,513.28,Yes
CUST3225,Female,0,Yes,No,10,Yes,Fiber optic,Month-to-month,Bank transfer,61.14,582.81,No
CUST3226,Female,0,No,No,19,Yes,Fiber optic,Month-to-month,Credit card,47.07,960.69,No
CUST3227,Male,0,Yes,Yes,42,Yes,Fiber optic,Two year,Electronic check,39.44,1605.81,No
CUST3228,Female,0,No,Yes,57,Yes,Fiber optic,One year,Electronic check,28.32,1521.29,No
CUST3229,Male,1,Yes,No,25,No,Fiber optic,Month-to-month,Credit card,104.03,2576.58,Yes
CUST3230,Female,0,No,No,37,Yes,No,One year,Credit card,48.45,1842.75,Yes
CUST3231,Female,0,Yes,Yes,35,Yes,DSL,One year,Electronic check,79.48,2794.02,No
CUST3232,Female,0,No,No,54,Yes,No,Two year,Bank transfer,61.0,3212.69,No
CUST3233,Male,1,No,Yes,5,No,No,Month-to-month,Mailed check,69.12,525.65,No
CUST3234,Female,0,No,Yes,2,Yes,DSL,One year,Credit card,104.61,195.35,No
CUST3235,Female,0,Yes,Yes,64,No,Fiber optic,One year,Credit card,75.3,4593.02,No
CUST3236,Female,0,No,Yes,63,Yes,DSL,One year,Bank transfer,42.32,2759.39,No
CUST3237,Male,1,No,No,57,Yes,DSL,One year,Electronic check,53.08,3024.45,Yes
CUST3238,Male,0,No,No,57,Yes,Fiber optic,Month-to-month,Credit card,95.8,5443.55,Yes
CUST3239,Female,0,Yes,Yes,17,Yes,No,Month-to-month,Bank transfer,84.5,1417.46,No
CUST3240,Male,1,No,Yes,22,Yes,DSL,Two year,Credit card,97.67,2130.26,No
CUST3241,Female,0,No,No,28,No,No,Month-to-month,Bank transfer,62.84,1926.42,No
CUST3242,Female,0,Yes,No,22,Yes,Fiber optic,Month-to-month,Bank transfer,28.12,665.09,No
CUST3243,Female,0,No,No,35,Yes,No,One year,Electronic check,85.2,3008.04,No
CUST3244,Female,1,Yes,No,69,No,No,Month-to-month,Mailed check,77.58,5326.75,No
CUST3245,Female,0,No,No,5,Yes,No,Month-to-month,Electronic check,78.37,564.7,No
CUST3246,Female,1,Yes,Yes,33,Yes,Fiber optic,Month-to-month,Bank transfer,28.55,1026.44,No
CUST3247,Female,0,Yes,Yes,43,Yes,No,One year,Mailed check,50.79,2282.88,Yes
CUST3248,Male,0,Yes,Yes,43,Yes,DSL,Two year,Mailed check,41.85,1827.37,No
CUST3249,Male,1,No,Yes,26,Yes,DSL,One year,Electronic check,81.98,2231.47,No
CUST3250,Male,0,No,No,51,Yes,DSL,Month-to-month,Electronic check,83.01,4272.83,No
CUST3251,Male,0,Yes,No,41,Yes,Fiber optic,Two year,Credit card,68.7,2779.57,No
CUST3252,Male,0,No,Yes,24,No,DSL,Month-to-month,Mailed check,99.03,2413.66,No
CUST3253,Male,0,No,Yes,38,Yes,DSL,Month-to-month,Bank transfer,114.72,4569.07,No
CUST3254,Male,0,Yes,No,38,Yes,No,Month-to-month,Credit card,80.59,3082.8,No
CUST3255,Female,0,Yes,Yes,11,No,Fiber optic,Two year,Credit card,90.13,1118.45,Yes
CUST3256,Female,0,Yes,Yes,10,Yes,No,Month-to-month,Credit card,53.75,656.64,Yes
CUST3257,Female,0,Yes,No,2,Yes,DSL,One year,Credit card,48.24,152.77,No
CUST3258,Female,0,No,No,21,Yes,DSL,Month-to-month,Electronic check,100.29,2271.77,No
CUST3259,Male,1,No,No,3,Yes,DSL,Month-to-month,Mailed check,43.76,-86.01,No
CUST3260,Male,0,No,Yes,7,Yes,DSL,Two year,Credit card,90.91,452.73,Yes
CUST3261,Female,0,No,No,13,Yes,DSL,Month-to-month,Mailed check,121.58,1753.32,No
CUST3262,Female,0,No,No,13,Yes,DSL,One year,Bank transfer,89.6,1100.06,No
CUST3263,Male,0,No,Yes,15,Yes,DSL,Month-to-month,Mailed check,67.57,1024.73,No
CUST3264,Female,0,Yes,No,31,Yes,Fiber optic,One year,Electronic check,29.79,1098.55,No
CUST3265,Female,0,No,Yes,63,Yes,DSL,One year,Mailed check,74.9,4738.67,No
CUST3266,Female,1,No,Yes,15,No,DSL,Month-to-month,Bank transfer,100.27,1673.01,No
CUST3267,Female,1,No,Yes,51,Yes,Fiber optic,Month-to-month,Bank transfer,64.63,3257.31,No
CUST3268,Male,0,Yes,Yes,18,Yes,Fiber optic,Two year,Credit card,100.64,1873.11,No
CUST3269,Female,1,Yes,No,68,Yes,No,One year,Bank transfer,80.95,5510.41,No
CUST3270,Female,0,No,Yes,11,Yes,Fiber optic,Month-to-month,Credit card,78.74,1015.2,No
CUST3271,Male,0,Yes,No,4,Yes,No,One year,Electronic check,60.5,215.84,Yes
CUST3272,Male,1,Yes,No,41,Yes,No,One year,Electronic check,26.32,982.69,No
CUST3273,Female,0,No,No,16,Yes,Fiber optic,Month-to-month,Electronic check,57.25,869.24,Yes
CUST3274,Male,0,No,No,71,Yes,Fiber optic,Month-to-month,Mailed check,57.01,4005.38,No
CUST3275,Female,0,No,No,9,Yes,DSL,Two year,Bank transfer,87.26,720.62,No
CUST3276,Female,0,Yes,Yes,15,No,Fiber optic,Two year,Bank transfer,69.54,974.23,Yes
CUST3277,Male,0,Yes,No,15,Yes,Fiber optic,One year,Bank transfer,102.5,1649.67,No
CUST3278,Female,0,No,Yes,41,Yes,No,Month-to-month,Credit card,,3356.82,No
CUST3279,Female,1,Yes,Yes,2,Yes,Fiber optic,Two year,Credit card,54.87,148.93,No
CUST3280,Female,0,Yes,Yes,22,Yes,No,One year,Electronic check,45.55,937.37,No
CUST3281,Female,0,Yes,No,27,Yes,No,Month-to-month,Bank transfer,51.9,1342.9,Yes
CUST3282,Male,0,No,No,44,Yes,No,One year,Mailed check,74.82,3084.79,Yes
CUST3283,Male,0,No,No,67,Yes,DSL,Two year,Mailed check,58.82,3978.91,No
CUST3284,Female,0,No,No,23,Yes,DSL,Month-to-month,Electronic check,37.71,799.06,No
CUST3285,Male,0,No,Yes,18,Yes,Fiber optic,Two year,Credit card,100.2,1950.71,No
CUST3286,Female,1,No,No,39,Yes,Fiber optic,Two year,Credit card,74.57,2770.42,No
CUST3287,Female,1,Yes,No,45,Yes,DSL,Month-to-month,Credit card,,3461.56,Yes
CUST3288,Female,0,Yes,Yes,39,Yes,Fiber optic,Two year,Electronic check,45.32,1757.92,No
CUST3289,Female,1,Yes,Yes,61,Yes,Fiber optic,Two year,Electronic check,38.75,2410.27,No
CUST3290,Female,0,Yes,Yes,17,Yes,DSL,Month-to-month,Bank transfer,65.13,1287.5,Yes
CUST3291,Male,0,Yes,Yes,11,Yes,Fiber optic,Month-to-month,Bank transfer,9.15,-36.39,No
CUST3292,Female,0,Yes,Yes,13,Yes,No,Month-to-month,Bank transfer,93.39,1183.88,No
CUST3293,Male,0,No,Yes,60,Yes,Fiber optic,Month-to-month,Mailed check,48.88,2789.98,No
CUST3294,Male,0,No,Yes,11,Yes,Fiber optic,One year,Mailed check,61.97,760.67,Yes
CUST3295,Female,0,Yes,No,26,Yes,DSL,Month-to-month,Bank transfer,82.81,2088.37,No
CUST3296,Female,0,No,No,5,Yes,Fiber optic,Two year,Mailed check,63.26,305.97,No
CUST3297,Female,1,Yes,Yes,32,Yes,No,Two year,Mailed check,34.95,1101.17,No
CUST3298,Female,0,Yes,Yes,49,Yes,Fiber optic,Month-to-month,Credit card,115.17,5654.96,No
CUST3299,Female,0,No,No,11,Yes,DSL,Month-to-month,Credit card,24.02,248.59,No
CUST3300,Male,0,No,Yes,56,Yes,Fiber optic,Month-to-month,Electronic check,2.9,65.23,No
CUST3301,Female,0,Yes,Yes,52,Yes,No,Month-to-month,Credit card,96.24,5012.97,No
CUST3302,Female,0,No,Yes,12,Yes,DSL,Month-to-month,Bank transfer,26.22,235.2,No
CUST3303,Male,0,Yes,Yes,71,Yes,Fiber optic,Month-to-month,Credit card,107.58,7719.64,No
CUST3304,Male,0,Yes,Yes,2,Yes,DSL,Month-to-month,Mailed check,81.31,168.36,No
CUST3305,Female,0,Yes,No,63,Yes,Fiber optic,Month-to-month,Mailed check,78.49,4840.9,Yes
CUST3306,Male,0,Yes,Yes,57,Yes,Fiber optic,Two year,Bank transfer,52.93,3257.7,No
CUST3307,Female,0,Yes,Yes,3,No,No,Month-to-month,Bank transfer,45.24,,No
CUST3308,Male,0,No,Yes,44,Yes,Fiber optic,Month-to-month,Credit card,58.71,2827.59,No
CUST3309,Male,0,Yes,No,65,Yes,Fiber optic,One year,Credit card,43.68,2804.91,No
CUST3310,Female,0,No,No,35,Yes,No,Month-to-month,Credit card,106.23,3634.53,No
CUST3311,Male,0,Yes,Yes,22,Yes,DSL,Month-to-month,Electronic check,47.72,1130.49,Yes
CUST3312,Male,0,No,Yes,18,Yes,Fiber optic,One year,Electronic check,85.19,1644.22,Yes
CUST3313,Male,0,Yes,Yes,39,Yes,Fiber optic,Month-to-month,Bank transfer,100.16,3925.91,Yes
CUST3314,Male,0,No,Yes,71,Yes,DSL,Month-to-month,Credit card,43.56,2882.39,Yes
CUST3315,Male,0,Yes,No,15,Yes,DSL,Month-to-month,Mailed check,81.3,1121.39,No
CUST3316,Male,0,Yes,No,57,No,Fiber optic,Month-to-month,Electronic check,43.18,,No
CUST3317,Female,0,No,Yes,17,Yes,DSL,Month-to-month,Bank transfer,64.79,1035.41,No
CUST3318,Female,1,No,Yes,35,Yes,DSL,One year,Electronic check,56.24,1831.9,Yes
CUST3319,Male,1,No,No,23,Yes,No,Month-to-month,Credit card,49.14,,No
CUST3320,Female,0,No,No,0,Yes,Fiber optic,Month-to-month,Mailed check,74.73,-324.66,No
CUST3321,Female,0,No,Yes,0,Yes,No,One year,Mailed check,33.58,-60.33,No
CUST3322,Female,0,No,Yes,63,Yes,DSL,Two year,Bank transfer,97.88,6123.84,Yes
CUST3323,Male,1,Yes,Yes,61,Yes,No,Two year,Electronic check,,2321.59,No
CUST3324,Female,1,Yes,No,35,Yes,Fiber optic,Month-to-month,Credit card,31.99,1174.41,Yes
CUST3325,Male,0,Yes,No,17,Yes,No,Month-to-month,Credit card,62.43,1099.08,No
CUST3326,Female,0,No,No,15,Yes,DSL,Month-to-month,Mailed check,58.82,972.02,No
CUST3327,Male,0,No,No,16,Yes,Fiber optic,Two year,Mailed check,80.67,1273.92,Yes
CUST3328,Male,0,No,Yes,23,Yes,Fiber optic,One year,Credit card,72.54,1522.86,No
CUST3329,Female,0,Yes,No,67,Yes,Fiber optic,Month-to-month,Credit card,21.18,1423.48,Yes
CUST3330,Female,0,No,No,1,Yes,No,Month-to-month,Electronic check,99.6,12.05,No
CUST3331,Male,1,Yes,No,9,Yes,DSL,Month-to-month,Bank transfer,61.68,419.43,No
CUST3332,Female,0,No,Yes,52,Yes,No,Month-to-month,Electronic check,77.24,4074.38,Yes
CUST3333,Female,0,No,No,50,Yes,No,Two year,Electronic check,136.06,6661.71,No
CUST3334,Female,1,No,No,68,Yes,Fiber optic,Month-to-month,Credit card,108.59,7452.14,No
CUST3335,Male,1,Yes,No,13,Yes,DSL,Month-to-month,Electronic check,76.32,862.94,No
CUST3336,Male,0,No,Yes,65,Yes,No,Two year,Electronic check,28.81,1843.6,No
CUST3337,Female,0,Yes,No,52,No,Fiber optic,Month-to-month,Electronic check,29.31,1467.72,No
CUST3338,Female,0,No,Yes,63,No,No,Month-to-month,Mailed check,104.86,6719.87,No
CUST3339,Female,0,No,Yes,71,No,No,Month-to-month,Bank transfer,57.95,4173.88,No
CUST3340,Male,1,No,No,48,Yes,DSL,Month-to-month,Bank transfer,64.95,3035.18,No
CUST3341,Male,1,No,Yes,61,No,Fiber optic,Month-to-month,Mailed check,35.64,2158.28,No
CUST3342,Female,0,Yes,No,36,Yes,Fiber optic,Month-to-month,Credit card,83.38,3134.62,No
CUST3343,Female,0,No,Yes,48,Yes,No,Month-to-month,Credit card,104.24,5152.82,No
CUST3344,Female,0,Yes,Yes,67,No,DSL,Month-to-month,Bank transfer,,7615.69,No
CUST3345,Female,1,No,No,32,No,DSL,Month-to-month,Bank transfer,56.56,1941.54,No
CUST3346,Female,0,No,No,21,Yes,No,One year,Credit card,89.35,2000.31,No
CUST3347,Female,0,No,Yes,69,Yes,DSL,Month-to-month,Electronic check,67.15,4651.21,No
CUST3348,Male,0,Yes,Yes,32,Yes,Fiber optic,Month-to-month,Bank transfer,96.41,3076.04,No
CUST3349,Female,0,No,Yes,27,Yes,DSL,Month-to-month,Electronic check,69.88,1831.72,No
CUST3350,Male,0,Yes,Yes,3,Yes,Fiber optic,Month-to-month,Bank transfer,45.28,10.5,Yes
CUST3351,Female,0,Yes,No,65,Yes,Fiber optic,Month-to-month,Mailed check,109.6,7157.89,No
CUST3352,Female,1,No,Yes,48,Yes,Fiber optic,One year,Bank transfer,72.96,3485.07,No
CUST3353,Male,1,Yes,Yes,10,Yes,No,Month-to-month,Mailed check,354.11098684210526,638.09,No
CUST3354,Male,0,No,No,34,Yes,DSL,One year,Electronic check,75.33,2607.1,Yes
CUST3355,Male,0,Yes,Yes,38,No,DSL,Month-to-month,Credit card,47.9,2071.99,No
CUST3356,Male,0,Yes,No,9,Yes,Fiber optic,One year,Electronic check,82.46,861.81,No
CUST3357,Female,0,Yes,No,71,Yes,Fiber optic,Two year,Electronic check,64.11,4606.5,No
CUST3358,Male,0,Yes,No,68,Yes,Fiber optic,Month-to-month,Electronic check,46.16,2925.18,No
CUST3359,Female,1,No,Yes,22,Yes,DSL,Month-to-month,Mailed check,141.31,3148.05,No
CUST3360,Male,0,Yes,No,33,Yes,No,Month-to-month,Bank transfer,39.78,1470.97,No
CUST3361,Female,0,No,No,31,Yes,Fiber optic,Two year,Credit card,80.6,2455.9,No
CUST3362,Female,1,Yes,No,15,No,DSL,Month-to-month,Electronic check,71.7,1294.57,Yes
CUST3363,Female,1,No,Yes,67,Yes,Fiber optic,One year,Electronic check,39.23,2682.8,No
CUST3364,Female,0,No,Yes,53,Yes,DSL,One year,Electronic check,59.88,3203.1,Yes
CUST3365,Female,0,Yes,Yes,27,Yes,DSL,Month-to-month,Mailed check,29.72,,Yes
CUST3366,Female,0,Yes,Yes,59,Yes,DSL,Month-to-month,Mailed check,131.99,7937.78,No
CUST3367,Male,0,No,No,59,Yes,DSL,Month-to-month,Mailed check,61.96,3572.58,No
CUST3368,Female,0,Yes,No,43,Yes,DSL,One year,Bank transfer,64.52,2717.92,No
CUST3369,Male,0,Yes,No,1,Yes,Fiber optic,Month-to-month,Bank transfer,128.36,-59.75,No
CUST3370,Male,1,Yes,Yes,22,Yes,Fiber optic,Month-to-month,Electronic check,45.28,1085.78,Yes
CUST3371,Female,0,Yes,No,45,Yes,Fiber optic,Month-to-month,Credit card,108.83,4956.12,No
CUST3372,Male,0,Yes,Yes,53,Yes,DSL,Month-to-month,Mailed check,87.78,4653.36,No
CUST3373,Female,0,Yes,Yes,70,No,No,Month-to-month,Bank transfer,10.63,818.12,No
CUST3374,Male,0,Yes,Yes,8,Yes,No,Two year,Bank transfer,58.87,535.56,No
CUST3375,Female,1,Yes,No,69,Yes,No,One year,Credit card,83.1,5697.35,No
CUST3376,Male,0,Yes,No,43,Yes,DSL,One year,Mailed check,71.07,2977.53,Yes
CUST3377,Female,0,No,Yes,11,Yes,Fiber optic,One year,Bank transfer,71.15,611.12,No
CUST3378,Female,0,Yes,No,31,Yes,DSL,One year,Credit card,51.79,1587.72,No
CUST3379,Female,0,Yes,Yes,33,Yes,No,Month-to-month,Credit card,48.61,1473.32,No
CUST3380,Female,0,Yes,No,32,Yes,DSL,Two year,Mailed check,60.75,1960.27,No
CUST3381,Male,0,Yes,Yes,63,Yes,DSL,Month-to-month,Mailed check,128.84,8100.88,No
CUST3382,Female,0,Yes,Yes,47,Yes,Fiber optic,Month-to-month,Mailed check,42.77,1969.99,No
CUST3383,Male,0,No,Yes,15,Yes,Fiber optic,Month-to-month,Electronic check,55.53,937.6,No
CUST3384,Male,0,No,No,49,Yes,Fiber optic,Month-to-month,Bank transfer,70.87,3373.99,No
CUST3385,Male,1,Yes,No,22,No,DSL,Month-to-month,Credit card,26.11,,No
CUST3386,Female,1,No,No,25,Yes,Fiber optic,Month-to-month,Electronic check,82.96,2051.46,No
CUST3387,Male,0,Yes,No,53,Yes,No,One year,Mailed check,31.36,1588.09,No
CUST3388,Male,0,Yes,No,43,Yes,No,Month-to-month,Bank transfer,37.38,1619.5,No
CUST3389,Male,0,No,Yes,36,Yes,Fiber optic,Month-to-month,Bank transfer,35.94,1202.48,Yes
CUST3390,Female,0,No,No,8,Yes,Fiber optic,Two year,Electronic check,20.78,208.29,No
CUST3391,Female,0,No,Yes,12,Yes,DSL,Month-to-month,Credit card,108.05,1199.31,Yes
CUST3392,Male,1,No,No,59,No,DSL,Month-to-month,Electronic check,85.65,4954.98,No
CUST3393,Female,1,No,No,1,Yes,DSL,One year,Bank transfer,97.67,159.31,Yes
CUST3394,Female,0,Yes,No,59,Yes,Fiber optic,Month-to-month,Credit card,94.94,5596.81,No
CUST3395,Male,0,Yes,Yes,56,Yes,Fiber optic,Month-to-month,Electronic check,64.96,3519.05,No
CUST3396,Male,1,Yes,No,42,Yes,Fiber optic,Month-to-month,Electronic check,69.11,2807.44,No
CUST3397,Female,0,No,Yes,18,Yes,DSL,Month-to-month,Mailed check,100.41,1770.1,Yes
CUST3398,Male,0,Yes,No,10,Yes,Fiber optic,Month-to-month,Bank transfer,119.15,1077.2,No
CUST3399,Female,0,No,Yes,46,Yes,DSL,Month-to-month,Mailed check,32.26,1455.17,No
CUST3400,Female,0,Yes,Yes,62,No,Fiber optic,Month-to-month,Mailed check,145.6,9001.93,No
CUST3401,Female,0,No,Yes,6,Yes,DSL,Month-to-month,Credit card,30.53,91.47,No
CUST3402,Female,0,No,Yes,30,Yes,Fiber optic,Two year,Credit card,56.14,1749.2,Yes
CUST3403,Female,0,Yes,No,54,No,Fiber optic,Month-to-month,Bank transfer,72.22,3797.84,Yes
CUST3404,Female,0,Yes,No,24,Yes,DSL,Two year,Credit card,74.98,1924.09,Yes
CUST3405,Male,0,Yes,Yes,71,Yes,DSL,Month-to-month,Bank transfer,128.91,9130.76,Yes
CUST3406,Male,0,Yes,No,29,Yes,Fiber optic,One year,Credit card,100.36,2844.47,Yes
CUST3407,Female,0,No,Yes,35,No,DSL,Month-to-month,Mailed check,82.39,2937.59,No
CUST3408,Female,0,Yes,No,49,Yes,Fiber optic,Month-to-month,Bank transfer,101.06,4955.38,Yes
CUST3409,Female,1,No,No,13,Yes,Fiber optic,Month-to-month,Mailed check,80.37,1120.8,Yes
CUST3410,Male,0,Yes,No,28,Yes,DSL,Two year,Credit card,49.74,1192.61,No
CUST3411,Female,0,Yes,Yes,26,Yes,Fiber optic,Month-to-month,Mailed check,84.57,2250.51,No
CUST3412,Male,1,Yes,No,49,Yes,No,Month-to-month,Credit card,72.03,3477.54,No
CUST3413,Female,0,Yes,Yes,35,Yes,Fiber optic,Month-to-month,Electronic check,44.71,1568.61,No
CUST3414,Female,0,Yes,No,33,No,No,Month-to-month,Mailed check,107.88,3551.22,Yes
CUST3415,Male,0,No,Yes,20,Yes,DSL,One year,Bank transfer,68.37,1502.06,Yes
CUST3416,Male,0,Yes,No,37,Yes,Fiber optic,One year,Mailed check,36.38,1160.01,No
CUST3417,Female,0,No,Yes,49,Yes,Fiber optic,Month-to-month,Mailed check,41.12,2176.29,Yes
CUST3418,Female,1,Yes,Yes,36,Yes,No,Month-to-month,Bank transfer,86.05,3168.44,No
CUST3419,Female,0,No,Yes,18,No,DSL,Month-to-month,Bank transfer,101.48,1841.85,No
CUST3420,Male,0,Yes,No,0,Yes,DSL,Two year,Electronic check,84.45,-143.35,Yes
CUST3421,Male,1,Yes,Yes,39,Yes,DSL,Month-to-month,Credit card,84.59,3131.8,No
CUST3422,Male,0,Yes,No,54,Yes,No,Month-to-month,Credit card,45.69,2411.17,No
CUST3423,Male,0,No,Yes,25,Yes,Fiber optic,Month-to-month,Bank transfer,72.79,1883.26,No
CUST3424,Male,0,No,Yes,42,Yes,No,Month-to-month,Mailed check,60.1,2523.6,No
CUST3425,Male,0,Yes,Yes,58,Yes,DSL,One year,Credit card,64.15,3778.52,No
CUST3426,Female,0,Yes,No,50,Yes,DSL,Month-to-month,Bank transfer,66.65,3186.16,No
CUST3427,Female,0,Yes,No,14,Yes,DSL,One year,Bank transfer,50.2,707.24,No
CUST3428,Male,0,No,No,7,Yes,Fiber optic,Month-to-month,Electronic check,92.55,757.39,No
CUST3429,Female,0,Yes,No,13,Yes,No,One year,Mailed check,39.73,661.68,No
CUST3430,Female,0,No,No,6,Yes,DSL,Month-to-month,Electronic check,31.04,60.84,No
CUST3431,Male,0,Yes,No,17,Yes,No,Two year,Electronic check,46.44,754.29,No
CUST3432,Female,0,No,No,11,Yes,DSL,Month-to-month,Mailed check,96.5,,No
CUST3433,Male,0,No,Yes,1,No,Fiber optic,One year,Bank transfer,80.17,17.53,No
CUST3434,Male,0,No,Yes,49,Yes,Fiber optic,One year,Mailed check,16.5,899.28,No
CUST3435,Female,1,Yes,No,20,Yes,DSL,Month-to-month,Electronic check,87.92,2045.55,Yes
CUST3436,Male,0,No,No,6,Yes,DSL,Month-to-month,Electronic check,68.54,299.87,No
CUST3437,Male,0,Yes,No,11,Yes,DSL,Two year,Mailed check,57.48,674.76,No
CUST3438,Male,0,No,No,56,Yes,DSL,Month-to-month,Electronic check,62.74,3542.99,No
CUST3439,Male,0,Yes,No,22,Yes,No,Two year,Bank transfer,29.99,691.48,No
CUST3440,Male,0,No,Yes,29,Yes,No,Month-to-month,Bank transfer,75.2,2314.1,No
CUST3441,Male,0,No,No,57,Yes,Fiber optic,Month-to-month,Mailed check,31.97,1859.62,No
CUST3442,Male,1,Yes,No,51,Yes,Fiber optic,Month-to-month,Mailed check,354.11098684210526,2820.87,Yes
CUST3443,Male,0,Yes,No,55,Yes,DSL,Month-to-month,Bank transfer,59.54,3131.02,No
CUST3444,Female,0,No,Yes,9,Yes,DSL,Month-to-month,Credit card,93.1,731.21,Yes
CUST3445,Female,0,No,Yes,18,Yes,No,Month-to-month,Credit card,71.19,1206.56,Yes
CUST3446,Female,0,Yes,Yes,18,No,Fiber optic,Two year,Credit card,91.18,1627.28,Yes
CUST3447,Male,0,No,Yes,58,Yes,Fiber optic,One year,Mailed check,34.13,,No
CUST3448,Male,0,No,No,43,Yes,Fiber optic,Month-to-month,Bank transfer,66.77,,No
CUST3449,Female,1,Yes,Yes,58,Yes,Fiber optic,Month-to-month,Bank transfer,85.91,4821.91,No
CUST3450,Female,0,Yes,Yes,3,Yes,DSL,One year,Bank transfer,107.27,109.91,Yes
CUST3451,Female,0,Yes,Yes,64,Yes,Fiber optic,Month-to-month,Bank transfer,,2137.08,No
CUST3452,Male,0,No,Yes,12,Yes,Fiber optic,One year,Mailed check,44.77,,Yes
CUST3453,Female,0,No,Yes,66,Yes,No,Month-to-month,Bank transfer,85.16,5593.51,No
CUST3454,Female,0,No,No,11,Yes,Fiber optic,One year,Bank transfer,118.35,1206.58,No
CUST3455,Male,0,Yes,Yes,54,Yes,DSL,Month-to-month,Electronic check,78.58,4051.56,No
CUST3456,Female,0,No,Yes,60,No,DSL,One year,Electronic check,36.7,2100.72,No
CUST3457,Male,0,Yes,Yes,40,Yes,Fiber optic,Month-to-month,Electronic check,37.29,1552.32,No
CUST3458,Male,0,Yes,No,35,Yes,Fiber optic,Month-to-month,Electronic check,74.05,2639.32,No
CUST3459,Male,0,No,No,1,Yes,Fiber optic,Month-to-month,Mailed check,80.73,55.48,No
CUST3460,Female,1,Yes,No,21,Yes,Fiber optic,Month-to-month,Credit card,63.36,1303.86,No
CUST3461,Female,0,No,No,21,Yes,Fiber optic,Month-to-month,Electronic check,37.63,613.1,Yes
CUST3462,Male,0,Yes,No,40,Yes,DSL,One year,Electronic check,103.04,4043.99,Yes
CUST3463,Female,1,Yes,No,13,No,DSL,Month-to-month,Electronic check,59.54,829.58,No
CUST3464,Female,0,Yes,No,34,Yes,DSL,Month-to-month,Mailed check,85.81,2850.06,No
CUST3465,Female,0,No,No,49,Yes,DSL,Month-to-month,Credit card,16.8,985.55,No
CUST3466,Female,0,Yes,Yes,8,Yes,Fiber optic,One year,Bank transfer,106.03,968.8,No
CUST3467,Male,0,No,Yes,58,Yes,DSL,One year,Electronic check,49.46,2823.3,No
CUST3468,Female,0,Yes,No,55,Yes,DSL,One year,Credit card,110.34,,No
CUST3469,Male,0,Yes,Yes,9,Yes,DSL,Two year,Bank transfer,88.38,1017.73,No
CUST3470,Male,0,Yes,No,24,No,DSL,Two year,Electronic check,27.14,736.08,Yes
CUST3471,Female,0,No,Yes,44,Yes,No,One year,Mailed check,77.37,3411.31,No
CUST3472,Male,0,No,Yes,10,Yes,DSL,Month-to-month,Mailed check,119.7,1215.57,Yes
CUST3473,Female,0,No,No,8,No,Fiber optic,Month-to-month,Mailed check,52.06,431.37,No
CUST3474,Female,0,No,Yes,6,Yes,DSL,Month-to-month,Bank transfer,119.75,716.8,No
CUST3475,Male,0,No,No,70,Yes,No,Two year,Mailed check,81.57,5602.8,Yes
CUST3476,Male,0,Yes,No,33,Yes,No,Month-to-month,Credit card,110.21,3596.7,No
CUST3477,Male,0,Yes,Yes,19,Yes,Fiber optic,Month-to-month,Bank transfer,74.78,1277.22,No
CUST3478,Male,0,No,No,4,Yes,No,Two year,Mailed check,66.28,337.6,Yes
CUST3479,Female,0,No,Yes,54,Yes,DSL,Month-to-month,Credit card,125.11,6742.69,No
CUST3480,Female,0,No,Yes,14,Yes,DSL,One year,Credit card,91.64,1360.51,No
CUST3481,Female,0,No,No,47,Yes,DSL,One year,Electronic check,,2830.74,Yes
CUST3482,Male,0,Yes,No,3,No,DSL,One year,Electronic check,82.72,390.37,No
CUST3483,Male,1,No,No,20,Yes,DSL,One year,Credit card,53.05,1190.77,No
CUST3484,Male,0,No,No,8,Yes,DSL,One year,Electronic check,73.24,428.48,No
CUST3485,Female,0,No,No,65,Yes,Fiber optic,One year,Electronic check,105.87,6830.96,Yes
CUST3486,Male,0,No,Yes,34,Yes,Fiber optic,Month-to-month,Bank transfer,65.14,2175.03,No
CUST3487,Female,0,Yes,No,50,Yes,DSL,One year,Mailed check,43.76,2044.21,No
CUST3488,Male,0,Yes,Yes,36,Yes,DSL,One year,Bank transfer,40.99,1449.65,Yes
CUST3489,Female,0,No,No,5,Yes,Fiber optic,Month-to-month,Bank transfer,72.21,416.86,No
CUST3490,Female,0,Yes,Yes,50,Yes,Fiber optic,Month-to-month,Electronic check,45.77,2241.56,No
CUST3491,Male,1,Yes,Yes,65,Yes,DSL,Month-to-month,Mailed check,27.02,1585.01,No
CUST3492,Male,0,No,Yes,16,Yes,DSL,Month-to-month,Bank transfer,34.04,621.89,No
CUST3493,Female,0,No,Yes,64,Yes,Fiber optic,Month-to-month,Bank transfer,105.25,6656.83,No
CUST3494,Female,0,Yes,Yes,8,Yes,DSL,One year,Bank transfer,65.73,457.21,No
CUST3495,Male,1,Yes,No,12,Yes,No,Month-to-month,Bank transfer,71.73,1028.89,No
CUST3496,Male,0,Yes,Yes,57,Yes,DSL,Month-to-month,Mailed check,41.0,2376.67,Yes
CUST3497,Female,0,Yes,No,29,Yes,DSL,Month-to-month,Electronic check,52.56,1443.33,No
CUST3498,Male,1,Yes,Yes,30,Yes,Fiber optic,Month-to-month,Credit card,51.59,1428.79,Yes
CUST3499,Female,0,No,No,22,No,No,Month-to-month,Electronic check,61.7,1453.99,No
CUST3500,Female,0,Yes,Yes,62,Yes,Fiber optic,Month-to-month,Credit card,20.25,1345.2,No
CUST3501,Male,0,Yes,Yes,27,Yes,DSL,Two year,Bank transfer,102.69,2721.96,Yes
CUST3502,Male,0,Yes,No,58,Yes,DSL,One year,Credit card,69.51,3905.68,No
CUST3503,Male,0,Yes,No,9,Yes,Fiber optic,Two year,Mailed check,76.06,723.1,No
CUST3504,Male,0,Yes,Yes,25,Yes,DSL,Month-to-month,Mailed check,97.43,2495.14,Yes
CUST3505,Male,0,Yes,Yes,16,No,Fiber optic,Two year,Bank transfer,95.13,1484.81,Yes
CUST3506,Female,0,Yes,No,39,Yes,Fiber optic,One year,Mailed check,52.75,1946.93,No
CUST3507,Female,0,Yes,Yes,67,Yes,DSL,Two year,Bank transfer,88.13,5907.19,No
CUST3508,Male,0,No,Yes,22,Yes,DSL,Month-to-month,Credit card,87.83,1978.43,Yes
CUST3509,Male,0,No,No,34,Yes,Fiber optic,Month-to-month,Electronic check,79.48,2653.61,No
CUST3510,Male,0,Yes,Yes,8,Yes,Fiber optic,Month-to-month,Electronic check,101.83,,Yes
CUST3511,Female,0,No,Yes,44,Yes,No,Two year,Credit card,93.99,4171.66,Yes
CUST3512,Male,0,No,No,36,No,DSL,One year,Electronic check,91.82,3420.07,Yes
CUST3513,Male,0,No,Yes,68,Yes,Fiber optic,Month-to-month,Bank transfer,110.96,7503.21,No
CUST3514,Female,0,No,No,18,Yes,DSL,Month-to-month,Credit card,70.86,1161.55,Yes
CUST3515,Female,0,No,No,26,Yes,DSL,One year,Bank transfer,71.73,1858.25,No
CUST3516,Male,1,No,Yes,12,Yes,Fiber optic,Two year,Electronic check,94.58,1303.71,Yes
CUST3517,Male,0,Yes,Yes,56,Yes,No,One year,Bank transfer,64.65,3444.09,No
CUST3518,Male,0,Yes,No,59,Yes,DSL,One year,Mailed check,84.45,4751.24,No
CUST3519,Female,0,No,No,11,No,Fiber optic,Month-to-month,Electronic check,53.2,574.4,No
CUST3520,Male,0,Yes,Yes,8,Yes,Fiber optic,Month-to-month,Mailed check,1.62,-24.97,No
CUST3521,Male,0,No,No,26,Yes,DSL,Two year,Mailed check,87.94,2265.6,No
CUST3522,Male,0,Yes,Yes,62,Yes,No,One year,Credit card,23.54,1434.92,No
CUST3523,Female,1,Yes,No,28,Yes,Fiber optic,One year,Credit card,49.03,1473.4,No
CUST3524,Female,0,Yes,No,21,Yes,Fiber optic,Month-to-month,Bank transfer,,1982.35,No
CUST3525,Male,0,No,No,18,Yes,Fiber optic,Month-to-month,Bank transfer,94.95,1791.06,No
CUST3526,Male,0,Yes,Yes,37,Yes,Fiber optic,Month-to-month,Electronic check,105.26,3646.87,Yes
CUST3527,Female,0,Yes,No,38,Yes,No,Month-to-month,Bank transfer,9.41,304.68,No
CUST3528,Female,1,No,No,14,Yes,DSL,Month-to-month,Bank transfer,78.88,1022.79,No
CUST3529,Female,0,No,No,53,No,DSL,Two year,Credit card,62.27,3071.84,No
CUST3530,Female,0,Yes,No,31,Yes,No,One year,Credit card,99.65,3099.49,No
CUST3531,Female,0,No,Yes,45,No,No,Month-to-month,Mailed check,114.29,5133.02,Yes
CUST3532,Female,0,Yes,No,60,No,DSL,Month-to-month,Bank transfer,30.73,1797.1,Yes
CUST3533,Female,0,Yes,Yes,51,No,DSL,One year,Credit card,70.48,3581.88,No
CUST3534,Female,0,No,No,33,No,Fiber optic,Month-to-month,Electronic check,94.98,3144.68,Yes
CUST3535,Female,0,No,No,34,Yes,DSL,One year,Bank transfer,59.86,2136.55,Yes
CUST3536,Male,0,Yes,Yes,69,Yes,Fiber optic,Month-to-month,Electronic check,122.37,8507.78,No
CUST3537,Male,0,No,Yes,36,Yes,DSL,Month-to-month,Mailed check,57.96,2119.42,Yes
CUST3538,Male,0,Yes,No,60,Yes,Fiber optic,Month-to-month,Mailed check,60.99,3890.12,No
CUST3539,Female,0,No,No,48,Yes,DSL,Month-to-month,Credit card,37.8,1743.59,No
CUST3540,Male,0,No,No,8,Yes,Fiber optic,Month-to-month,Credit card,74.62,460.97,No
CUST3541,Female,0,No,Yes,18,Yes,Fiber optic,One year,Mailed check,,487.32,No
CUST3542,Female,0,No,No,27,Yes,Fiber optic,One year,Electronic check,62.57,1876.07,Yes
CUST3543,Male,0,No,Yes,25,No,DSL,Two year,Mailed check,108.07,2638.23,No
CUST3544,Female,0,Yes,No,37,Yes,DSL,Two year,Mailed check,28.1,1177.48,No
CUST3545,Male,1,Yes,Yes,39,Yes,DSL,Month-to-month,Credit card,21.45,783.2,No
CUST3546,Male,0,Yes,Yes,24,Yes,Fiber optic,Month-to-month,Bank transfer,103.49,2542.24,No
CUST3547,Male,0,No,Yes,68,Yes,Fiber optic,One year,Credit card,107.55,7377.43,Yes
CUST3548,Female,0,Yes,No,70,Yes,DSL,Month-to-month,Credit card,29.33,1989.99,No
CUST3549,Male,0,Yes,No,22,Yes,Fiber optic,Two year,Electronic check,121.98,2868.23,No
CUST3550,Female,0,No,Yes,64,Yes,Fiber optic,Month-to-month,Mailed check,82.97,5506.24,No
CUST3551,Male,1,No,Yes,21,Yes,Fiber optic,Two year,Bank transfer,101.46,2028.54,No
CUST3552,Male,0,No,Yes,63,Yes,DSL,Two year,Bank transfer,46.24,2933.23,No
CUST3553,Male,1,Yes,No,67,Yes,No,Month-to-month,Credit card,114.67,7774.34,No
CUST3554,Female,0,Yes,No,57,Yes,Fiber optic,Month-to-month,Credit card,61.96,3343.46,No
CUST3555,Female,0,No,No,27,Yes,No,Month-to-month,Mailed check,60.64,1639.9,Yes
CUST3556,Female,0,Yes,Yes,67,No,DSL,Month-to-month,Electronic check,84.47,5494.17,Yes
CUST3557,Male,0,Yes,No,3,Yes,No,One year,Mailed check,58.24,241.47,No
CUST3558,Male,0,No,No,0,Yes,DSL,Month-to-month,Bank transfer,24.38,8.6,No
CUST3559,Female,1,Yes,No,25,No,Fiber optic,Month-to-month,Electronic check,73.95,,No
CUST3560,Female,1,No,Yes,32,No,Fiber optic,Two year,Credit card,60.45,1777.71,No
CUST3561,Female,1,Yes,No,26,Yes,Fiber optic,Two year,Credit card,46.96,,No
CUST3562,Female,0,No,No,41,Yes,Fiber optic,Month-to-month,Bank transfer,107.22,4447.94,Yes
CUST3563,Female,0,Yes,No,68,Yes,DSL,Two year,Mailed check,141.77,9636.26,No
CUST3564,Female,0,Yes,No,70,Yes,No,Month-to-month,Electronic check,42.43,3089.35,No
CUST3565,Male,0,No,No,63,Yes,Fiber optic,One year,Mailed check,,4895.74,No
CUST3566,Female,0,No,Yes,24,Yes,No,Month-to-month,Mailed check,,1501.73,No
CUST3567,Male,0,No,Yes,71,Yes,DSL,Two year,Mailed check,138.65,9790.37,Yes
CUST3568,Male,0,No,Yes,3,Yes,Fiber optic,One year,Credit card,84.75,283.75,No
CUST3569,Female,0,Yes,Yes,11,Yes,Fiber optic,Month-to-month,Bank transfer,97.81,979.39,No
CUST3570,Female,0,No,No,57,No,Fiber optic,Month-to-month,Electronic check,105.45,5884.66,No
CUST3571,Male,0,No,No,10,Yes,Fiber optic,Month-to-month,Electronic check,73.9,857.19,No
CUST3572,Female,0,No,Yes,58,Yes,DSL,One year,Bank transfer,64.41,3617.13,No
CUST3573,Female,0,No,Yes,35,Yes,DSL,Two year,Electronic check,115.57,3915.55,Yes
CUST3574,Male,0,No,Yes,21,Yes,Fiber optic,One year,Electronic check,93.34,1970.66,Yes
CUST3575,Male,0,Yes,No,64,Yes,Fiber optic,One year,Mailed check,44.62,2828.61,No
CUST3576,Male,0,No,No,49,Yes,DSL,One year,Mailed check,48.27,2346.81,No
CUST3577,Female,0,No,No,3,Yes,Fiber optic,Two year,Bank transfer,58.31,405.5,No
CUST3578,Male,0,No,Yes,71,Yes,Fiber optic,One year,Electronic check,104.78,7339.93,No
CUST3579,Female,0,Yes,Yes,51,Yes,Fiber optic,Month-to-month,Bank transfer,114.2,5873.7,No
CUST3580,Male,0,Yes,Yes,42,Yes,DSL,One year,Bank transfer,134.55,5659.77,No
CUST3581,Male,0,Yes,No,45,Yes,Fiber optic,Month-to-month,Bank transfer,48.74,2294.23,No
CUST3582,Male,0,No,No,3,Yes,Fiber optic,Two year,Bank transfer,74.21,144.05,No
CUST3583,Female,0,No,Yes,12,Yes,Fiber optic,Month-to-month,Mailed check,57.99,673.43,No
CUST3584,Female,0,Yes,Yes,37,Yes,No,Month-to-month,Credit card,64.53,2399.02,No
CUST3585,Male,0,Yes,No,44,Yes,Fiber optic,Month-to-month,Bank transfer,97.9,4164.22,No
CUST3586,Male,0,No,No,24,Yes,DSL,One year,Electronic check,68.62,1466.32,Yes
CUST3587,Male,0,No,Yes,66,Yes,DSL,Month-to-month,Credit card,109.48,7223.6,No
CUST3588,Female,0,No,Yes,54,Yes,DSL,Two year,Mailed check,54.51,3077.3,No
CUST3589,Male,0,Yes,No,38,Yes,DSL,Month-to-month,Credit card,92.24,3469.9,No
CUST3590,Female,0,No,Yes,64,Yes,No,Month-to-month,Credit card,56.72,3608.57,No
CUST3591,Male,0,No,Yes,1,No,No,Month-to-month,Mailed check,14.88,129.95,Yes
CUST3592,Male,1,Yes,No,68,Yes,Fiber optic,Month-to-month,Bank transfer,39.36,2661.6,Yes
CUST3593,Male,0,Yes,Yes,61,Yes,DSL,Month-to-month,Credit card,73.72,4574.61,No
CUST3594,Male,0,Yes,No,45,No,DSL,Month-to-month,Mailed check,127.64,6010.45,Yes
CUST3595,Male,0,No,Yes,30,Yes,No,Month-to-month,Mailed check,56.21,1628.59,No
CUST3596,Male,0,Yes,No,34,Yes,No,Month-to-month,Credit card,64.92,2189.57,No
CUST3597,Female,0,Yes,Yes,44,Yes,DSL,Month-to-month,Mailed check,84.69,3765.98,No
CUST3598,Male,0,No,Yes,53,Yes,Fiber optic,One year,Credit card,52.02,2906.22,No
CUST3599,Female,0,No,Yes,70,Yes,DSL,Month-to-month,Credit card,55.49,,No
CUST3600,Male,1,Yes,No,68,Yes,DSL,Month-to-month,Mailed check,72.16,4979.81,No
CUST3601,Male,0,No,Yes,28,Yes,DSL,Month-to-month,Mailed check,56.9,1627.99,No
CUST3602,Female,0,Yes,Yes,71,Yes,Fiber optic,Month-to-month,Mailed check,16.51,1164.99,No
CUST3603,Male,1,No,No,7,Yes,DSL,Month-to-month,Credit card,50.49,311.39,Yes
CUST3604,Female,0,No,Yes,53,Yes,DSL,One year,Electronic check,88.45,4626.93,No
CUST3605,Female,0,Yes,No,6,Yes,DSL,Two year,Mailed check,89.38,,No
CUST3606,Male,0,Yes,No,22,Yes,DSL,Month-to-month,Mailed check,110.09,2267.88,Yes
CUST3607,Female,0,Yes,No,31,Yes,Fiber optic,Month-to-month,Bank transfer,107.67,3193.14,No
CUST3608,Female,0,No,Yes,61,Yes,DSL,Month-to-month,Mailed check,42.99,2646.86,No
CUST3609,Male,1,Yes,No,44,Yes,No,Month-to-month,Credit card,47.64,2116.49,No
CUST3610,Female,0,No,Yes,67,Yes,DSL,Month-to-month,Mailed check,48.96,3322.96,No
CUST3611,Male,0,No,No,29,No,DSL,Month-to-month,Bank transfer,65.44,1810.31,Yes
CUST3612,Male,1,Yes,Yes,38,Yes,DSL,Two year,Electronic check,51.3,1846.75,No
CUST3613,Male,0,No,No,4,Yes,DSL,Month-to-month,Electronic check,64.76,230.49,No
CUST3614,Male,0,No,No,66,Yes,DSL,Month-to-month,Mailed check,43.83,2983.54,No
CUST3615,Female,0,Yes,Yes,21,Yes,DSL,One year,Electronic check,93.53,1862.36,No
CUST3616,Male,1,No,No,27,Yes,No,Month-to-month,Credit card,41.56,1137.23,No
CUST3617,Male,0,No,Yes,21,Yes,Fiber optic,Month-to-month,Electronic check,40.07,790.24,No
CUST3618,Female,0,Yes,No,28,Yes,No,One year,Credit card,85.61,2244.63,No
CUST3619,Male,0,Yes,Yes,42,Yes,DSL,Month-to-month,Electronic check,91.67,3722.0,No
CUST3620,Male,0,No,No,41,No,Fiber optic,One year,Electronic check,354.11098684210526,2684.28,No
CUST3621,Female,1,No,No,59,Yes,DSL,Month-to-month,Credit card,96.07,5607.75,No
CUST3622,Female,0,No,Yes,70,Yes,Fiber optic,Month-to-month,Credit card,93.9,6697.38,No
CUST3623,Female,0,No,No,67,Yes,No,One year,Mailed check,126.97,8503.27,No
CUST3624,Female,1,Yes,Yes,58,No,No,Month-to-month,Credit card,91.99,5198.64,No
CUST3625,Female,0,No,Yes,5,Yes,DSL,Month-to-month,Mailed check,121.22,653.82,Yes
CUST3626,Female,0,No,No,27,Yes,DSL,Month-to-month,Bank transfer,71.86,1860.09,No
CUST3627,Female,0,No,No,30,No,DSL,Two year,Credit card,111.99,3322.02,No
CUST3628,Male,0,No,No,38,Yes,DSL,One year,Mailed check,112.62,4392.83,No
CUST3629,Female,0,Yes,Yes,49,Yes,DSL,Month-to-month,Mailed check,65.72,3091.31,No
CUST3630,Female,1,No,Yes,36,Yes,DSL,One year,Electronic check,49.34,1731.28,No
CUST3631,Female,0,Yes,No,71,Yes,DSL,One year,Credit card,54.62,3769.67,No
CUST3632,Male,0,Yes,Yes,14,No,Fiber optic,Two year,Electronic check,82.45,1035.27,Yes
CUST3633,Male,0,Yes,No,50,Yes,Fiber optic,Month-to-month,Mailed check,35.51,1728.18,No
CUST3634,Female,0,Yes,No,69,Yes,Fiber optic,Two year,Credit card,56.39,3805.15,No
CUST3635,Female,0,Yes,No,22,Yes,DSL,Month-to-month,Mailed check,105.92,2302.85,Yes
CUST3636,Female,0,No,Yes,24,Yes,DSL,Two year,Electronic check,90.01,2224.12,No
CUST3637,Male,1,Yes,Yes,45,Yes,Fiber optic,Month-to-month,Mailed check,,-48.99,No
CUST3638,Male,0,Yes,No,22,Yes,Fiber optic,Month-to-month,Mailed check,30.02,513.62,No
CUST3639,Female,0,Yes,Yes,9,Yes,DSL,One year,Electronic check,134.77,1277.08,No
CUST3640,Male,0,No,No,31,Yes,No,One year,Credit card,105.39,3191.33,No
CUST3641,Female,1,Yes,No,50,Yes,DSL,Month-to-month,Electronic check,52.51,,Yes
CUST3642,Male,0,No,Yes,40,Yes,DSL,Month-to-month,Credit card,25.35,973.1,No
CUST3643,Male,0,Yes,No,64,Yes,Fiber optic,Month-to-month,Credit card,32.51,2067.04,No
CUST3644,Female,0,Yes,No,64,Yes,DSL,Month-to-month,Bank transfer,85.27,5226.87,No
CUST3645,Female,1,No,No,39,Yes,Fiber optic,Month-to-month,Mailed check,129.31,4926.92,No
CUST3646,Female,0,No,No,17,No,DSL,Month-to-month,Credit card,127.4,1937.89,No
CUST3647,Female,0,No,No,35,Yes,DSL,Month-to-month,Credit card,22.73,824.96,No
CUST3648,Male,0,Yes,Yes,30,Yes,No,Month-to-month,Electronic check,61.13,1825.72,No
CUST3649,Male,0,No,Yes,53,Yes,DSL,Month-to-month,Credit card,44.29,2410.38,No
CUST3650,Male,0,No,No,62,Yes,Fiber optic,Two year,Credit card,74.11,4675.56,No
CUST3651,Female,0,No,Yes,0,Yes,DSL,Month-to-month,Electronic check,30.07,96.15,No
CUST3652,Male,0,No,No,51,Yes,Fiber optic,One year,Credit card,53.63,2712.63,No
CUST3653,Female,1,No,No,56,Yes,DSL,Two year,Mailed check,,2471.42,No
CUST3654,Male,1,Yes,No,8,Yes,Fiber optic,Month-to-month,Mailed check,85.71,743.57,Yes
CUST3655,Female,0,No,No,55,Yes,Fiber optic,Month-to-month,Electronic check,54.55,2920.78,No
CUST3656,Female,0,Yes,Yes,46,Yes,DSL,Month-to-month,Credit card,58.86,2613.76,No
CUST3657,Male,0,No,Yes,2,Yes,DSL,Month-to-month,Mailed check,85.33,324.67,No
CUST3658,Female,0,No,No,1,Yes,No,Month-to-month,Bank transfer,119.28,-61.34,No
CUST3659,Female,0,Yes,Yes,53,Yes,No,Month-to-month,Electronic check,133.47,7123.91,No
CUST3660,Male,0,Yes,No,36,Yes,Fiber optic,Two year,Electronic check,83.68,3046.6,No
CUST3661,Female,0,Yes,Yes,55,Yes,Fiber optic,Month-to-month,Mailed check,67.34,3591.37,No
CUST3662,Female,0,Yes,No,30,Yes,No,One year,Electronic check,109.49,3217.92,Yes
CUST3663,Female,0,No,No,11,Yes,DSL,Month-to-month,Credit card,105.01,1119.43,No
CUST3664,Male,0,Yes,No,57,Yes,Fiber optic,Month-to-month,Mailed check,96.45,5519.32,No
CUST3665,Male,0,No,Yes,66,Yes,Fiber optic,Month-to-month,Bank transfer,22.62,1528.09,No
CUST3666,Female,0,No,Yes,25,Yes,Fiber optic,Month-to-month,Credit card,,2653.16,No
CUST3667,Male,1,No,No,11,Yes,DSL,One year,Bank transfer,80.75,907.09,No
CUST3668,Female,0,Yes,Yes,15,Yes,Fiber optic,Month-to-month,Bank transfer,43.19,713.8,Yes
CUST3669,Female,0,Yes,Yes,52,No,Fiber optic,Month-to-month,Electronic check,49.84,2653.01,No
CUST3670,Female,0,Yes,Yes,71,Yes,No,Month-to-month,Bank transfer,87.46,6363.09,No
CUST3671,Female,0,No,Yes,48,Yes,Fiber optic,Month-to-month,Credit card,5.35,361.11,No
CUST3672,Female,1,Yes,Yes,48,Yes,No,One year,Mailed check,66.24,3181.3,Yes
CUST3673,Male,0,Yes,Yes,6,No,No,One year,Mailed check,50.35,366.17,No
CUST3674,Female,0,No,Yes,14,Yes,Fiber optic,One year,Bank transfer,47.29,704.44,Yes
CUST3675,Male,0,Yes,Yes,35,Yes,DSL,Month-to-month,Bank transfer,56.28,1986.24,Yes
CUST3676,Male,0,No,Yes,71,Yes,Fiber optic,Month-to-month,Mailed check,25.62,1732.16,No
CUST3677,Female,1,Yes,Yes,14,Yes,No,Month-to-month,Bank transfer,101.57,1438.21,No
CUST3678,Female,0,Yes,Yes,61,Yes,DSL,One year,Credit card,6.16,169.24,Yes
CUST3679,Male,0,Yes,Yes,17,Yes,Fiber optic,Month-to-month,Bank transfer,75.08,1383.59,Yes
CUST3680,Male,0,Yes,Yes,45,Yes,DSL,Two year,Bank transfer,44.57,2040.68,Yes
CUST3681,Male,0,Yes,No,60,Yes,DSL,Two year,Credit card,129.51,7754.68,No
CUST3682,Female,0,No,No,42,Yes,Fiber optic,Two year,Mailed check,70.68,2926.49,Yes
CUST3683,Male,0,Yes,Yes,43,Yes,Fiber optic,Month-to-month,Mailed check,6.3,336.35,No
CUST3684,Female,0,Yes,Yes,65,Yes,Fiber optic,Month-to-month,Bank transfer,86.4,,Yes
CUST3685,Female,0,Yes,Yes,54,Yes,No,Two year,Mailed check,37.22,2047.39,No
CUST3686,Female,1,Yes,No,38,Yes,DSL,One year,Credit card,99.55,3973.12,No
CUST3687,Male,0,Yes,No,4,Yes,DSL,One year,Bank transfer,88.53,432.56,No
CUST3688,Female,0,Yes,Yes,56,Yes,No,Month-to-month,Bank transfer,114.18,6313.54,No
CUST3689,Female,0,Yes,Yes,14,Yes,Fiber optic,One year,Bank transfer,75.61,1107.31,Yes
CUST3690,Female,0,No,Yes,15,Yes,DSL,Month-to-month,Electronic check,94.57,1457.56,No
CUST3691,Female,0,No,Yes,56,Yes,Fiber optic,Month-to-month,Electronic check,,3911.08,No
CUST3692,Female,0,Yes,Yes,24,Yes,No,Two year,Credit card,,1214.67,No
CUST3693,Male,0,No,No,21,Yes,Fiber optic,Month-to-month,Bank transfer,101.97,2098.61,Yes
CUST3694,Female,0,Yes,Yes,30,Yes,Fiber optic,One year,Credit card,33.09,1002.72,Yes
CUST3695,Female,0,No,No,33,Yes,DSL,Month-to-month,Electronic check,68.91,2246.03,No
CUST3696,Male,0,Yes,Yes,15,Yes,DSL,Month-to-month,Bank transfer,52.94,820.97,No
CUST3697,Female,0,Yes,Yes,69,Yes,No,Month-to-month,Electronic check,95.26,6616.01,No
CUST3698,Male,0,No,No,58,No,Fiber optic,Month-to-month,Bank transfer,41.6,2539.57,No
CUST3699,Female,1,Yes,No,14,Yes,DSL,Month-to-month,Credit card,57.74,863.27,Yes
CUST3700,Male,1,No,Yes,12,Yes,Fiber optic,Month-to-month,Credit card,71.32,785.65,No
CUST3701,Male,0,Yes,No,23,Yes,Fiber optic,One year,Credit card,114.63,2847.6,Yes
CUST3702,Female,0,Yes,Yes,12,Yes,DSL,Month-to-month,Electronic check,54.02,578.69,No
CUST3703,Female,0,Yes,No,64,Yes,Fiber optic,Two year,Credit card,57.97,3671.32,Yes
CUST3704,Female,0,Yes,No,35,Yes,DSL,Month-to-month,Mailed check,29.55,1094.0,Yes
CUST3705,Male,1,No,Yes,48,Yes,DSL,One year,Mailed check,40.51,2234.01,No
CUST3706,Male,0,Yes,Yes,47,Yes,Fiber optic,Month-to-month,Credit card,82.39,,Yes
CUST3707,Male,0,No,No,42,Yes,DSL,Month-to-month,Credit card,70.96,2916.16,No
CUST3708,Female,0,No,Yes,5,Yes,DSL,One year,Electronic check,71.44,193.27,No
CUST3709,Male,0,Yes,No,67,Yes,No,Month-to-month,Bank transfer,122.24,8019.5,No
CUST3710,Male,0,Yes,No,13,Yes,Fiber optic,Two year,Electronic check,19.83,258.89,No
CUST3711,Female,0,No,Yes,29,Yes,Fiber optic,Month-to-month,Electronic check,139.53,4100.84,No
CUST3712,Male,0,No,No,7,Yes,DSL,Two year,Credit card,105.35,595.47,Yes
CUST3713,Male,0,Yes,Yes,53,Yes,DSL,Month-to-month,Mailed check,60.23,3214.39,No
CUST3714,Female,0,No,Yes,65,Yes,Fiber optic,Month-to-month,Mailed check,81.74,5181.74,No
CUST3715,Male,0,No,No,3,Yes,DSL,Month-to-month,Mailed check,49.51,56.09,No
CUST3716,Female,0,No,Yes,59,Yes,Fiber optic,Month-to-month,Electronic check,79.58,4758.39,No
CUST3717,Female,0,Yes,No,52,Yes,Fiber optic,Month-to-month,Mailed check,134.5,,No
CUST3718,Female,0,No,No,14,Yes,Fiber optic,Month-to-month,Mailed check,50.61,839.55,No
CUST3719,Female,1,No,Yes,0,Yes,DSL,Month-to-month,Credit card,63.04,-58.44,Yes
CUST3720,Female,1,No,Yes,21,Yes,DSL,One year,Mailed check,47.3,1104.24,Yes
CUST3721,Male,1,No,No,14,Yes,No,Two year,Bank transfer,52.12,956.2,No
CUST3722,Male,0,Yes,Yes,21,Yes,No,Month-to-month,Credit card,57.92,1141.75,No
CUST3723,Female,0,Yes,No,49,Yes,Fiber optic,Month-to-month,Bank transfer,37.15,2066.95,No
CUST3724,Female,0,No,No,47,Yes,Fiber optic,Month-to-month,Electronic check,62.09,2919.58,No
CUST3725,Male,1,No,No,50,No,Fiber optic,One year,Mailed check,71.63,,Yes
CUST3726,Female,1,No,No,16,No,DSL,Month-to-month,Electronic check,57.91,896.96,No
CUST3727,Female,1,Yes,No,50,No,DSL,One year,Electronic check,1.03,11.16,No
CUST3728,Female,0,Yes,Yes,36,Yes,DSL,Month-to-month,Mailed check,65.37,2493.5,Yes
CUST3729,Male,1,No,No,48,Yes,Fiber optic,Month-to-month,Credit card,68.58,3423.62,No
CUST3730,Male,0,No,No,58,Yes,Fiber optic,Month-to-month,Electronic check,126.93,7492.54,No
CUST3731,Female,0,Yes,No,9,Yes,No,Month-to-month,Mailed check,70.8,507.26,Yes
CUST3732,Female,0,No,No,29,Yes,Fiber optic,Month-to-month,Mailed check,98.07,2862.96,No
CUST3733,Male,0,No,No,20,Yes,No,One year,Bank transfer,57.23,989.63,No
CUST3734,Male,0,Yes,No,33,Yes,No,Month-to-month,Electronic check,108.95,3696.46,No
CUST3735,Female,0,Yes,Yes,49,Yes,No,Month-to-month,Electronic check,41.66,1992.97,No
CUST3736,Female,0,Yes,Yes,46,Yes,DSL,One year,Mailed check,85.15,3967.21,No
CUST3737,Male,0,Yes,No,5,Yes,DSL,Month-to-month,Bank transfer,95.21,425.86,No
CUST3738,Male,1,Yes,No,49,Yes,Fiber optic,Month-to-month,Credit card,90.81,4274.1,No
CUST3739,Male,0,No,No,62,Yes,Fiber optic,One year,Bank transfer,134.92,8453.56,No
CUST3740,Female,0,Yes,Yes,11,No,DSL,One year,Electronic check,52.47,673.41,No
CUST3741,Male,0,Yes,No,40,Yes,No,Month-to-month,Bank transfer,112.41,4510.34,Yes
CUST3742,Female,1,Yes,No,30,Yes,No,One year,Electronic check,104.67,2928.96,Yes
CUST3743,Male,0,Yes,No,1,Yes,Fiber optic,Month-to-month,Credit card,71.48,,No
CUST3744,Male,0,Yes,No,15,Yes,Fiber optic,Month-to-month,Electronic check,125.18,1803.94,No
CUST3745,Male,0,Yes,No,0,Yes,No,Month-to-month,Credit card,65.6,51.66,No
CUST3746,Male,0,No,No,3,Yes,DSL,Month-to-month,Credit card,70.67,162.95,No
CUST3747,Female,0,Yes,Yes,46,Yes,DSL,Two year,Credit card,69.84,3173.84,Yes
CUST3748,Female,1,No,No,64,Yes,No,One year,Bank transfer,31.8,2084.96,No
CUST3749,Male,0,No,No,51,Yes,Fiber optic,Month-to-month,Credit card,92.85,4653.26,Yes
CUST3750,Female,0,Yes,No,46,Yes,Fiber optic,Month-to-month,Mailed check,88.16,4038.69,No
CUST3751,Male,1,Yes,No,49,Yes,No,Two year,Electronic check,66.86,3327.1,No
CUST3752,Male,1,No,No,44,No,DSL,One year,Electronic check,122.88,5623.36,Yes
CUST3753,Male,0,No,No,41,Yes,Fiber optic,Month-to-month,Electronic check,56.88,2324.63,No
CUST3754,Male,1,No,No,55,Yes,Fiber optic,Month-to-month,Electronic check,18.11,1080.0,No
CUST3755,Female,0,Yes,No,70,Yes,DSL,One year,Credit card,127.07,8777.72,No
CUST3756,Male,0,No,No,56,Yes,DSL,One year,Bank transfer,100.33,5787.94,No
CUST3757,Male,0,Yes,Yes,32,Yes,No,Month-to-month,Bank transfer,88.78,2760.16,Yes
CUST3758,Female,0,Yes,Yes,27,Yes,DSL,One year,Bank transfer,59.82,1601.92,No
CUST3759,Male,0,No,Yes,43,No,DSL,Month-to-month,Bank transfer,80.26,3502.3,No
CUST3760,Male,0,Yes,No,55,Yes,Fiber optic,Month-to-month,Electronic check,32.19,1692.46,No
CUST3761,Male,0,Yes,Yes,43,Yes,DSL,Month-to-month,Mailed check,63.25,2827.84,No
CUST3762,Female,0,No,Yes,33,Yes,No,Month-to-month,Mailed check,42.89,1349.19,No
CUST3763,Male,0,No,Yes,13,No,DSL,One year,Bank transfer,77.86,1095.24,No
CUST3764,Female,0,Yes,Yes,67,Yes,Fiber optic,Month-to-month,Electronic check,97.7,6652.67,No
CUST3765,Male,0,No,No,28,Yes,DSL,Month-to-month,Credit card,38.57,1137.8,No
CUST3766,Male,0,Yes,Yes,16,Yes,No,Two year,Bank transfer,91.75,1538.84,Yes
CUST3767,Female,0,No,Yes,8,Yes,Fiber optic,Month-to-month,Credit card,75.99,861.01,No
CUST3768,Male,0,No,No,26,Yes,DSL,One year,Credit card,90.52,,No
CUST3769,Male,0,No,Yes,48,Yes,No,One year,Credit card,62.73,3022.02,No
CUST3770,Female,0,No,No,36,Yes,DSL,Month-to-month,Mailed check,91.12,3313.94,No
CUST3771,Female,0,Yes,Yes,27,Yes,Fiber optic,Month-to-month,Bank transfer,49.13,1453.64,No
CUST3772,Female,1,No,Yes,49,Yes,No,Two year,Electronic check,19.53,1189.9,No
CUST3773,Female,0,Yes,Yes,54,Yes,Fiber optic,Month-to-month,Electronic check,26.38,1407.87,No
CUST3774,Female,0,Yes,No,3,Yes,Fiber optic,Month-to-month,Electronic check,54.92,73.52,No
CUST3775,Male,0,No,Yes,18,Yes,DSL,Two year,Bank transfer,21.62,505.41,No
CUST3776,Female,1,No,Yes,36,Yes,DSL,Month-to-month,Mailed check,116.51,4058.05,No
CUST3777,Male,0,No,No,3,Yes,DSL,Month-to-month,Credit card,67.52,228.34,No
CUST3778,Male,0,No,Yes,36,Yes,No,One year,Electronic check,97.58,3543.34,No
CUST3779,Male,0,No,Yes,50,Yes,No,One year,Mailed check,93.61,4669.77,No
CUST3780,Female,0,Yes,Yes,31,Yes,DSL,Month-to-month,Credit card,,,No
CUST3781,Female,0,No,Yes,44,Yes,DSL,Month-to-month,Credit card,176.1,7583.15,No
CUST3782,Male,0,Yes,Yes,11,Yes,DSL,Month-to-month,Mailed check,157.83,1649.3,No
CUST3783,Female,0,Yes,No,40,Yes,DSL,One year,Bank transfer,111.76,4564.11,Yes
CUST3784,Female,0,Yes,No,55,Yes,DSL,Two year,Bank transfer,42.84,2152.07,No
CUST3785,Female,0,Yes,No,13,Yes,Fiber optic,Month-to-month,Mailed check,112.99,1460.27,Yes
CUST3786,Female,0,No,Yes,53,Yes,No,One year,Credit card,17.54,898.36,Yes
CUST3787,Male,0,No,Yes,62,Yes,Fiber optic,Month-to-month,Electronic check,111.9,6738.56,No
CUST3788,Male,0,Yes,Yes,64,Yes,Fiber optic,Two year,Electronic check,6.68,596.76,No
CUST3789,Female,1,Yes,Yes,57,Yes,Fiber optic,Month-to-month,Bank transfer,60.43,3341.48,Yes
CUST3790,Male,0,No,Yes,20,Yes,Fiber optic,One year,Electronic check,106.27,2180.29,No
CUST3791,Female,0,Yes,No,3,Yes,Fiber optic,Two year,Credit card,81.56,197.79,No
CUST3792,Female,0,No,No,45,Yes,DSL,One year,Mailed check,25.64,1069.31,No
CUST3793,Male,0,Yes,No,11,Yes,DSL,One year,Credit card,75.11,802.61,No
CUST3794,Male,0,No,Yes,29,Yes,Fiber optic,One year,Electronic check,81.57,2329.89,No
CUST3795,Male,0,Yes,No,59,Yes,No,Two year,Credit card,76.14,4473.59,Yes
CUST3796,Female,1,Yes,No,70,Yes,Fiber optic,One year,Bank transfer,57.78,3965.9,No
CUST3797,Male,0,Yes,No,64,Yes,No,One year,Mailed check,95.65,6020.2,Yes
CUST3798,Female,0,No,No,13,Yes,DSL,One year,Mailed check,104.35,1457.0,No
CUST3799,Male,0,No,Yes,43,Yes,Fiber optic,Month-to-month,Electronic check,65.37,2811.6,No
CUST3800,Male,0,No,Yes,25,Yes,No,Month-to-month,Electronic check,115.59,2883.72,No
CUST3801,Female,0,Yes,No,15,Yes,Fiber optic,Month-to-month,Credit card,65.31,890.5,No
CUST3802,Female,0,Yes,No,6,Yes,No,Month-to-month,Credit card,55.31,489.3,No
CUST3803,Female,0,Yes,No,31,No,Fiber optic,One year,Mailed check,110.71,3423.27,No
CUST3804,Female,1,Yes,No,15,Yes,DSL,Month-to-month,Bank transfer,109.61,1454.58,No
CUST3805,Female,0,Yes,No,61,Yes,DSL,Month-to-month,Bank transfer,51.4,3162.98,No
CUST3806,Female,1,Yes,No,29,Yes,Fiber optic,Month-to-month,Electronic check,47.04,1287.74,No
CUST3807,Female,0,No,No,70,Yes,No,Month-to-month,Bank transfer,122.93,8696.18,No
CUST3808,Female,0,No,No,11,Yes,DSL,Month-to-month,Mailed check,,839.96,No
CUST3809,Male,0,No,No,66,Yes,Fiber optic,Two year,Bank transfer,70.1,4718.89,No
CUST3810,Female,0,Yes,Yes,45,No,Fiber optic,One year,Mailed check,62.43,2763.21,No
CUST3811,Female,1,No,No,42,Yes,DSL,Month-to-month,Electronic check,109.65,4594.01,No
CUST3812,Male,0,Yes,Yes,54,Yes,DSL,Month-to-month,Credit card,134.33,7278.68,No
CUST3813,Female,0,Yes,Yes,44,Yes,DSL,One year,Bank transfer,72.1,3261.67,No
CUST3814,Male,0,No,No,59,Yes,DSL,One year,Mailed check,142.53,8305.49,No
CUST3815,Male,0,Yes,No,70,No,DSL,Month-to-month,Electronic check,53.36,3744.54,No
CUST3816,Female,1,Yes,Yes,31,Yes,DSL,Month-to-month,Mailed check,61.52,2093.91,No
CUST3817,Male,0,Yes,Yes,7,No,DSL,Month-to-month,Bank transfer,90.19,577.79,No
CUST3818,Female,0,Yes,No,61,Yes,Fiber optic,Month-to-month,Mailed check,45.49,2772.28,Yes
CUST3819,Male,0,Yes,Yes,19,Yes,Fiber optic,Month-to-month,Electronic check,89.81,1967.74,No
CUST3820,Male,1,No,No,17,Yes,Fiber optic,One year,Electronic check,54.45,901.53,No
CUST3821,Male,0,No,No,5,Yes,Fiber optic,Two year,Credit card,23.68,,Yes
CUST3822,Female,0,Yes,Yes,28,Yes,No,Month-to-month,Credit card,17.72,490.42,No
CUST3823,Female,0,Yes,No,3,Yes,No,One year,Bank transfer,60.29,348.16,No
CUST3824,Male,0,No,Yes,70,Yes,No,Two year,Electronic check,82.53,5882.77,No
CUST3825,Male,0,No,No,42,No,DSL,One year,Bank transfer,29.16,1126.75,No
CUST3826,Female,0,No,No,33,Yes,No,One year,Electronic check,75.36,2528.42,No
CUST3827,Female,0,Yes,Yes,70,Yes,Fiber optic,Two year,Bank transfer,75.44,5263.22,No
CUST3828,Male,0,No,Yes,32,Yes,DSL,Month-to-month,Electronic check,64.97,2160.24,No
CUST3829,Male,0,No,No,14,Yes,DSL,Month-to-month,Bank transfer,42.21,529.4,No
CUST3830,Female,0,Yes,No,39,Yes,Fiber optic,Two year,Mailed check,77.21,3060.64,No
CUST3831,Female,0,Yes,Yes,4,No,DSL,Month-to-month,Credit card,65.73,453.95,No
CUST3832,Female,1,No,No,49,Yes,DSL,One year,Mailed check,99.45,4611.81,No
CUST3833,Female,1,Yes,Yes,65,Yes,Fiber optic,One year,Credit card,31.22,2088.59,No
CUST3834,Female,0,No,Yes,53,Yes,Fiber optic,Month-to-month,Bank transfer,73.42,4023.17,Yes
CUST3835,Male,0,No,Yes,45,Yes,No,Month-to-month,Electronic check,31.84,1277.17,No
CUST3836,Female,0,Yes,No,10,Yes,Fiber optic,Month-to-month,Electronic check,62.89,556.84,No
CUST3837,Male,0,Yes,Yes,48,Yes,Fiber optic,Month-to-month,Bank transfer,37.15,1743.83,No
CUST3838,Female,0,No,No,22,Yes,DSL,Month-to-month,Electronic check,42.48,861.47,No
CUST3839,Male,0,Yes,Yes,54,Yes,Fiber optic,Month-to-month,Bank transfer,69.88,3692.94,No
CUST3840,Female,0,Yes,No,4,Yes,Fiber optic,Month-to-month,Mailed check,53.03,174.65,No
CUST3841,Female,1,Yes,No,63,Yes,No,Month-to-month,Bank transfer,114.0,7267.17,Yes
CUST3842,Male,0,Yes,Yes,34,Yes,DSL,Month-to-month,Electronic check,105.37,3731.35,No
CUST3843,Male,0,Yes,Yes,68,Yes,Fiber optic,One year,Electronic check,94.14,6531.79,No
CUST3844,Female,0,Yes,Yes,53,Yes,Fiber optic,Two year,Bank transfer,93.55,5057.53,No
CUST3845,Female,0,Yes,No,2,Yes,No,Month-to-month,Bank transfer,73.91,331.03,Yes
CUST3846,Female,0,No,No,5,Yes,No,Month-to-month,Bank transfer,109.14,748.83,No
CUST3847,Female,0,Yes,No,55,Yes,DSL,Two year,Bank transfer,61.18,3381.51,No
CUST3848,Female,0,No,Yes,1,Yes,Fiber optic,Month-to-month,Credit card,133.58,276.68,Yes
CUST3849,Male,0,Yes,Yes,37,Yes,Fiber optic,Month-to-month,Credit card,41.73,1586.4,No
CUST3850,Male,1,No,Yes,55,Yes,No,Month-to-month,Mailed check,36.14,1966.08,No
CUST3851,Female,0,Yes,Yes,4,Yes,Fiber optic,Month-to-month,Credit card,,107.62,No
CUST3852,Male,0,No,Yes,45,Yes,DSL,Month-to-month,Electronic check,33.37,1602.9,No
CUST3853,Male,0,Yes,No,10,Yes,DSL,Month-to-month,Credit card,21.12,357.76,No
CUST3854,Male,0,No,Yes,64,Yes,Fiber optic,Month-to-month,Credit card,76.42,4948.93,No
CUST3855,Female,0,Yes,No,9,Yes,Fiber optic,Month-to-month,Electronic check,95.61,820.89,No
CUST3856,Male,0,Yes,Yes,40,Yes,DSL,Month-to-month,Credit card,71.02,2791.85,No
CUST3857,Female,1,No,Yes,43,Yes,DSL,One year,Bank transfer,28.44,1037.59,No
CUST3858,Male,1,No,Yes,32,Yes,Fiber optic,Month-to-month,Credit card,55.91,1825.21,No
CUST3859,Female,0,Yes,Yes,55,No,No,Month-to-month,Credit card,95.24,5267.49,Yes
CUST3860,Male,1,No,Yes,11,Yes,No,One year,Credit card,59.74,552.68,Yes
CUST3861,Female,0,No,No,1,Yes,Fiber optic,Month-to-month,Bank transfer,46.05,93.36,No
CUST3862,Female,0,Yes,Yes,0,Yes,No,Month-to-month,Bank transfer,24.59,45.63,No
CUST3863,Male,0,No,No,64,Yes,DSL,Month-to-month,Mailed check,57.32,3520.11,Yes
CUST3864,Female,0,Yes,No,32,Yes,Fiber optic,One year,Mailed check,48.92,1533.27,No
CUST3865,Female,0,No,No,35,Yes,DSL,One year,Bank transfer,67.41,2500.25,No
CUST3866,Female,0,Yes,No,20,Yes,Fiber optic,Month-to-month,Electronic check,84.29,1622.48,Yes
CUST3867,Female,0,No,Yes,35,Yes,No,Month-to-month,Mailed check,61.53,2155.31,No
CUST3868,Female,0,Yes,Yes,25,Yes,No,Month-to-month,Credit card,75.54,1904.55,No
CUST3869,Female,0,Yes,Yes,46,Yes,Fiber optic,One year,Credit card,84.16,3868.73,No
CUST3870,Female,1,No,Yes,0,Yes,Fiber optic,Two year,Credit card,33.11,68.87,Yes
CUST3871,Female,0,No,Yes,37,Yes,No,Month-to-month,Electronic check,126.58,4776.98,No
CUST3872,Male,0,Yes,No,13,Yes,DSL,Month-to-month,Mailed check,47.76,747.34,No
CUST3873,Male,0,Yes,Yes,45,Yes,Fiber optic,Month-to-month,Bank transfer,85.5,3816.15,No
CUST3874,Female,0,No,Yes,41,Yes,DSL,Month-to-month,Bank transfer,35.92,1525.11,Yes
CUST3875,Female,0,No,No,6,Yes,No,One year,Electronic check,73.3,523.78,No
CUST3876,Male,0,No,Yes,54,Yes,DSL,Month-to-month,Bank transfer,74.4,4005.77,No
CUST3877,Male,0,No,Yes,55,Yes,DSL,Month-to-month,Electronic check,119.77,6515.43,Yes
CUST3878,Male,0,No,No,62,Yes,Fiber optic,One year,Bank transfer,63.02,,No
CUST3879,Female,0,No,Yes,23,Yes,DSL,Month-to-month,Bank transfer,108.98,2445.97,No
CUST3880,Male,0,Yes,No,3,Yes,DSL,One year,Electronic check,78.71,165.71,Yes
CUST3881,Female,0,No,No,41,Yes,Fiber optic,Month-to-month,Bank transfer,125.56,5169.97,No
CUST3882,Female,0,No,Yes,69,Yes,No,Month-to-month,Mailed check,16.6,1126.57,Yes
CUST3883,Male,1,No,No,27,Yes,DSL,Two year,Bank transfer,84.47,2298.24,No
CUST3884,Female,0,No,Yes,39,Yes,No,One year,Credit card,10.19,242.29,Yes
CUST3885,Female,0,Yes,Yes,50,No,No,Month-to-month,Electronic check,68.26,3395.45,No
CUST3886,Female,0,Yes,Yes,28,Yes,Fiber optic,One year,Bank transfer,100.63,2591.61,Yes
CUST3887,Female,0,Yes,No,41,Yes,Fiber optic,One year,Mailed check,113.37,4543.62,Yes
CUST3888,Male,1,Yes,No,68,Yes,DSL,One year,Bank transfer,92.16,6257.99,No
CUST3889,Male,0,No,No,4,Yes,DSL,One year,Bank transfer,61.28,366.43,No
CUST3890,Female,0,Yes,No,40,Yes,DSL,Month-to-month,Credit card,86.35,3507.69,No
CUST3891,Female,0,No,No,60,Yes,DSL,Month-to-month,Mailed check,145.49,8738.43,Yes
CUST3892,Male,0,No,No,54,Yes,DSL,One year,Bank transfer,72.26,3864.37,No
CUST3893,Female,0,Yes,No,27,Yes,DSL,Month-to-month,Bank transfer,98.83,2643.35,No
CUST3894,Male,0,Yes,No,40,Yes,Fiber optic,One year,Credit card,57.12,2415.38,Yes
CUST3895,Female,0,No,No,8,Yes,Fiber optic,Month-to-month,Electronic check,102.11,706.25,No
CUST3896,Female,0,Yes,No,28,Yes,No,One year,Electronic check,97.18,2648.49,No
CUST3897,Male,0,Yes,No,37,Yes,DSL,Month-to-month,Electronic check,51.68,2018.84,Yes
CUST3898,Male,1,No,Yes,61,Yes,DSL,Month-to-month,Credit card,93.32,5658.13,No
CUST3899,Male,0,No,No,53,Yes,Fiber optic,One year,Electronic check,,5215.13,Yes
CUST3900,Male,0,No,Yes,51,Yes,DSL,One year,Mailed check,92.2,4771.27,No
CUST3901,Female,0,No,Yes,33,No,Fiber optic,Month-to-month,Electronic check,68.77,,No
CUST3902,Male,0,No,Yes,36,Yes,Fiber optic,Month-to-month,Electronic check,106.87,3684.76,No
CUST3903,Female,0,Yes,Yes,48,Yes,Fiber optic,One year,Bank transfer,41.95,2119.54,No
CUST3904,Male,0,No,No,41,Yes,DSL,Two year,Mailed check,70.29,2796.95,No
CUST3905,Male,0,No,Yes,13,Yes,DSL,Month-to-month,Credit card,73.34,1025.0,No
CUST3906,Female,0,No,Yes,32,Yes,Fiber optic,Month-to-month,Mailed check,105.14,3328.11,No
CUST3907,Male,0,Yes,Yes,16,Yes,DSL,Month-to-month,Electronic check,41.01,678.44,Yes
CUST3908,Male,1,No,No,31,Yes,DSL,Two year,Bank transfer,77.23,2283.51,No
CUST3909,Male,0,No,Yes,67,Yes,Fiber optic,Month-to-month,Credit card,55.23,3528.35,No
CUST3910,Male,0,Yes,Yes,38,No,DSL,Month-to-month,Mailed check,73.28,2799.7,No
CUST3911,Female,0,No,No,9,Yes,Fiber optic,Month-to-month,Mailed check,81.77,706.55,Yes
CUST3912,Female,0,No,No,23,Yes,DSL,One year,Electronic check,31.65,638.57,No
CUST3913,Male,0,No,No,57,Yes,DSL,Two year,Electronic check,107.92,5983.24,No
CUST3914,Male,0,Yes,No,68,Yes,DSL,Month-to-month,Credit card,82.83,5364.93,No
CUST3915,Male,0,Yes,No,63,Yes,DSL,Month-to-month,Electronic check,44.24,,No
CUST3916,Female,0,No,No,18,Yes,DSL,Month-to-month,Bank transfer,59.76,1050.17,No
CUST3917,Female,0,No,No,7,Yes,DSL,Month-to-month,Credit card,114.83,743.42,No
CUST3918,Female,0,No,No,70,Yes,DSL,Month-to-month,Electronic check,82.48,5794.88,Yes
CUST3919,Female,0,Yes,No,39,Yes,DSL,Two year,Credit card,41.05,1702.39,No
CUST3920,Male,0,Yes,Yes,12,Yes,No,Two year,Mailed check,46.49,584.84,No
CUST3921,Male,0,Yes,No,26,Yes,No,Two year,Credit card,88.74,2262.93,Yes
CUST3922,Male,0,Yes,Yes,1,Yes,DSL,Month-to-month,Mailed check,92.34,305.59,No
CUST3923,Female,0,Yes,Yes,15,No,DSL,Month-to-month,Credit card,80.89,,Yes
CUST3924,Male,0,Yes,No,13,Yes,Fiber optic,One year,Electronic check,61.26,655.42,No
CUST3925,Female,0,No,No,16,Yes,No,Month-to-month,Mailed check,94.29,1518.62,No
CUST3926,Female,0,Yes,No,59,Yes,No,Month-to-month,Credit card,60.64,3552.2,No
CUST3927,Male,0,No,No,69,Yes,DSL,Month-to-month,Bank transfer,44.36,3155.55,No
CUST3928,Male,0,Yes,Yes,16,No,Fiber optic,Two year,Electronic check,117.6,1828.97,Yes
CUST3929,Male,0,No,Yes,44,Yes,Fiber optic,One year,Credit card,84.66,3708.52,Yes
CUST3930,Female,0,Yes,No,37,Yes,No,Month-to-month,Credit card,46.46,1632.44,No
CUST3931,Female,0,No,Yes,63,Yes,DSL,Month-to-month,Mailed check,74.03,4744.66,No
CUST3932,Male,0,No,No,5,Yes,Fiber optic,One year,Mailed check,70.82,368.46,No
CUST3933,Male,0,No,Yes,59,Yes,DSL,One year,Electronic check,59.5,3482.98,No
CUST3934,Female,0,Yes,Yes,48,Yes,DSL,One year,Mailed check,77.01,3681.48,Yes
CUST3935,Male,0,Yes,No,20,Yes,Fiber optic,Month-to-month,Credit card,42.14,840.67,No
CUST3936,Female,1,Yes,No,22,Yes,DSL,Month-to-month,Credit card,96.21,1972.88,Yes
CUST3937,Female,0,No,Yes,56,Yes,Fiber optic,One year,Mailed check,69.82,4026.19,No
CUST3938,Male,0,No,No,63,Yes,Fiber optic,Two year,Electronic check,21.72,1478.76,Yes
CUST3939,Male,0,No,Yes,28,Yes,No,Month-to-month,Bank transfer,63.16,1772.55,Yes
CUST3940,Male,0,Yes,No,26,Yes,DSL,Month-to-month,Credit card,51.52,1332.9,No
CUST3941,Male,0,Yes,No,5,Yes,DSL,Month-to-month,Credit card,19.71,-1.12,No
CUST3942,Female,0,No,No,20,Yes,DSL,Month-to-month,Mailed check,65.33,1479.33,No
CUST3943,Female,0,Yes,No,70,Yes,Fiber optic,Month-to-month,Bank transfer,101.1,7225.55,Yes
CUST3944,Female,0,Yes,No,40,Yes,Fiber optic,One year,Credit card,66.77,2710.24,No
CUST3945,Male,0,Yes,No,4,Yes,DSL,Month-to-month,Bank transfer,91.24,446.96,No
CUST3946,Female,0,Yes,No,14,Yes,Fiber optic,Month-to-month,Bank transfer,70.25,1106.55,No
CUST3947,Male,0,No,Yes,20,Yes,Fiber optic,Month-to-month,Credit card,56.31,1228.95,No
CUST3948,Male,0,Yes,No,57,Yes,DSL,Two year,Bank transfer,48.05,2653.23,No
CUST3949,Male,0,Yes,Yes,3,Yes,Fiber optic,One year,Bank transfer,31.52,63.45,No
CUST3950,Male,0,No,No,68,Yes,Fiber optic,Month-to-month,Mailed check,97.77,6695.18,No
CUST3951,Male,0,No,Yes,6,Yes,No,Month-to-month,Mailed check,91.92,571.85,Yes
CUST3952,Male,0,Yes,No,34,Yes,Fiber optic,Month-to-month,Bank transfer,61.65,2171.41,No
CUST3953,Female,0,Yes,No,35,Yes,DSL,Month-to-month,Electronic check,9.27,388.82,No
CUST3954,Male,0,Yes,Yes,14,Yes,Fiber optic,Month-to-month,Bank transfer,84.16,1202.94,No
CUST3955,Female,1,Yes,No,1,Yes,Fiber optic,One year,Credit card,42.86,-217.51,No
CUST3956,Female,1,No,No,56,Yes,DSL,Month-to-month,Electronic check,74.32,4279.2,No
CUST3957,Male,0,No,No,4,Yes,Fiber optic,Two year,Mailed check,23.76,178.94,No
CUST3958,Male,0,No,No,70,Yes,DSL,Month-to-month,Electronic check,72.76,5300.12,No
CUST3959,Male,0,Yes,No,31,Yes,Fiber optic,Month-to-month,Mailed check,66.06,2000.11,Yes
CUST3960,Female,0,Yes,Yes,71,Yes,No,Month-to-month,Electronic check,2.29,-21.7,No
CUST3961,Male,0,No,No,40,Yes,Fiber optic,Month-to-month,Bank transfer,118.54,4723.56,No
CUST3962,Female,0,Yes,Yes,41,Yes,Fiber optic,Month-to-month,Mailed check,60.23,2515.1,No
CUST3963,Male,1,No,Yes,64,Yes,DSL,One year,Credit card,62.22,3937.88,Yes
CUST3964,Male,0,No,Yes,39,Yes,DSL,Month-to-month,Electronic check,86.04,3492.74,No
CUST3965,Female,0,No,Yes,37,Yes,Fiber optic,Month-to-month,Bank transfer,68.48,2467.75,No
CUST3966,Female,0,No,Yes,41,Yes,Fiber optic,Two year,Electronic check,80.92,3307.63,No
CUST3967,Male,0,No,Yes,36,No,DSL,Two year,Electronic check,35.67,1259.52,Yes
CUST3968,Female,0,No,Yes,55,Yes,No,One year,Credit card,65.73,3892.58,No
CUST3969,Female,0,No,Yes,70,Yes,DSL,One year,Electronic check,12.72,799.79,No
CUST3970,Female,0,Yes,No,54,Yes,Fiber optic,Month-to-month,Credit card,62.87,3453.35,Yes
CUST3971,Female,0,No,Yes,53,Yes,Fiber optic,Month-to-month,Mailed check,113.35,5887.43,No
CUST3972,Female,0,No,No,21,Yes,Fiber optic,Month-to-month,Credit card,24.82,555.52,Yes
CUST3973,Male,1,Yes,Yes,26,Yes,Fiber optic,Two year,Credit card,59.48,1451.03,No
CUST3974,Male,0,No,Yes,46,Yes,DSL,Month-to-month,Mailed check,6.28,398.87,No
CUST3975,Female,0,Yes,No,37,Yes,No,Month-to-month,Credit card,70.24,2689.69,No
CUST3976,Male,0,No,Yes,38,Yes,Fiber optic,Month-to-month,Bank transfer,83.99,3218.77,No
CUST3977,Male,0,Yes,No,14,Yes,Fiber optic,Month-to-month,Electronic check,81.5,1001.86,Yes
CUST3978,Female,0,Yes,Yes,65,Yes,Fiber optic,Month-to-month,Credit card,51.94,3370.78,No
CUST3979,Male,1,Yes,No,60,Yes,DSL,Month-to-month,Electronic check,5.67,309.79,Yes
CUST3980,Female,0,No,No,59,No,Fiber optic,Month-to-month,Credit card,32.75,2015.29,No
CUST3981,Female,0,Yes,Yes,7,Yes,Fiber optic,Month-to-month,Mailed check,107.69,663.58,No
CUST3982,Male,0,No,Yes,43,Yes,Fiber optic,Month-to-month,Mailed check,96.37,4259.42,Yes
CUST3983,Female,0,No,Yes,42,Yes,Fiber optic,Month-to-month,Electronic check,67.26,2921.66,No
CUST3984,Female,0,No,Yes,5,Yes,No,One year,Electronic check,74.87,236.91,Yes
CUST3985,Female,0,No,No,26,Yes,DSL,Month-to-month,Electronic check,39.17,996.46,No
CUST3986,Female,0,No,No,44,Yes,No,One year,Mailed check,108.72,4778.55,Yes
CUST3987,Female,0,No,No,22,Yes,DSL,Month-to-month,Electronic check,48.43,1166.05,No
CUST3988,Male,1,No,No,12,Yes,Fiber optic,Month-to-month,Credit card,83.12,928.76,No
CUST3989,Male,0,Yes,No,67,Yes,DSL,One year,Credit card,30.16,2041.48,No
CUST3990,Female,0,No,No,63,Yes,DSL,Month-to-month,Electronic check,64.65,4182.86,No
CUST3991,Female,0,No,No,24,Yes,DSL,Month-to-month,Mailed check,107.45,2603.93,No
CUST3992,Male,0,Yes,Yes,51,Yes,DSL,Two year,Credit card,41.59,1935.36,No
CUST3993,Female,0,No,Yes,47,Yes,DSL,Month-to-month,Mailed check,92.48,4297.11,No
CUST3994,Male,0,Yes,Yes,60,Yes,Fiber optic,Month-to-month,Mailed check,37.58,2345.22,No
CUST3995,Female,1,Yes,Yes,16,Yes,DSL,Two year,Mailed check,42.94,764.98,No
CUST3996,Female,0,No,Yes,39,Yes,Fiber optic,Month-to-month,Electronic check,69.73,2494.53,No
CUST3997,Female,0,No,Yes,68,Yes,DSL,One year,Mailed check,99.15,6762.27,Yes
CUST3998,Female,1,Yes,Yes,25,Yes,DSL,Month-to-month,Mailed check,61.05,1620.85,No
CUST3999,Female,0,No,Yes,55,Yes,Fiber optic,Month-to-month,Electronic check,88.56,4924.69,Yes
CUST4000,Female,0,Yes,No,39,Yes,DSL,Month-to-month,Bank transfer,104.32,4133.84,Yes
CUST4001,Female,0,Yes,Yes,67,Yes,DSL,Month-to-month,Credit card,46.87,3346.52,Yes
CUST4002,Male,0,No,Yes,7,Yes,No,One year,Electronic check,24.25,165.4,No
CUST4003,Male,0,Yes,Yes,44,Yes,DSL,Two year,Credit card,59.33,2641.0,No
CUST4004,Male,0,No,No,16,Yes,Fiber optic,Month-to-month,Electronic check,108.19,1637.09,Yes
CUST4005,Female,0,No,Yes,40,Yes,DSL,One year,Electronic check,45.62,1761.33,No
CUST4006,Female,1,Yes,No,8,Yes,No,Month-to-month,Electronic check,100.45,770.4,Yes
CUST4007,Female,0,Yes,No,69,Yes,DSL,Month-to-month,Credit card,62.12,4371.25,No
CUST4008,Female,0,No,Yes,23,Yes,No,Two year,Electronic check,122.69,2747.11,No
CUST4009,Female,0,No,No,10,Yes,DSL,Month-to-month,Electronic check,137.36,1497.06,Yes
CUST4010,Female,1,No,Yes,34,No,DSL,Month-to-month,Electronic check,100.94,3322.64,Yes
CUST4011,Female,0,Yes,Yes,28,Yes,Fiber optic,Month-to-month,Credit card,20.6,640.76,Yes
CUST4012,Male,1,No,Yes,7,Yes,Fiber optic,Month-to-month,Bank transfer,2.1,69.91,No
CUST4013,Female,0,Yes,No,16,Yes,DSL,Month-to-month,Electronic check,71.84,1175.19,Yes
CUST4014,Male,0,Yes,Yes,70,Yes,DSL,One year,Electronic check,97.2,6902.46,No
CUST4015,Male,0,Yes,Yes,11,Yes,Fiber optic,Two year,Electronic check,85.03,861.08,No
CUST4016,Female,0,No,Yes,49,Yes,DSL,Month-to-month,Electronic check,48.29,2319.6,Yes
CUST4017,Female,0,Yes,No,23,Yes,Fiber optic,Month-to-month,Electronic check,25.42,488.32,Yes
CUST4018,Male,0,No,No,36,Yes,Fiber optic,Month-to-month,Bank transfer,97.89,3524.94,No
CUST4019,Male,0,Yes,No,10,Yes,Fiber optic,Month-to-month,Mailed check,125.76,1245.61,No
CUST4020,Female,0,No,No,58,Yes,DSL,Two year,Mailed check,49.9,2979.85,No
CUST4021,Female,0,No,Yes,54,Yes,Fiber optic,Two year,Electronic check,94.76,5155.72,No
CUST4022,Male,0,Yes,Yes,26,Yes,DSL,One year,Credit card,148.09,3919.28,No
CUST4023,Female,0,No,No,66,Yes,DSL,One year,Bank transfer,64.31,4224.75,Yes
CUST4024,Female,0,Yes,Yes,59,Yes,Fiber optic,One year,Bank transfer,64.92,3870.85,Yes
CUST4025,Female,0,Yes,No,1,Yes,No,Month-to-month,Bank transfer,86.79,268.06,No
CUST4026,Male,0,Yes,Yes,67,Yes,DSL,Month-to-month,Mailed check,61.47,3983.94,No
CUST4027,Male,0,Yes,Yes,17,Yes,DSL,Month-to-month,Credit card,110.18,1689.15,Yes
CUST4028,Male,0,Yes,No,19,Yes,Fiber optic,One year,Mailed check,57.88,1163.41,Yes
CUST4029,Female,0,Yes,No,62,Yes,DSL,Month-to-month,Bank transfer,,4197.49,Yes
CUST4030,Female,0,Yes,Yes,71,Yes,Fiber optic,Month-to-month,Mailed check,26.73,1759.66,No
CUST4031,Male,0,No,No,1,Yes,No,Month-to-month,Mailed check,62.93,116.32,No
CUST4032,Male,0,Yes,Yes,41,Yes,No,One year,Electronic check,39.77,1530.13,No
CUST4033,Male,0,Yes,Yes,27,Yes,DSL,Two year,Electronic check,80.38,2324.17,No
CUST4034,Female,0,No,Yes,28,Yes,Fiber optic,Month-to-month,Electronic check,20.07,577.61,No
CUST4035,Male,0,No,Yes,68,Yes,No,One year,Bank transfer,99.4,6738.94,Yes
CUST4036,Male,0,Yes,No,27,Yes,DSL,Month-to-month,Electronic check,43.86,1102.06,No
CUST4037,Female,0,Yes,Yes,59,Yes,Fiber optic,One year,Bank transfer,123.52,7309.2,No
CUST4038,Female,0,Yes,Yes,4,Yes,DSL,Month-to-month,Electronic check,111.12,285.39,No
CUST4039,Female,0,No,Yes,14,Yes,DSL,Month-to-month,Bank transfer,86.07,958.15,Yes
CUST4040,Male,0,Yes,No,31,Yes,No,Month-to-month,Mailed check,23.86,584.24,Yes
CUST4041,Female,0,No,Yes,51,Yes,Fiber optic,Month-to-month,Credit card,51.16,2722.88,No
CUST4042,Female,0,Yes,No,36,Yes,DSL,Two year,Bank transfer,43.11,1459.55,No
CUST4043,Male,0,Yes,No,14,Yes,No,Two year,Mailed check,46.87,512.73,No
CUST4044,Female,1,No,No,40,Yes,Fiber optic,Month-to-month,Electronic check,117.3,4683.12,No
CUST4045,Male,0,Yes,No,3,Yes,No,Month-to-month,Mailed check,65.42,418.73,No
CUST4046,Male,0,Yes,No,52,Yes,DSL,One year,Mailed check,50.26,2722.71,Yes
CUST4047,Female,0,Yes,No,26,Yes,DSL,Month-to-month,Credit card,47.56,,No
CUST4048,Female,0,No,No,20,Yes,DSL,Month-to-month,Electronic check,54.04,998.95,Yes
CUST4049,Female,0,Yes,Yes,59,Yes,Fiber optic,Month-to-month,Bank transfer,85.98,4993.22,No
CUST4050,Female,0,Yes,Yes,63,Yes,DSL,Two year,Bank transfer,21.19,1243.94,No
CUST4051,Female,1,No,No,70,Yes,DSL,One year,Bank transfer,72.95,5160.88,No
CUST4052,Female,0,No,No,46,Yes,No,One year,Electronic check,82.71,3771.07,No
CUST4053,Male,0,Yes,No,53,Yes,No,Month-to-month,Bank transfer,,839.51,No
CUST4054,Male,0,Yes,Yes,30,Yes,Fiber optic,One year,Credit card,27.47,690.47,No
CUST4055,Female,0,No,No,16,Yes,No,Month-to-month,Mailed check,68.57,1327.22,Yes
CUST4056,Male,0,Yes,Yes,49,Yes,No,Month-to-month,Electronic check,113.23,5622.14,Yes
CUST4057,Female,0,Yes,Yes,6,Yes,Fiber optic,One year,Bank transfer,106.08,550.87,No
CUST4058,Male,0,No,No,27,Yes,Fiber optic,Two year,Mailed check,51.75,1518.49,No
CUST4059,Male,0,Yes,Yes,9,Yes,No,Two year,Mailed check,112.28,,No
CUST4060,Male,0,Yes,No,26,No,Fiber optic,One year,Credit card,60.41,1556.95,No
CUST4061,Female,0,No,No,12,Yes,DSL,One year,Bank transfer,60.15,697.14,No
CUST4062,Male,0,Yes,No,65,Yes,DSL,One year,Electronic check,72.82,4751.53,No
CUST4063,Female,0,Yes,Yes,59,Yes,Fiber optic,Two year,Mailed check,95.18,5521.41,Yes
CUST4064,Male,0,Yes,No,42,Yes,No,Month-to-month,Credit card,51.73,2185.51,No
CUST4065,Male,0,No,Yes,68,Yes,Fiber optic,Month-to-month,Mailed check,58.06,3773.24,No
CUST4066,Male,1,Yes,No,62,Yes,No,One year,Credit card,32.55,1980.43,No
CUST4067,Male,1,No,No,69,Yes,Fiber optic,Two year,Credit card,80.53,5690.09,No
CUST4068,Male,0,No,No,64,No,DSL,Month-to-month,Mailed check,98.0,6374.54,No
CUST4069,Female,0,Yes,No,66,Yes,Fiber optic,One year,Mailed check,99.84,6519.84,No
CUST4070,Female,0,No,No,53,Yes,DSL,Month-to-month,Bank transfer,29.0,1384.41,No
CUST4071,Male,0,Yes,Yes,35,Yes,Fiber optic,Two year,Electronic check,58.51,1829.54,Yes
CUST4072,Male,0,Yes,No,70,Yes,No,One year,Credit card,107.36,7576.95,No
CUST4073,Male,0,Yes,No,14,Yes,Fiber optic,Month-to-month,Credit card,76.97,1105.42,No
CUST4074,Male,0,No,No,17,Yes,No,One year,Mailed check,71.02,1245.91,No
CUST4075,Female,0,Yes,Yes,3,Yes,DSL,One year,Mailed check,70.32,380.02,No
CUST4076,Male,0,Yes,No,10,Yes,Fiber optic,Two year,Mailed check,86.24,877.69,Yes
CUST4077,Female,0,Yes,No,5,Yes,DSL,Two year,Electronic check,78.58,415.71,No
CUST4078,Male,0,No,No,50,Yes,Fiber optic,Month-to-month,Mailed check,52.74,2497.26,No
CUST4079,Female,1,No,No,57,Yes,Fiber optic,Month-to-month,Credit card,96.43,5658.9,Yes
CUST4080,Male,0,Yes,Yes,59,Yes,Fiber optic,One year,Credit card,,1984.29,No
CUST4081,Male,0,Yes,No,17,No,DSL,Two year,Credit card,354.11098684210526,1782.53,Yes
CUST4082,Female,0,Yes,Yes,66,Yes,DSL,Month-to-month,Electronic check,43.12,2866.71,No
CUST4083,Male,0,Yes,Yes,16,Yes,Fiber optic,Month-to-month,Electronic check,86.44,1583.07,No
CUST4084,Male,0,No,Yes,33,Yes,Fiber optic,Month-to-month,Electronic check,65.06,2360.5,Yes
CUST4085,Male,0,No,Yes,29,Yes,Fiber optic,Month-to-month,Electronic check,55.71,1518.55,Yes
CUST4086,Female,0,No,No,18,Yes,Fiber optic,One year,Bank transfer,110.73,2110.68,No
CUST4087,Male,0,No,No,8,Yes,No,Month-to-month,Bank transfer,92.29,771.89,No
CUST4088,Male,0,No,Yes,39,Yes,No,Month-to-month,Bank transfer,68.23,2759.73,No
CUST4089,Female,0,No,Yes,43,Yes,DSL,Two year,Mailed check,122.36,5289.15,Yes
CUST4090,Female,0,No,Yes,58,Yes,DSL,Month-to-month,Electronic check,99.39,5826.11,Yes
CUST4091,Female,0,Yes,No,24,Yes,Fiber optic,One year,Electronic check,45.84,1232.29,No
CUST4092,Male,0,Yes,Yes,70,Yes,DSL,Month-to-month,Bank transfer,2.19,-21.62,No
CUST4093,Male,0,Yes,Yes,52,Yes,DSL,One year,Bank transfer,73.21,3842.96,No
CUST4094,Male,1,Yes,Yes,47,Yes,DSL,Month-to-month,Electronic check,111.5,5123.55,No
CUST4095,Female,0,Yes,Yes,70,Yes,DSL,Month-to-month,Bank transfer,88.32,6136.04,No
CUST4096,Male,1,Yes,Yes,52,No,Fiber optic,Month-to-month,Mailed check,,6095.54,No
CUST4097,Male,0,No,No,48,Yes,DSL,Two year,Mailed check,52.05,2397.62,No
CUST4098,Female,0,Yes,Yes,42,Yes,DSL,Month-to-month,Mailed check,66.48,2734.02,Yes
CUST4099,Female,1,No,No,18,Yes,No,Month-to-month,Credit card,67.21,1069.71,No
CUST4100,Female,0,Yes,No,65,No,No,One year,Credit card,77.24,4961.27,No
CUST4101,Female,0,No,No,33,Yes,No,Month-to-month,Electronic check,93.02,3120.85,Yes
CUST4102,Female,0,No,No,53,Yes,DSL,Two year,Credit card,118.97,6391.96,No
CUST4103,Male,0,Yes,No,0,No,DSL,Month-to-month,Bank transfer,125.28,-76.94,No
CUST4104,Female,1,Yes,Yes,54,Yes,DSL,Month-to-month,Mailed check,120.0,6612.78,No
CUST4105,Male,0,Yes,No,14,Yes,DSL,Month-to-month,Mailed check,90.07,1318.72,No
CUST4106,Male,0,Yes,No,14,Yes,DSL,Month-to-month,Credit card,59.73,979.56,Yes
CUST4107,Female,0,Yes,Yes,22,Yes,No,Month-to-month,Mailed check,76.78,1512.08,No
CUST4108,Female,0,No,No,65,Yes,No,Month-to-month,Mailed check,89.66,5859.03,No
CUST4109,Female,0,Yes,Yes,45,No,No,Month-to-month,Mailed check,74.05,3393.37,No
CUST4110,Male,0,No,Yes,8,Yes,Fiber optic,Two year,Bank transfer,42.59,168.87,No
CUST4111,Female,0,No,Yes,65,Yes,Fiber optic,One year,Credit card,56.13,3889.87,No
CUST4112,Female,0,No,Yes,65,Yes,Fiber optic,One year,Mailed check,96.04,6178.94,No
CUST4113,Female,1,Yes,Yes,17,Yes,No,Month-to-month,Mailed check,,1118.59,No
CUST4114,Female,0,Yes,No,16,Yes,Fiber optic,One year,Mailed check,70.73,1224.35,No
CUST4115,Female,0,Yes,Yes,71,Yes,DSL,Month-to-month,Electronic check,67.65,,No
CUST4116,Male,0,Yes,Yes,33,Yes,DSL,Two year,Bank transfer,43.23,1565.17,No
CUST4117,Male,0,Yes,No,68,Yes,Fiber optic,Month-to-month,Credit card,64.86,4610.0,No
CUST4118,Male,0,Yes,No,63,Yes,DSL,One year,Mailed check,56.27,3434.05,No
CUST4119,Female,1,No,No,43,Yes,No,One year,Bank transfer,49.25,2129.36,Yes
CUST4120,Female,0,Yes,No,28,Yes,Fiber optic,One year,Mailed check,38.25,1162.57,No
CUST4121,Female,1,No,Yes,61,Yes,Fiber optic,Two year,Credit card,66.98,3922.48,No
CUST4122,Male,0,No,No,15,Yes,DSL,Month-to-month,Credit card,88.55,,No
CUST4123,Female,0,Yes,Yes,51,Yes,Fiber optic,One year,Electronic check,103.62,5455.27,No
CUST4124,Female,0,Yes,No,1,Yes,Fiber optic,Month-to-month,Electronic check,28.18,156.57,No
CUST4125,Female,0,Yes,No,60,Yes,Fiber optic,Month-to-month,Electronic check,118.19,,No
CUST4126,Male,0,Yes,No,3,Yes,DSL,Month-to-month,Electronic check,78.79,390.32,No
CUST4127,Female,1,Yes,No,51,Yes,No,One year,Mailed check,36.19,1881.44,No
CUST4128,Male,0,Yes,No,40,Yes,Fiber optic,Month-to-month,Bank transfer,57.89,2183.64,No
CUST4129,Female,1,No,Yes,51,Yes,Fiber optic,Month-to-month,Mailed check,13.68,645.49,No
CUST4130,Male,0,No,Yes,30,Yes,No,Month-to-month,Electronic check,21.35,614.94,No
CUST4131,Male,0,No,Yes,25,Yes,No,One year,Electronic check,121.64,3034.6,No
CUST4132,Male,0,No,No,26,Yes,DSL,Two year,Mailed check,49.02,1265.1,No
CUST4133,Female,0,No,Yes,50,Yes,No,Month-to-month,Mailed check,86.11,4271.67,Yes
CUST4134,Female,1,No,No,47,Yes,DSL,Month-to-month,Bank transfer,66.66,3154.9,No
CUST4135,Male,0,Yes,No,10,Yes,Fiber optic,Month-to-month,Bank transfer,70.53,855.72,No
CUST4136,Male,0,Yes,Yes,7,No,DSL,Month-to-month,Credit card,354.11098684210526,588.69,No
CUST4137,Female,0,Yes,Yes,11,Yes,Fiber optic,Two year,Bank transfer,7.48,145.15,No
CUST4138,Female,0,No,No,44,Yes,Fiber optic,Month-to-month,Bank transfer,109.56,4601.25,No
CUST4139,Male,0,No,No,33,Yes,Fiber optic,Month-to-month,Electronic check,67.04,2224.92,Yes
CUST4140,Female,0,No,Yes,71,Yes,Fiber optic,One year,Electronic check,54.87,4004.45,No
CUST4141,Female,0,Yes,No,46,Yes,Fiber optic,Month-to-month,Credit card,84.04,3990.53,No
CUST4142,Female,0,Yes,Yes,20,Yes,DSL,One year,Credit card,48.37,1081.91,No
CUST4143,Female,0,Yes,Yes,40,Yes,No,One year,Bank transfer,76.25,3080.34,No
CUST4144,Male,0,No,No,21,Yes,Fiber optic,Month-to-month,Bank transfer,65.04,1407.23,No
CUST4145,Female,0,No,No,20,Yes,Fiber optic,Month-to-month,Credit card,91.33,1759.33,Yes
CUST4146,Female,0,No,No,27,Yes,No,Month-to-month,Credit card,63.58,1801.16,Yes
CUST4147,Male,0,Yes,No,66,Yes,DSL,Month-to-month,Electronic check,39.1,2513.86,Yes
CUST4148,Male,0,No,Yes,70,Yes,Fiber optic,Month-to-month,Credit card,80.87,5728.99,Yes
CUST4149,Female,0,Yes,No,13,Yes,Fiber optic,Two year,Electronic check,61.88,808.59,No
CUST4150,Female,0,Yes,Yes,51,Yes,DSL,One year,Electronic check,15.37,785.36,No
CUST4151,Female,0,Yes,Yes,42,No,DSL,Month-to-month,Credit card,75.93,3289.18,Yes
CUST4152,Female,0,Yes,No,70,Yes,No,Two year,Credit card,53.88,3827.72,No
CUST4153,Male,0,Yes,Yes,18,Yes,DSL,Month-to-month,Bank transfer,80.37,1474.92,No
CUST4154,Male,0,Yes,No,26,Yes,Fiber optic,One year,Bank transfer,44.35,1103.33,Yes
CUST4155,Male,0,Yes,No,17,No,Fiber optic,Month-to-month,Electronic check,33.81,735.0,No
CUST4156,Female,0,No,Yes,12,Yes,Fiber optic,Month-to-month,Electronic check,105.4,1298.1,Yes
CUST4157,Female,0,Yes,Yes,0,Yes,Fiber optic,One year,Credit card,95.29,74.74,No
CUST4158,Female,0,No,Yes,33,Yes,No,Month-to-month,Mailed check,69.8,,Yes
CUST4159,Female,0,Yes,No,12,Yes,DSL,Month-to-month,Mailed check,83.13,928.19,No
CUST4160,Male,0,Yes,No,50,Yes,Fiber optic,Month-to-month,Credit card,94.31,4750.99,Yes
CUST4161,Male,0,Yes,Yes,0,Yes,Fiber optic,Month-to-month,Electronic check,69.69,-59.58,Yes
CUST4162,Female,0,No,No,27,Yes,DSL,One year,Electronic check,33.74,954.76,No
CUST4163,Male,0,Yes,No,31,No,No,One year,Mailed check,78.98,2121.85,No
CUST4164,Female,0,Yes,Yes,71,Yes,No,Month-to-month,Bank transfer,100.07,7064.89,No
CUST4165,Female,0,No,No,54,Yes,DSL,Month-to-month,Electronic check,,4739.77,Yes
CUST4166,Male,0,No,Yes,25,Yes,Fiber optic,Month-to-month,Credit card,71.78,1699.06,No
CUST4167,Female,0,No,Yes,13,Yes,Fiber optic,One year,Electronic check,86.96,1166.86,Yes
CUST4168,Female,0,No,Yes,67,Yes,Fiber optic,Month-to-month,Electronic check,63.3,4198.88,No
CUST4169,Male,1,Yes,No,62,Yes,No,One year,Bank transfer,101.33,6281.87,No
CUST4170,Female,0,Yes,Yes,13,Yes,Fiber optic,Two year,Mailed check,110.42,1380.31,No
CUST4171,Female,0,No,Yes,26,Yes,Fiber optic,Month-to-month,Bank transfer,31.11,906.05,No
CUST4172,Male,0,Yes,Yes,40,No,DSL,Month-to-month,Credit card,103.48,4193.8,No
CUST4173,Female,1,No,Yes,2,Yes,Fiber optic,One year,Credit card,,304.03,No
CUST4174,Male,0,No,No,58,Yes,Fiber optic,Month-to-month,Bank transfer,85.77,4980.86,Yes
CUST4175,Female,0,No,Yes,22,Yes,Fiber optic,Month-to-month,Credit card,99.51,2442.28,Yes
CUST4176,Male,0,Yes,No,17,Yes,Fiber optic,One year,Credit card,50.59,,No
CUST4177,Male,0,No,Yes,40,Yes,DSL,One year,Electronic check,54.89,2125.91,No
CUST4178,Male,1,Yes,No,7,Yes,DSL,Month-to-month,Credit card,63.71,328.66,No
CUST4179,Female,0,Yes,No,31,Yes,Fiber optic,Month-to-month,Electronic check,57.93,1886.37,No
CUST4180,Male,0,Yes,No,40,Yes,Fiber optic,Month-to-month,Credit card,30.65,,No
CUST4181,Male,1,No,No,44,Yes,Fiber optic,Two year,Mailed check,64.82,,No
CUST4182,Male,0,Yes,Yes,8,Yes,Fiber optic,Two year,Bank transfer,95.09,732.23,No
CUST4183,Male,0,No,Yes,47,Yes,DSL,One year,Mailed check,31.04,1422.94,No
CUST4184,Male,0,Yes,No,23,Yes,DSL,One year,Bank transfer,75.37,1721.1,Yes
CUST4185,Female,0,Yes,No,43,Yes,DSL,Month-to-month,Electronic check,74.45,3024.57,Yes
CUST4186,Female,0,Yes,No,57,Yes,Fiber optic,Month-to-month,Mailed check,60.96,3555.39,No
CUST4187,Female,0,No,Yes,65,Yes,DSL,Month-to-month,Bank transfer,84.9,5637.52,No
CUST4188,Female,0,No,No,17,Yes,Fiber optic,One year,Electronic check,82.08,1204.9,Yes
CUST4189,Female,0,No,No,28,Yes,Fiber optic,Month-to-month,Credit card,58.83,1823.03,No
CUST4190,Female,0,No,Yes,1,Yes,No,One year,Credit card,101.83,263.58,Yes
CUST4191,Female,0,Yes,Yes,67,Yes,No,One year,Electronic check,86.82,5509.95,No
CUST4192,Male,1,Yes,Yes,38,Yes,No,Two year,Bank transfer,117.2,4236.27,No
CUST4193,Female,0,No,Yes,40,Yes,Fiber optic,One year,Electronic check,68.01,2707.11,Yes
CUST4194,Male,0,No,Yes,70,Yes,Fiber optic,Month-to-month,Bank transfer,60.35,4356.1,No
CUST4195,Male,1,No,Yes,21,Yes,Fiber optic,Month-to-month,Bank transfer,63.75,1367.73,No
CUST4196,Female,0,No,No,48,No,No,Month-to-month,Bank transfer,105.35,5058.94,Yes
CUST4197,Male,0,Yes,No,27,Yes,No,Month-to-month,Credit card,65.54,1826.95,No
CUST4198,Male,0,No,Yes,15,Yes,Fiber optic,Month-to-month,Bank transfer,67.37,929.74,No
CUST4199,Male,0,No,No,67,Yes,Fiber optic,Month-to-month,Electronic check,128.83,8759.35,Yes
CUST4200,Male,0,Yes,Yes,61,No,Fiber optic,Two year,Credit card,29.67,1799.51,No
CUST4201,Female,1,No,No,35,Yes,Fiber optic,Month-to-month,Bank transfer,80.7,2661.2,No
CUST4202,Female,0,Yes,Yes,21,Yes,Fiber optic,One year,Credit card,68.16,1351.81,Yes
CUST4203,Female,0,No,Yes,10,No,No,Month-to-month,Credit card,62.48,661.7,Yes
CUST4204,Female,0,Yes,No,41,Yes,Fiber optic,Two year,Bank transfer,41.4,1668.43,Yes
CUST4205,Female,0,No,No,54,Yes,DSL,Month-to-month,Bank transfer,50.08,2664.99,Yes
CUST4206,Female,0,No,Yes,34,No,No,Month-to-month,Electronic check,57.76,1984.13,Yes
CUST4207,Female,0,No,Yes,56,Yes,DSL,Month-to-month,Credit card,84.87,4788.58,No
CUST4208,Female,0,No,Yes,33,Yes,DSL,One year,Mailed check,95.57,3030.77,No
CUST4209,Female,0,No,Yes,69,Yes,Fiber optic,Month-to-month,Credit card,16.64,1270.51,No
CUST4210,Female,0,Yes,Yes,3,Yes,DSL,One year,Bank transfer,33.95,88.74,Yes
CUST4211,Male,0,No,Yes,45,Yes,DSL,One year,Mailed check,86.44,3931.77,No
CUST4212,Female,0,Yes,No,10,Yes,DSL,Month-to-month,Mailed check,88.97,899.44,No
CUST4213,Male,0,Yes,No,60,Yes,DSL,Month-to-month,Bank transfer,26.09,1524.39,Yes
CUST4214,Male,0,Yes,No,34,Yes,Fiber optic,One year,Credit card,96.23,3362.98,No
CUST4215,Male,0,Yes,No,68,Yes,DSL,Month-to-month,Mailed check,69.58,4739.56,No
CUST4216,Male,1,No,No,56,Yes,Fiber optic,Two year,Mailed check,92.41,5182.29,No
CUST4217,Female,0,No,Yes,10,Yes,DSL,Month-to-month,Credit card,44.45,195.63,Yes
CUST4218,Male,1,No,Yes,11,Yes,Fiber optic,One year,Bank transfer,28.3,393.3,No
CUST4219,Female,0,No,No,42,Yes,DSL,One year,Credit card,60.74,2534.03,No
CUST4220,Female,1,Yes,Yes,18,Yes,DSL,One year,Credit card,62.07,1192.75,Yes
CUST4221,Male,0,Yes,No,67,Yes,DSL,Month-to-month,Electronic check,60.39,4210.63,Yes
CUST4222,Female,1,Yes,No,58,Yes,Fiber optic,Two year,Mailed check,58.29,3463.16,No
CUST4223,Male,0,No,Yes,1,Yes,Fiber optic,One year,Bank transfer,120.79,126.21,No
CUST4224,Male,0,No,Yes,7,Yes,Fiber optic,Month-to-month,Bank transfer,19.01,104.43,No
CUST4225,Female,1,No,No,21,Yes,No,One year,Mailed check,44.65,1190.22,No
CUST4226,Female,0,No,No,20,Yes,No,Month-to-month,Mailed check,57.44,1197.14,No
CUST4227,Male,0,Yes,No,28,Yes,Fiber optic,Two year,Mailed check,70.72,2001.12,No
CUST4228,Female,0,No,No,36,Yes,DSL,Two year,Bank transfer,91.33,3269.59,Yes
CUST4229,Female,1,No,Yes,28,Yes,Fiber optic,Month-to-month,Credit card,95.96,2597.22,No
CUST4230,Female,0,Yes,No,36,Yes,DSL,Month-to-month,Credit card,102.3,3487.73,No
CUST4231,Male,0,Yes,Yes,20,Yes,Fiber optic,Two year,Bank transfer,84.44,1840.92,No
CUST4232,Male,0,No,No,11,Yes,DSL,Month-to-month,Credit card,18.1,121.16,No
CUST4233,Female,0,No,No,47,Yes,No,Two year,Electronic check,20.07,924.26,Yes
CUST4234,Female,0,Yes,Yes,46,No,No,One year,Electronic check,104.42,4792.71,No
CUST4235,Female,0,No,Yes,14,Yes,Fiber optic,Month-to-month,Bank transfer,102.48,1578.03,No
CUST4236,Female,0,Yes,Yes,66,Yes,Fiber optic,Month-to-month,Credit card,89.08,5802.65,No
CUST4237,Female,1,Yes,Yes,12,Yes,Fiber optic,Month-to-month,Electronic check,45.39,570.41,Yes
CUST4238,Male,0,No,Yes,58,Yes,DSL,One year,Credit card,60.32,3549.78,No
CUST4239,Female,0,Yes,No,12,Yes,No,Month-to-month,Mailed check,58.03,557.91,No
CUST4240,Male,0,No,No,71,No,Fiber optic,Month-to-month,Credit card,39.26,2639.61,No
CUST4241,Female,0,No,No,18,Yes,DSL,Two year,Electronic check,,,No
CUST4242,Male,0,No,Yes,56,Yes,Fiber optic,Month-to-month,Electronic check,134.66,7565.33,No
CUST4243,Female,0,No,Yes,31,Yes,DSL,Month-to-month,Bank transfer,55.13,1720.68,Yes
CUST4244,Male,0,Yes,Yes,20,Yes,DSL,Month-to-month,Bank transfer,108.9,2166.09,No
CUST4245,Female,0,No,No,13,No,Fiber optic,Month-to-month,Mailed check,43.44,629.96,No
CUST4246,Male,0,No,Yes,23,Yes,Fiber optic,Month-to-month,Electronic check,23.9,464.02,No
CUST4247,Male,0,Yes,No,48,Yes,Fiber optic,Month-to-month,Bank transfer,99.62,4764.71,No
CUST4248,Male,0,No,No,31,Yes,Fiber optic,Month-to-month,Bank transfer,63.44,1955.29,No
CUST4249,Male,0,No,No,10,Yes,DSL,Month-to-month,Bank transfer,108.14,998.42,Yes
CUST4250,Male,0,No,Yes,59,Yes,Fiber optic,One year,Mailed check,114.13,6963.84,No
CUST4251,Male,0,No,No,67,No,DSL,One year,Mailed check,61.65,3914.51,Yes
CUST4252,Female,0,Yes,No,60,Yes,No,Month-to-month,Electronic check,110.29,6741.47,Yes
CUST4253,Male,0,Yes,No,4,Yes,DSL,Month-to-month,Mailed check,,254.89,No
CUST4254,Female,0,No,Yes,35,Yes,DSL,Month-to-month,Electronic check,43.25,1594.58,Yes
CUST4255,Female,0,Yes,No,63,Yes,No,Month-to-month,Electronic check,102.17,6446.29,No
CUST4256,Female,0,Yes,Yes,31,No,No,Month-to-month,Electronic check,,864.03,No
CUST4257,Female,0,Yes,Yes,70,No,No,Two year,Bank transfer,69.95,4851.66,No
CUST4258,Female,1,Yes,No,65,Yes,DSL,Month-to-month,Credit card,107.49,7026.09,Yes
CUST4259,Male,1,No,No,9,Yes,Fiber optic,Month-to-month,Bank transfer,109.5,992.82,Yes
CUST4260,Male,0,Yes,Yes,20,Yes,Fiber optic,One year,Bank transfer,57.02,1117.17,No
CUST4261,Male,0,No,No,39,Yes,No,One year,Mailed check,100.28,3923.11,No
CUST4262,Female,0,No,Yes,41,Yes,DSL,Two year,Bank transfer,36.31,1393.83,No
CUST4263,Male,0,Yes,Yes,71,Yes,DSL,Month-to-month,Electronic check,49.98,3482.18,Yes
CUST4264,Male,0,No,Yes,45,Yes,Fiber optic,Month-to-month,Credit card,76.91,3618.98,No
CUST4265,Male,0,Yes,No,40,Yes,DSL,Month-to-month,Mailed check,81.33,3541.36,No
CUST4266,Male,0,No,Yes,3,No,Fiber optic,Month-to-month,Credit card,38.57,167.71,No
CUST4267,Male,0,No,Yes,13,Yes,No,Month-to-month,Mailed check,125.87,1719.67,No
CUST4268,Female,0,Yes,No,13,Yes,Fiber optic,Two year,Bank transfer,13.68,203.04,No
CUST4269,Male,0,No,No,52,Yes,Fiber optic,One year,Bank transfer,71.63,3770.27,Yes
CUST4270,Female,0,Yes,Yes,28,Yes,No,Month-to-month,Bank transfer,75.88,2179.02,No
CUST4271,Female,0,No,Yes,22,Yes,DSL,Month-to-month,Bank transfer,17.59,490.52,Yes
CUST4272,Female,0,No,Yes,30,Yes,DSL,Two year,Mailed check,109.72,3445.29,Yes
CUST4273,Female,0,Yes,No,70,Yes,Fiber optic,Month-to-month,Mailed check,47.79,3256.86,Yes
CUST4274,Female,0,Yes,Yes,60,Yes,DSL,Two year,Electronic check,72.95,4659.78,Yes
CUST4275,Male,0,Yes,Yes,22,Yes,DSL,One year,Mailed check,,1770.31,No
CUST4276,Male,0,No,No,7,Yes,DSL,Two year,Mailed check,26.37,198.45,Yes
CUST4277,Male,0,Yes,No,15,Yes,No,Two year,Bank transfer,37.84,526.31,Yes
CUST4278,Female,0,Yes,Yes,25,Yes,No,Month-to-month,Electronic check,116.89,2881.34,No
CUST4279,Male,1,Yes,No,28,Yes,Fiber optic,One year,Credit card,68.03,1966.48,No
CUST4280,Male,0,Yes,Yes,5,Yes,DSL,Month-to-month,Mailed check,10.91,118.27,No
CUST4281,Female,0,No,Yes,36,Yes,DSL,Month-to-month,Credit card,60.94,2250.36,No
CUST4282,Female,0,No,No,32,Yes,DSL,Month-to-month,Bank transfer,69.01,2162.84,No
CUST4283,Female,1,No,Yes,45,Yes,DSL,Month-to-month,Bank transfer,76.58,3175.98,No
CUST4284,Female,0,No,Yes,60,Yes,DSL,Month-to-month,Credit card,10.03,422.25,Yes
CUST4285,Male,1,No,No,40,Yes,Fiber optic,Month-to-month,Credit card,69.12,2766.13,No
CUST4286,Female,0,No,Yes,17,Yes,Fiber optic,Month-to-month,Electronic check,45.02,798.93,Yes
CUST4287,Female,0,Yes,No,15,Yes,DSL,Two year,Mailed check,76.63,1107.48,No
CUST4288,Male,1,No,Yes,50,Yes,Fiber optic,Month-to-month,Mailed check,85.19,4190.21,No
CUST4289,Male,0,Yes,No,36,Yes,Fiber optic,Month-to-month,Mailed check,,2981.67,No
CUST4290,Female,0,Yes,No,13,Yes,Fiber optic,Month-to-month,Mailed check,112.12,1446.8,Yes
CUST4291,Male,0,Yes,No,67,Yes,DSL,Month-to-month,Electronic check,135.72,9045.59,No
CUST4292,Female,0,Yes,No,29,Yes,No,One year,Bank transfer,35.99,882.16,Yes
CUST4293,Female,0,No,No,59,Yes,Fiber optic,One year,Credit card,58.54,3369.47,No
CUST4294,Male,0,No,No,52,Yes,DSL,Month-to-month,Bank transfer,92.29,4892.34,Yes
CUST4295,Male,0,No,Yes,35,Yes,Fiber optic,Month-to-month,Electronic check,66.2,2220.74,No
CUST4296,Female,0,Yes,Yes,29,Yes,Fiber optic,One year,Mailed check,11.68,405.09,No
CUST4297,Female,1,No,No,63,Yes,Fiber optic,Month-to-month,Bank transfer,64.22,4184.5,No
CUST4298,Female,0,No,Yes,13,Yes,Fiber optic,Month-to-month,Mailed check,107.02,1312.15,No
CUST4299,Male,0,No,No,22,No,Fiber optic,One year,Credit card,28.16,575.05,No
CUST4300,Female,0,No,No,47,Yes,Fiber optic,One year,Bank transfer,76.62,3699.87,No
CUST4301,Female,0,No,Yes,27,Yes,Fiber optic,Month-to-month,Mailed check,12.78,468.34,No
CUST4302,Female,0,No,No,6,Yes,DSL,Month-to-month,Electronic check,96.1,512.12,Yes
CUST4303,Female,1,Yes,Yes,41,Yes,DSL,One year,Credit card,77.25,3005.12,No
CUST4304,Female,0,Yes,No,9,Yes,DSL,Month-to-month,Mailed check,52.96,602.13,Yes
CUST4305,Male,0,No,No,67,Yes,Fiber optic,One year,Mailed check,57.46,3908.21,No
CUST4306,Female,0,Yes,Yes,43,No,DSL,Month-to-month,Electronic check,25.03,1116.35,No
CUST4307,Female,0,Yes,No,12,Yes,Fiber optic,Month-to-month,Credit card,100.23,1294.32,No
CUST4308,Female,1,No,No,32,Yes,DSL,Month-to-month,Electronic check,46.02,1354.13,No
CUST4309,Female,0,Yes,No,31,Yes,Fiber optic,Two year,Credit card,85.01,2674.43,Yes
CUST4310,Male,0,No,Yes,47,Yes,Fiber optic,One year,Mailed check,41.14,1905.05,No
CUST4311,Male,0,Yes,Yes,4,Yes,DSL,Two year,Mailed check,135.95,604.08,Yes
CUST4312,Male,0,No,Yes,60,Yes,Fiber optic,Month-to-month,Credit card,116.79,7087.3,No
CUST4313,Female,0,Yes,Yes,2,Yes,No,One year,Mailed check,132.21,362.08,No
CUST4314,Female,0,Yes,Yes,23,Yes,DSL,Two year,Bank transfer,135.72,3181.42,No
CUST4315,Male,0,Yes,No,33,Yes,No,Month-to-month,Mailed check,50.96,1706.75,No
CUST4316,Male,0,Yes,Yes,41,Yes,Fiber optic,Two year,Credit card,43.48,1811.1,Yes
CUST4317,Male,0,No,Yes,19,Yes,Fiber optic,Two year,Bank transfer,130.78,2521.5,Yes
CUST4318,Female,1,Yes,No,40,Yes,DSL,Two year,Credit card,65.77,2568.37,No
CUST4319,Female,1,No,No,19,Yes,Fiber optic,Two year,Bank transfer,95.0,1767.95,Yes
CUST4320,Male,0,No,Yes,5,Yes,Fiber optic,One year,Bank transfer,51.38,297.13,No
CUST4321,Male,0,Yes,No,56,Yes,Fiber optic,Two year,Electronic check,51.87,2969.77,No
CUST4322,Male,0,Yes,No,41,Yes,No,Month-to-month,Electronic check,94.9,3825.8,No
CUST4323,Female,0,No,No,24,Yes,Fiber optic,One year,Bank transfer,10.9,153.94,No
CUST4324,Female,0,Yes,Yes,40,Yes,DSL,Month-to-month,Bank transfer,93.5,3572.47,No
CUST4325,Female,0,No,No,40,Yes,DSL,One year,Bank transfer,85.73,,No
CUST4326,Male,1,Yes,No,2,Yes,DSL,One year,Electronic check,,54.24,No
CUST4327,Male,1,No,Yes,42,Yes,No,One year,Electronic check,70.73,2926.0,Yes
CUST4328,Female,0,Yes,No,45,Yes,DSL,One year,Electronic check,75.43,3366.07,No
CUST4329,Male,0,Yes,No,56,Yes,DSL,Month-to-month,Bank transfer,77.11,4197.66,Yes
CUST4330,Female,0,No,Yes,50,Yes,DSL,Month-to-month,Bank transfer,90.7,4353.75,No
CUST4331,Male,0,No,Yes,4,Yes,No,Month-to-month,Credit card,45.55,194.86,No
CUST4332,Male,0,No,Yes,14,Yes,Fiber optic,Month-to-month,Mailed check,150.93,2125.72,No
CUST4333,Male,0,Yes,No,38,Yes,No,One year,Mailed check,63.83,2487.67,No
CUST4334,Male,1,Yes,Yes,69,Yes,Fiber optic,Month-to-month,Electronic check,66.08,4641.02,No
CUST4335,Female,0,Yes,Yes,37,Yes,No,Month-to-month,Electronic check,128.34,4787.82,No
CUST4336,Male,0,Yes,No,38,Yes,DSL,Month-to-month,Mailed check,15.13,586.41,No
CUST4337,Female,0,No,No,51,Yes,DSL,Month-to-month,Electronic check,128.03,6617.13,No
CUST4338,Female,0,No,No,2,Yes,DSL,One year,Bank transfer,72.8,288.01,Yes
CUST4339,Female,0,Yes,No,28,Yes,Fiber optic,One year,Mailed check,54.09,1446.85,No
CUST4340,Male,1,Yes,No,30,No,Fiber optic,Month-to-month,Bank transfer,36.41,1169.33,No
CUST4341,Female,0,Yes,Yes,65,Yes,DSL,One year,Mailed check,31.93,2013.03,No
CUST4342,Female,0,No,Yes,44,Yes,DSL,Month-to-month,Mailed check,59.75,2650.9,Yes
CUST4343,Female,0,No,Yes,21,Yes,Fiber optic,One year,Electronic check,78.34,1752.09,No
CUST4344,Male,0,Yes,No,9,No,DSL,Month-to-month,Bank transfer,88.67,770.66,No
CUST4345,Male,0,No,Yes,20,Yes,Fiber optic,Two year,Bank transfer,77.98,1464.39,No
CUST4346,Female,0,Yes,No,16,Yes,DSL,Month-to-month,Credit card,54.69,829.12,No
CUST4347,Male,0,Yes,No,66,Yes,Fiber optic,One year,Bank transfer,110.19,7177.24,Yes
CUST4348,Female,0,No,Yes,6,Yes,Fiber optic,Month-to-month,Bank transfer,150.21,793.84,No
CUST4349,Female,0,No,Yes,35,Yes,Fiber optic,Month-to-month,Electronic check,114.84,4140.06,No
CUST4350,Male,0,No,No,66,Yes,DSL,Month-to-month,Credit card,59.22,3961.76,No
CUST4351,Female,0,No,No,29,Yes,DSL,Month-to-month,Bank transfer,85.06,2394.78,No
CUST4352,Male,0,Yes,Yes,70,Yes,No,One year,Electronic check,86.99,5990.86,No
CUST4353,Male,0,No,Yes,28,Yes,Fiber optic,Month-to-month,Mailed check,118.11,3215.54,No
CUST4354,Female,0,No,No,71,Yes,Fiber optic,One year,Bank transfer,59.85,4177.38,No
CUST4355,Male,0,No,No,32,Yes,Fiber optic,One year,Electronic check,41.05,1428.87,Yes
CUST4356,Male,0,No,No,58,Yes,DSL,Month-to-month,Mailed check,104.02,6022.15,Yes
CUST4357,Female,0,Yes,No,19,Yes,No,Month-to-month,Bank transfer,82.19,1774.77,Yes
CUST4358,Female,0,Yes,Yes,28,Yes,Fiber optic,Two year,Bank transfer,36.74,1024.75,No
CUST4359,Male,0,No,Yes,52,Yes,Fiber optic,Month-to-month,Electronic check,91.17,4683.28,No
CUST4360,Male,0,No,No,0,No,No,Month-to-month,Mailed check,125.15,92.78,Yes
CUST4361,Female,0,Yes,No,33,Yes,DSL,One year,Mailed check,49.19,1456.26,Yes
CUST4362,Male,0,Yes,Yes,43,Yes,Fiber optic,Month-to-month,Mailed check,43.27,1879.45,Yes
CUST4363,Male,0,No,No,13,Yes,No,Month-to-month,Mailed check,70.9,,No
CUST4364,Male,0,Yes,No,36,Yes,DSL,Month-to-month,Bank transfer,90.41,3036.55,Yes
CUST4365,Male,0,Yes,No,34,Yes,DSL,Two year,Mailed check,67.75,2291.74,Yes
CUST4366,Male,1,Yes,No,58,Yes,Fiber optic,Month-to-month,Electronic check,104.03,6117.22,Yes
CUST4367,Male,0,Yes,No,23,Yes,DSL,Two year,Electronic check,77.82,1811.25,No
CUST4368,Male,0,No,No,64,Yes,No,Month-to-month,Bank transfer,100.35,6431.77,Yes
CUST4369,Female,0,Yes,Yes,5,Yes,DSL,Month-to-month,Electronic check,48.38,-17.98,No
CUST4370,Female,0,Yes,No,67,Yes,Fiber optic,Two year,Credit card,33.17,2206.89,No
CUST4371,Female,0,No,Yes,37,Yes,DSL,Month-to-month,Bank transfer,59.8,2198.08,No
CUST4372,Female,0,No,Yes,0,Yes,DSL,Month-to-month,Credit card,29.61,62.13,No
CUST4373,Female,1,No,Yes,40,No,No,Month-to-month,Mailed check,82.28,3185.39,No
CUST4374,Male,1,Yes,No,30,Yes,Fiber optic,Two year,Credit card,9.5,367.97,No
CUST4375,Male,0,No,No,35,Yes,DSL,Month-to-month,Bank transfer,56.42,1923.76,No
CUST4376,Male,0,Yes,No,53,No,DSL,One year,Mailed check,61.42,3225.33,No
CUST4377,Male,0,No,Yes,30,Yes,Fiber optic,Month-to-month,Electronic check,38.6,1210.79,No
CUST4378,Female,0,Yes,Yes,28,Yes,No,Month-to-month,Bank transfer,60.81,1583.74,No
CUST4379,Male,0,No,No,2,Yes,Fiber optic,Month-to-month,Mailed check,70.13,222.68,No
CUST4380,Male,0,No,No,57,Yes,Fiber optic,Two year,Bank transfer,108.08,6025.1,No
CUST4381,Female,0,Yes,Yes,60,Yes,DSL,One year,Mailed check,38.78,2392.32,No
CUST4382,Male,0,No,Yes,5,Yes,No,One year,Bank transfer,80.72,380.05,No
CUST4383,Male,0,No,Yes,19,Yes,Fiber optic,Month-to-month,Bank transfer,86.67,1631.35,Yes
CUST4384,Female,1,No,No,60,Yes,Fiber optic,Month-to-month,Bank transfer,69.36,3855.09,Yes
CUST4385,Male,0,No,Yes,45,Yes,Fiber optic,One year,Bank transfer,55.06,,No
CUST4386,Male,0,No,Yes,12,Yes,Fiber optic,One year,Credit card,35.83,408.94,No
CUST4387,Male,0,Yes,Yes,22,Yes,No,One year,Mailed check,126.96,2947.98,No
CUST4388,Male,0,Yes,No,30,Yes,Fiber optic,Month-to-month,Mailed check,72.18,2161.81,No
CUST4389,Male,0,No,No,3,Yes,No,Two year,Bank transfer,60.53,,Yes
CUST4390,Female,0,No,No,65,Yes,Fiber optic,Month-to-month,Bank transfer,133.65,8770.62,No
CUST4391,Female,0,Yes,Yes,15,Yes,Fiber optic,Month-to-month,Electronic check,76.67,1099.53,No
CUST4392,Female,0,Yes,Yes,30,Yes,No,Two year,Mailed check,146.3,4492.22,Yes
CUST4393,Female,0,No,Yes,47,Yes,DSL,One year,Credit card,27.51,1319.1,No
CUST4394,Female,0,Yes,Yes,42,No,Fiber optic,Month-to-month,Mailed check,62.89,2551.42,Yes
CUST4395,Female,0,No,No,3,Yes,Fiber optic,One year,Mailed check,28.9,180.49,Yes
CUST4396,Male,0,No,Yes,61,Yes,No,Month-to-month,Mailed check,,4106.84,No
CUST4397,Female,0,No,Yes,47,Yes,DSL,Month-to-month,Electronic check,66.19,3200.5,No
CUST4398,Female,0,No,No,27,Yes,DSL,One year,Credit card,56.26,1500.81,No
CUST4399,Male,0,Yes,Yes,15,No,DSL,Month-to-month,Bank transfer,71.62,1134.41,No
CUST4400,Male,1,Yes,Yes,68,No,DSL,Month-to-month,Credit card,57.72,4117.01,Yes
CUST4401,Female,0,Yes,Yes,29,Yes,DSL,Month-to-month,Bank transfer,66.69,1951.15,No
CUST4402,Male,0,No,No,64,Yes,Fiber optic,Month-to-month,Bank transfer,47.33,2989.26,Yes
CUST4403,Female,0,Yes,Yes,68,Yes,No,Month-to-month,Credit card,113.28,7857.44,No
CUST4404,Male,0,No,No,13,Yes,Fiber optic,Two year,Electronic check,36.74,544.33,No
CUST4405,Female,0,No,Yes,33,Yes,DSL,Month-to-month,Electronic check,76.37,2475.16,No
CUST4406,Male,1,Yes,No,55,Yes,No,Month-to-month,Bank transfer,34.22,2055.61,Yes
CUST4407,Male,0,No,No,28,Yes,Fiber optic,One year,Electronic check,44.95,1138.26,Yes
CUST4408,Female,0,No,No,24,Yes,DSL,One year,Electronic check,48.15,1208.52,Yes
CUST4409,Female,0,No,Yes,65,No,DSL,One year,Electronic check,66.05,4407.9,No
CUST4410,Female,0,Yes,Yes,39,Yes,Fiber optic,Month-to-month,Electronic check,75.26,3042.31,Yes
CUST4411,Female,1,No,No,14,Yes,Fiber optic,Month-to-month,Bank transfer,36.8,425.2,No
CUST4412,Female,0,Yes,No,31,Yes,Fiber optic,Two year,Electronic check,,1661.23,No
CUST4413,Male,0,No,Yes,19,Yes,DSL,Month-to-month,Credit card,40.27,,Yes
CUST4414,Female,0,Yes,No,52,Yes,No,Month-to-month,Credit card,38.94,,No
CUST4415,Female,0,No,Yes,66,Yes,DSL,One year,Bank transfer,104.01,6756.86,No
CUST4416,Male,0,Yes,Yes,48,Yes,Fiber optic,Month-to-month,Mailed check,28.24,1385.7,No
CUST4417,Male,0,Yes,No,66,Yes,Fiber optic,Two year,Electronic check,72.24,4622.09,No
CUST4418,Female,0,No,No,0,Yes,DSL,Two year,Credit card,120.94,106.08,Yes
CUST4419,Male,0,No,Yes,38,No,DSL,One year,Mailed check,106.18,3977.71,No
CUST4420,Male,0,No,Yes,60,Yes,DSL,One year,Credit card,82.76,4949.2,No
CUST4421,Female,0,No,Yes,54,Yes,DSL,Month-to-month,Credit card,69.51,3839.97,Yes
CUST4422,Male,0,Yes,No,68,Yes,DSL,One year,Mailed check,92.1,6339.92,No
CUST4423,Male,0,No,Yes,1,Yes,Fiber optic,One year,Electronic check,81.08,128.47,No
CUST4424,Female,0,Yes,No,16,Yes,Fiber optic,Month-to-month,Bank transfer,112.68,1905.83,No
CUST4425,Female,1,No,No,28,Yes,Fiber optic,Two year,Bank transfer,65.99,1888.62,No
CUST4426,Male,0,Yes,Yes,3,Yes,Fiber optic,Two year,Bank transfer,100.03,444.84,No
CUST4427,Male,1,Yes,No,63,Yes,No,Two year,Electronic check,60.23,3623.41,Yes
CUST4428,Female,1,Yes,No,42,Yes,No,One year,Electronic check,126.8,5319.64,Yes
CUST4429,Male,0,No,No,11,Yes,DSL,Month-to-month,Credit card,65.14,706.33,No
CUST4430,Male,0,No,No,49,Yes,Fiber optic,Month-to-month,Bank transfer,21.43,1028.17,Yes
CUST4431,Male,0,Yes,Yes,67,Yes,DSL,Month-to-month,Bank transfer,72.33,4895.85,Yes
CUST4432,Female,0,Yes,Yes,60,Yes,DSL,Month-to-month,Credit card,92.94,,Yes
CUST4433,Male,0,Yes,No,50,Yes,Fiber optic,Month-to-month,Credit card,118.86,6025.48,No
CUST4434,Male,0,Yes,No,4,Yes,Fiber optic,Month-to-month,Mailed check,40.12,42.09,Yes
CUST4435,Female,0,Yes,No,27,Yes,Fiber optic,One year,Mailed check,,706.31,Yes
CUST4436,Male,0,No,No,9,No,Fiber optic,Month-to-month,Electronic check,84.9,725.0,No
CUST4437,Male,0,Yes,No,51,Yes,DSL,Month-to-month,Bank transfer,83.97,4311.15,No
CUST4438,Female,0,No,Yes,16,Yes,No,Month-to-month,Credit card,27.67,,Yes
CUST4439,Female,0,No,Yes,64,Yes,DSL,One year,Bank transfer,60.11,3855.15,No
CUST4440,Female,0,No,Yes,20,Yes,DSL,Two year,Electronic check,61.46,1175.71,Yes
CUST4441,Female,0,Yes,Yes,53,Yes,DSL,One year,Bank transfer,94.69,5039.15,No
CUST4442,Male,0,Yes,No,48,Yes,No,Month-to-month,Credit card,57.59,2822.33,Yes
CUST4443,Male,1,Yes,No,21,Yes,Fiber optic,Month-to-month,Credit card,56.93,955.36,Yes
CUST4444,Female,0,Yes,Yes,68,Yes,Fiber optic,One year,Credit card,73.44,4961.07,No
CUST4445,Female,0,No,Yes,63,Yes,Fiber optic,Month-to-month,Electronic check,28.66,1768.92,No
CUST4446,Male,0,No,Yes,35,Yes,Fiber optic,Two year,Credit card,127.02,4677.81,No
CUST4447,Female,0,No,No,20,Yes,No,Month-to-month,Mailed check,98.02,2046.41,No
CUST4448,Male,0,Yes,No,55,Yes,Fiber optic,Month-to-month,Credit card,48.95,2842.26,Yes
CUST4449,Female,1,Yes,No,47,Yes,No,Month-to-month,Bank transfer,36.47,1769.9,No
CUST4450,Male,0,Yes,Yes,17,Yes,Fiber optic,One year,Credit card,38.8,667.84,Yes
CUST4451,Female,1,Yes,Yes,14,Yes,Fiber optic,Month-to-month,Credit card,87.6,1262.82,No
CUST4452,Female,0,Yes,No,43,Yes,DSL,Month-to-month,Bank transfer,39.69,1818.97,Yes
CUST4453,Male,0,Yes,No,44,Yes,No,Month-to-month,Electronic check,62.52,2925.89,No
CUST4454,Female,0,No,No,35,Yes,Fiber optic,Month-to-month,Electronic check,19.28,705.01,No
CUST4455,Male,1,No,Yes,39,Yes,Fiber optic,Two year,Electronic check,86.24,3301.07,No
CUST4456,Male,0,Yes,No,50,Yes,Fiber optic,Month-to-month,Electronic check,87.36,4460.46,No
CUST4457,Male,0,No,No,29,Yes,Fiber optic,Month-to-month,Credit card,,1784.02,Yes
CUST4458,Male,0,No,Yes,25,Yes,DSL,Month-to-month,Credit card,75.81,1934.29,Yes
CUST4459,Male,0,No,No,30,Yes,DSL,Month-to-month,Mailed check,93.87,2884.23,No
CUST4460,Female,0,No,No,55,Yes,Fiber optic,Month-to-month,Electronic check,75.0,4114.19,No
CUST4461,Female,1,Yes,No,60,Yes,DSL,Month-to-month,Bank transfer,93.43,5515.32,No
CUST4462,Male,0,No,No,16,Yes,Fiber optic,One year,Bank transfer,,513.9,Yes
CUST4463,Female,0,Yes,Yes,23,No,Fiber optic,Two year,Bank transfer,81.36,1839.64,Yes
CUST4464,Male,0,Yes,No,3,Yes,DSL,Month-to-month,Bank transfer,75.8,122.04,No
CUST4465,Female,0,No,Yes,8,Yes,DSL,One year,Mailed check,106.06,809.87,No
CUST4466,Female,0,Yes,No,1,Yes,No,Two year,Mailed check,70.91,-74.29,No
CUST4467,Female,0,No,Yes,34,Yes,Fiber optic,Month-to-month,Mailed check,67.08,2339.83,No
CUST4468,Female,0,Yes,No,37,Yes,DSL,Month-to-month,Electronic check,53.29,2005.06,Yes
CUST4469,Male,0,Yes,No,44,Yes,No,One year,Credit card,114.74,5075.13,Yes
CUST4470,Male,1,No,Yes,14,Yes,Fiber optic,One year,Bank transfer,0.69,-28.93,No
CUST4471,Female,1,No,No,41,No,DSL,Month-to-month,Bank transfer,85.34,3473.74,No
CUST4472,Female,0,Yes,No,2,No,DSL,Month-to-month,Mailed check,69.39,55.89,No
CUST4473,Male,0,No,Yes,30,Yes,DSL,Month-to-month,Electronic check,64.49,1985.22,No
CUST4474,Female,1,Yes,No,51,Yes,No,Month-to-month,Mailed check,60.12,2930.34,No
CUST4475,Male,0,No,No,40,Yes,Fiber optic,One year,Bank transfer,68.32,2741.18,No
CUST4476,Male,0,Yes,No,56,Yes,Fiber optic,One year,Bank transfer,84.36,4660.79,No
CUST4477,Male,1,Yes,No,41,Yes,No,Two year,Mailed check,46.15,2067.88,No
CUST4478,Female,0,Yes,No,52,No,DSL,Month-to-month,Bank transfer,74.05,3903.28,No
CUST4479,Male,0,Yes,Yes,55,Yes,DSL,Month-to-month,Credit card,80.52,4428.56,No
CUST4480,Female,0,Yes,Yes,71,Yes,DSL,One year,Credit card,41.39,,No
CUST4481,Male,0,No,No,52,Yes,DSL,Month-to-month,Mailed check,85.12,4289.89,Yes
CUST4482,Female,0,Yes,No,31,Yes,Fiber optic,One year,Credit card,80.77,2553.45,Yes
CUST4483,Female,0,No,Yes,53,Yes,Fiber optic,One year,Credit card,46.03,,No
CUST4484,Female,0,No,Yes,36,Yes,DSL,One year,Mailed check,34.36,1277.86,No
CUST4485,Male,0,Yes,Yes,7,Yes,DSL,One year,Mailed check,45.64,337.01,Yes
CUST4486,Male,0,Yes,Yes,10,Yes,DSL,One year,Mailed check,74.06,759.57,Yes
CUST4487,Female,0,No,Yes,53,Yes,No,Month-to-month,Credit card,67.72,3599.46,Yes
CUST4488,Female,0,Yes,Yes,59,Yes,Fiber optic,Two year,Bank transfer,111.82,,Yes
CUST4489,Female,0,Yes,No,9,Yes,Fiber optic,Month-to-month,Electronic check,,462.39,No
CUST4490,Male,0,No,No,69,Yes,DSL,Two year,Bank transfer,43.33,2892.41,No
CUST4491,Male,0,No,No,41,Yes,Fiber optic,Month-to-month,Mailed check,89.71,3689.03,Yes
CUST4492,Male,0,No,No,36,Yes,DSL,Month-to-month,Bank transfer,40.6,1610.94,No
CUST4493,Male,0,No,No,57,Yes,No,Two year,Electronic check,46.27,2715.09,No
CUST4494,Female,0,No,Yes,58,Yes,Fiber optic,One year,Bank transfer,46.67,2583.52,No
CUST4495,Female,0,No,Yes,23,Yes,Fiber optic,One year,Mailed check,19.92,432.64,No
CUST4496,Male,0,Yes,Yes,27,Yes,Fiber optic,Month-to-month,Electronic check,354.11098684210526,2422.17,Yes
CUST4497,Male,0,No,Yes,36,Yes,Fiber optic,Two year,Credit card,98.2,3686.89,No
CUST4498,Female,0,No,Yes,20,Yes,DSL,Month-to-month,Bank transfer,97.5,2129.13,No
CUST4499,Male,1,Yes,Yes,32,Yes,DSL,Month-to-month,Credit card,126.56,4028.85,Yes
CUST4500,Male,0,Yes,No,1,Yes,Fiber optic,Two year,Credit card,115.21,197.63,Yes
CUST4501,Male,0,Yes,No,27,Yes,DSL,One year,Electronic check,59.98,1644.39,No
CUST4502,Male,0,Yes,Yes,14,Yes,DSL,Month-to-month,Credit card,103.28,1433.95,Yes
CUST4503,Male,0,Yes,No,0,Yes,Fiber optic,Month-to-month,Credit card,67.07,6.23,Yes
CUST4504,Male,1,Yes,Yes,27,Yes,No,One year,Bank transfer,57.22,1552.4,No
CUST4505,Female,0,No,No,49,Yes,No,Two year,Electronic check,47.33,2436.69,No
CUST4506,Male,0,Yes,Yes,34,Yes,DSL,Month-to-month,Mailed check,61.97,1966.53,No
CUST4507,Male,0,Yes,Yes,27,Yes,DSL,One year,Mailed check,79.87,2203.3,No
CUST4508,Female,0,Yes,No,8,Yes,Fiber optic,One year,Electronic check,117.43,1093.38,Yes
CUST4509,Female,0,Yes,Yes,23,Yes,No,Month-to-month,Credit card,91.86,2255.96,Yes
CUST4510,Female,0,No,No,62,Yes,No,Month-to-month,Bank transfer,46.86,2962.22,No
CUST4511,Male,0,Yes,No,3,Yes,No,Month-to-month,Credit card,38.68,,No
CUST4512,Female,0,Yes,Yes,55,No,Fiber optic,One year,Mailed check,87.06,4865.98,No
CUST4513,Male,0,No,Yes,40,Yes,DSL,Month-to-month,Bank transfer,97.07,4015.29,Yes
CUST4514,Male,0,No,Yes,66,Yes,DSL,One year,Electronic check,106.82,6998.61,No
CUST4515,Male,0,No,No,47,Yes,DSL,One year,Credit card,61.94,2946.94,No
CUST4516,Female,0,Yes,No,57,Yes,Fiber optic,One year,Credit card,84.09,4772.6,No
CUST4517,Female,0,No,Yes,38,Yes,DSL,Month-to-month,Bank transfer,95.67,3574.06,Yes
CUST4518,Female,0,No,Yes,24,Yes,Fiber optic,Month-to-month,Credit card,29.47,675.76,No
CUST4519,Female,0,No,Yes,59,Yes,Fiber optic,One year,Electronic check,78.33,4634.32,No
CUST4520,Female,1,Yes,Yes,46,Yes,DSL,One year,Bank transfer,97.13,4376.16,No
CUST4521,Male,0,Yes,Yes,60,Yes,No,Month-to-month,Electronic check,85.31,5010.39,No
CUST4522,Male,0,No,Yes,26,Yes,Fiber optic,Month-to-month,Electronic check,67.58,1668.12,No
CUST4523,Male,0,Yes,Yes,41,Yes,No,One year,Electronic check,148.3,6113.09,No
CUST4524,Male,0,Yes,No,51,Yes,No,Month-to-month,Electronic check,127.92,6377.34,Yes
CUST4525,Female,0,Yes,No,47,Yes,DSL,One year,Credit card,70.28,3081.46,No
CUST4526,Female,0,Yes,Yes,31,Yes,DSL,Month-to-month,Bank transfer,64.31,2130.86,No
CUST4527,Male,0,Yes,Yes,23,Yes,DSL,One year,Credit card,91.01,1991.91,No
CUST4528,Female,0,No,No,2,Yes,Fiber optic,Month-to-month,Mailed check,68.27,117.14,No
CUST4529,Female,0,No,Yes,26,Yes,Fiber optic,One year,Electronic check,108.15,2904.13,Yes
CUST4530,Male,0,No,No,39,Yes,No,Month-to-month,Electronic check,31.98,1103.39,No
CUST4531,Male,0,No,No,22,Yes,DSL,Month-to-month,Mailed check,62.78,1237.22,Yes
CUST4532,Female,0,Yes,Yes,6,Yes,Fiber optic,Month-to-month,Mailed check,90.56,480.1,No
CUST4533,Female,0,No,No,36,Yes,No,One year,Electronic check,100.11,3700.09,No
CUST4534,Male,0,No,No,6,Yes,Fiber optic,Month-to-month,Credit card,25.57,151.26,No
CUST4535,Male,0,Yes,Yes,21,Yes,DSL,Month-to-month,Credit card,41.38,868.17,No
CUST4536,Male,0,Yes,Yes,16,Yes,Fiber optic,Two year,Electronic check,19.71,285.82,Yes
CUST4537,Female,0,Yes,No,18,Yes,DSL,Month-to-month,Bank transfer,43.8,844.61,Yes
CUST4538,Male,1,Yes,Yes,38,Yes,DSL,Month-to-month,Mailed check,31.68,1347.02,No
CUST4539,Male,0,No,No,35,Yes,DSL,One year,Credit card,86.17,3314.35,No
CUST4540,Female,1,Yes,No,14,Yes,DSL,One year,Bank transfer,76.87,1061.37,No
CUST4541,Female,1,Yes,No,62,Yes,Fiber optic,Month-to-month,Electronic check,65.39,4206.77,No
CUST4542,Female,0,Yes,No,28,Yes,DSL,One year,Electronic check,70.78,2081.77,Yes
CUST4543,Female,0,Yes,No,59,Yes,Fiber optic,Month-to-month,Credit card,105.83,6270.67,No
CUST4544,Female,0,Yes,No,55,Yes,DSL,Month-to-month,Credit card,38.73,1909.15,No
CUST4545,Male,0,Yes,Yes,39,Yes,DSL,Month-to-month,Electronic check,12.09,433.72,No
CUST4546,Male,0,No,Yes,15,Yes,DSL,Month-to-month,Credit card,91.32,1335.97,No
CUST4547,Female,0,No,Yes,32,Yes,DSL,Month-to-month,Credit card,58.27,1900.52,No
CUST4548,Female,0,No,Yes,15,No,DSL,Month-to-month,Credit card,39.45,572.0,No
CUST4549,Female,1,Yes,No,29,Yes,Fiber optic,Month-to-month,Electronic check,,2455.66,No
CUST4550,Female,0,Yes,No,65,Yes,No,Month-to-month,Mailed check,10.97,916.05,No
CUST4551,Female,0,No,No,43,No,DSL,Month-to-month,Bank transfer,44.27,2034.43,No
CUST4552,Male,0,No,No,37,Yes,DSL,Month-to-month,Mailed check,1.66,-140.86,No
CUST4553,Male,1,No,No,50,No,DSL,Month-to-month,Electronic check,77.77,3860.39,Yes
CUST4554,Male,0,No,Yes,59,Yes,No,Month-to-month,Bank transfer,117.21,6978.48,No
CUST4555,Male,0,Yes,Yes,17,Yes,Fiber optic,One year,Electronic check,52.8,1030.69,No
CUST4556,Female,0,No,Yes,4,Yes,Fiber optic,One year,Mailed check,46.25,143.0,Yes
CUST4557,Male,0,Yes,No,39,Yes,DSL,One year,Electronic check,123.54,4796.52,No
CUST4558,Female,0,Yes,No,5,Yes,DSL,One year,Credit card,88.82,453.58,No
CUST4559,Female,0,Yes,Yes,11,Yes,DSL,Month-to-month,Credit card,141.41,1621.69,No
CUST4560,Female,0,No,No,11,Yes,No,One year,Mailed check,74.82,669.47,No
CUST4561,Male,0,No,No,21,Yes,DSL,One year,Credit card,76.8,1411.26,No
CUST4562,Female,0,No,Yes,48,Yes,Fiber optic,Month-to-month,Mailed check,113.34,5565.78,No
CUST4563,Male,1,Yes,No,49,Yes,Fiber optic,Two year,Electronic check,65.54,3112.45,No
CUST4564,Male,0,Yes,Yes,3,Yes,Fiber optic,Month-to-month,Electronic check,77.42,444.53,Yes
CUST4565,Female,1,No,Yes,49,Yes,DSL,Month-to-month,Mailed check,2.64,43.0,No
CUST4566,Female,0,Yes,Yes,2,Yes,Fiber optic,Month-to-month,Bank transfer,122.13,225.76,No
CUST4567,Female,0,No,Yes,15,Yes,DSL,One year,Mailed check,81.73,1262.81,Yes
CUST4568,Male,0,Yes,No,13,Yes,No,Two year,Bank transfer,66.78,654.94,No
CUST4569,Female,0,Yes,No,63,Yes,DSL,Two year,Mailed check,97.22,6411.3,No
CUST4570,Male,0,Yes,No,40,No,DSL,Month-to-month,Electronic check,34.56,1342.9,Yes
CUST4571,Female,0,Yes,Yes,67,Yes,DSL,One year,Credit card,53.46,3497.97,No
CUST4572,Female,0,Yes,No,58,Yes,No,Month-to-month,Mailed check,86.6,4906.16,No
CUST4573,Male,0,Yes,Yes,1,Yes,DSL,Month-to-month,Bank transfer,71.32,107.5,No
CUST4574,Male,0,Yes,No,9,No,Fiber optic,Two year,Credit card,83.4,779.69,No
CUST4575,Male,0,No,No,25,Yes,DSL,Month-to-month,Bank transfer,77.48,1823.74,Yes
CUST4576,Male,0,Yes,Yes,3,Yes,DSL,Month-to-month,Bank transfer,88.92,129.57,No
CUST4577,Male,0,Yes,No,27,No,Fiber optic,Month-to-month,Bank transfer,30.38,925.79,Yes
CUST4578,Male,0,No,Yes,1,Yes,DSL,Month-to-month,Bank transfer,108.34,42.77,Yes
CUST4579,Female,0,No,Yes,65,Yes,Fiber optic,Month-to-month,Mailed check,55.48,3434.1,No
CUST4580,Female,0,No,No,15,Yes,Fiber optic,Month-to-month,Credit card,71.73,1061.16,No
CUST4581,Male,0,No,No,56,Yes,No,Month-to-month,Credit card,51.98,2870.71,No
CUST4582,Female,0,Yes,No,22,Yes,DSL,Month-to-month,Credit card,61.38,1545.36,Yes
CUST4583,Male,0,Yes,No,22,Yes,Fiber optic,Month-to-month,Credit card,76.87,1638.92,No
CUST4584,Female,0,No,Yes,20,Yes,No,Two year,Electronic check,92.06,1810.38,No
CUST4585,Female,0,Yes,Yes,24,Yes,Fiber optic,One year,Electronic check,97.04,,No
CUST4586,Male,0,No,No,57,No,DSL,One year,Mailed check,82.98,4672.77,Yes
CUST4587,Male,1,Yes,No,36,Yes,Fiber optic,One year,Credit card,52.13,1920.78,No
CUST4588,Male,0,Yes,No,48,Yes,No,Month-to-month,Electronic check,81.08,3790.15,No
CUST4589,Female,0,Yes,Yes,14,No,Fiber optic,One year,Credit card,77.21,1057.01,No
CUST4590,Male,1,Yes,No,27,Yes,No,Two year,Mailed check,71.77,1978.47,No
CUST4591,Female,1,Yes,Yes,66,Yes,Fiber optic,Month-to-month,Bank transfer,86.03,5791.74,Yes
CUST4592,Male,0,No,No,3,Yes,DSL,Month-to-month,Mailed check,31.73,36.57,No
CUST4593,Female,0,Yes,No,46,Yes,DSL,One year,Electronic check,9.19,362.93,Yes
CUST4594,Female,1,Yes,Yes,49,Yes,DSL,Month-to-month,Electronic check,105.7,5333.42,No
CUST4595,Male,0,Yes,Yes,59,Yes,DSL,Two year,Electronic check,66.06,3842.36,No
CUST4596,Female,1,Yes,No,61,Yes,No,One year,Mailed check,82.48,5025.61,No
CUST4597,Female,0,Yes,Yes,66,Yes,Fiber optic,Month-to-month,Mailed check,43.97,3073.3,No
CUST4598,Male,0,No,Yes,71,Yes,Fiber optic,Month-to-month,Mailed check,107.87,7665.52,No
CUST4599,Female,0,Yes,No,42,Yes,Fiber optic,One year,Credit card,80.5,3356.22,No
CUST4600,Male,0,No,Yes,57,Yes,DSL,Month-to-month,Electronic check,64.61,3665.45,No
CUST4601,Male,0,Yes,Yes,51,Yes,DSL,Two year,Mailed check,78.57,3933.02,Yes
CUST4602,Male,1,Yes,No,68,Yes,No,Month-to-month,Mailed check,17.75,1252.08,Yes
CUST4603,Male,0,No,No,45,No,Fiber optic,Two year,Credit card,81.19,3561.15,No
CUST4604,Female,0,Yes,Yes,24,No,Fiber optic,Month-to-month,Electronic check,114.6,2828.25,No
CUST4605,Female,0,Yes,No,24,Yes,No,One year,Bank transfer,79.46,1908.56,Yes
CUST4606,Female,0,No,Yes,34,No,DSL,Month-to-month,Bank transfer,75.58,2593.27,No
CUST4607,Male,0,Yes,Yes,60,No,No,Month-to-month,Electronic check,60.49,3802.37,No
CUST4608,Female,0,No,Yes,14,Yes,No,One year,Credit card,,1289.81,Yes
CUST4609,Female,0,No,No,34,Yes,DSL,Month-to-month,Electronic check,106.93,,Yes
CUST4610,Male,0,No,Yes,28,No,DSL,Month-to-month,Bank transfer,57.04,1660.93,No
CUST4611,Male,0,Yes,Yes,37,Yes,No,Month-to-month,Mailed check,80.76,2926.5,Yes
CUST4612,Female,0,Yes,Yes,68,Yes,Fiber optic,Month-to-month,Electronic check,76.97,5329.07,No
CUST4613,Male,1,No,No,23,Yes,DSL,Month-to-month,Bank transfer,82.05,1832.68,Yes
CUST4614,Male,0,Yes,No,18,Yes,Fiber optic,One year,Mailed check,46.82,871.92,Yes
CUST4615,Male,0,No,No,45,Yes,Fiber optic,Month-to-month,Electronic check,104.28,4680.25,No
CUST4616,Male,0,Yes,Yes,48,Yes,Fiber optic,Month-to-month,Credit card,86.96,4190.26,Yes
CUST4617,Female,0,No,Yes,43,Yes,No,Month-to-month,Bank transfer,106.07,4568.4,Yes
CUST4618,Male,0,Yes,No,25,Yes,No,Two year,Mailed check,36.54,910.3,No
CUST4619,Male,0,No,Yes,24,Yes,No,Two year,Mailed check,38.3,871.85,No
CUST4620,Male,0,Yes,Yes,34,Yes,DSL,Month-to-month,Credit card,131.78,4414.05,No
CUST4621,Male,0,No,Yes,35,Yes,Fiber optic,Two year,Bank transfer,104.41,3685.95,No
CUST4622,Male,0,Yes,Yes,13,Yes,DSL,One year,Mailed check,45.55,597.42,No
CUST4623,Male,0,No,No,55,Yes,DSL,Month-to-month,Credit card,96.04,5212.99,No
CUST4624,Male,0,Yes,No,5,No,No,Month-to-month,Bank transfer,56.03,314.49,Yes
CUST4625,Male,0,Yes,No,31,Yes,Fiber optic,Month-to-month,Credit card,19.04,543.98,No
CUST4626,Female,0,No,Yes,25,Yes,No,Month-to-month,Credit card,6.99,330.29,No
CUST4627,Male,0,Yes,Yes,14,Yes,DSL,One year,Credit card,69.34,1219.68,Yes
CUST4628,Female,1,Yes,No,48,Yes,No,Month-to-month,Credit card,116.82,5746.26,No
CUST4629,Male,1,Yes,No,55,Yes,DSL,Month-to-month,Bank transfer,115.64,6493.53,Yes
CUST4630,Male,0,Yes,No,36,Yes,DSL,Month-to-month,Credit card,107.8,3962.22,No
CUST4631,Male,0,No,Yes,52,Yes,Fiber optic,One year,Credit card,94.9,4913.82,Yes
CUST4632,Male,0,Yes,No,57,Yes,DSL,Month-to-month,Mailed check,79.52,4342.73,No
CUST4633,Female,1,Yes,Yes,35,No,Fiber optic,Month-to-month,Bank transfer,104.56,3557.1,Yes
CUST4634,Male,0,No,No,10,Yes,No,Two year,Bank transfer,9.67,29.03,No
CUST4635,Male,0,Yes,Yes,26,Yes,Fiber optic,Month-to-month,Credit card,99.69,2712.71,Yes
CUST4636,Female,0,No,Yes,1,Yes,DSL,Month-to-month,Credit card,36.37,61.98,No
CUST4637,Female,0,Yes,No,21,Yes,DSL,One year,Electronic check,42.62,829.07,Yes
CUST4638,Male,1,No,Yes,65,Yes,Fiber optic,Two year,Credit card,90.88,5722.68,No
CUST4639,Female,0,Yes,Yes,16,No,Fiber optic,Month-to-month,Bank transfer,97.86,1797.57,No
CUST4640,Female,0,No,No,3,Yes,Fiber optic,One year,Mailed check,51.71,208.46,Yes
CUST4641,Female,0,No,No,13,Yes,DSL,Two year,Bank transfer,89.39,1252.92,No
CUST4642,Male,0,No,No,6,Yes,Fiber optic,Month-to-month,Mailed check,86.89,467.77,No
CUST4643,Male,0,Yes,Yes,15,Yes,DSL,Month-to-month,Credit card,,896.34,No
CUST4644,Male,0,No,Yes,65,Yes,Fiber optic,One year,Electronic check,74.62,4815.91,Yes
CUST4645,Female,1,Yes,No,18,Yes,Fiber optic,Month-to-month,Mailed check,132.43,2390.17,No
CUST4646,Male,0,No,No,0,Yes,DSL,Month-to-month,Bank transfer,61.55,184.58,No
CUST4647,Female,0,No,Yes,30,Yes,No,Two year,Credit card,62.59,1757.27,No
CUST4648,Male,1,No,No,3,Yes,Fiber optic,Month-to-month,Mailed check,74.5,219.37,No
CUST4649,Male,0,Yes,No,57,Yes,Fiber optic,Month-to-month,Electronic check,64.51,3713.16,No
CUST4650,Female,0,Yes,Yes,55,Yes,Fiber optic,Month-to-month,Electronic check,93.72,5142.92,No
CUST4651,Male,0,No,Yes,52,Yes,No,One year,Electronic check,,6031.69,Yes
CUST4652,Female,0,No,No,42,Yes,Fiber optic,Month-to-month,Credit card,62.6,2455.64,No
CUST4653,Female,0,No,Yes,48,Yes,DSL,One year,Mailed check,44.3,2314.78,No
CUST4654,Male,1,No,Yes,59,Yes,DSL,One year,Mailed check,129.25,7488.7,No
CUST4655,Female,0,No,No,15,Yes,DSL,Month-to-month,Credit card,73.59,,Yes
CUST4656,Male,0,No,No,59,Yes,DSL,Two year,Mailed check,18.86,1067.79,No
CUST4657,Male,0,No,No,46,Yes,No,Two year,Credit card,125.87,5725.26,No
CUST4658,Female,0,No,Yes,14,Yes,Fiber optic,Month-to-month,Electronic check,103.79,1495.51,No
CUST4659,Male,0,Yes,No,62,Yes,No,Month-to-month,Mailed check,118.04,7349.35,Yes
CUST4660,Female,0,No,Yes,27,Yes,DSL,Month-to-month,Electronic check,113.03,3063.17,No
CUST4661,Male,1,Yes,No,19,Yes,Fiber optic,Month-to-month,Credit card,149.35,2695.86,Yes
CUST4662,Male,0,No,Yes,62,No,No,Month-to-month,Electronic check,38.89,2397.23,No
CUST4663,Male,0,Yes,Yes,32,Yes,DSL,Month-to-month,Bank transfer,46.13,1478.13,No
CUST4664,Male,0,Yes,No,35,Yes,Fiber optic,Month-to-month,Credit card,55.23,2056.28,No
CUST4665,Male,0,No,Yes,12,Yes,No,Month-to-month,Bank transfer,54.37,672.38,Yes
CUST4666,Female,0,Yes,No,61,Yes,No,Month-to-month,Credit card,73.69,4533.36,No
CUST4667,Female,0,Yes,No,67,Yes,No,Month-to-month,Electronic check,55.3,3901.35,Yes
CUST4668,Female,0,No,Yes,22,Yes,No,Month-to-month,Electronic check,34.31,638.81,No
CUST4669,Female,0,No,Yes,71,Yes,Fiber optic,Month-to-month,Electronic check,43.77,3068.86,No
CUST4670,Female,0,No,Yes,12,Yes,DSL,Two year,Bank transfer,61.19,620.7,No
CUST4671,Female,0,Yes,No,39,No,Fiber optic,Month-to-month,Electronic check,104.33,4229.52,No
CUST4672,Male,0,No,No,29,Yes,No,Two year,Bank transfer,52.74,1696.94,Yes
CUST4673,Male,0,Yes,No,24,Yes,Fiber optic,Month-to-month,Bank transfer,94.3,2416.05,No
CUST4674,Female,0,No,No,25,No,DSL,One year,Mailed check,30.36,813.74,Yes
CUST4675,Female,0,No,No,23,Yes,Fiber optic,Month-to-month,Mailed check,25.97,635.36,Yes
CUST4676,Male,0,Yes,No,38,Yes,Fiber optic,One year,Mailed check,66.0,2462.2,No
CUST4677,Male,0,Yes,Yes,60,Yes,DSL,Month-to-month,Credit card,51.7,3178.94,Yes
CUST4678,Male,0,Yes,No,48,Yes,Fiber optic,Two year,Bank transfer,43.55,1962.26,No
CUST4679,Female,0,No,No,40,Yes,Fiber optic,Month-to-month,Electronic check,40.03,1472.72,Yes
CUST4680,Female,0,No,No,69,Yes,Fiber optic,Month-to-month,Mailed check,48.77,3323.14,Yes
CUST4681,Female,0,No,No,19,Yes,DSL,Month-to-month,Credit card,40.38,955.92,No
CUST4682,Male,0,Yes,Yes,43,Yes,DSL,One year,Bank transfer,43.1,1801.95,No
CUST4683,Male,0,Yes,Yes,15,Yes,Fiber optic,Two year,Credit card,,400.61,Yes
CUST4684,Female,1,Yes,Yes,20,Yes,Fiber optic,Month-to-month,Electronic check,6.12,151.18,No
CUST4685,Female,0,Yes,No,14,Yes,DSL,One year,Mailed check,3.72,,No
CUST4686,Male,0,No,No,38,Yes,DSL,One year,Bank transfer,143.83,5590.74,No
CUST4687,Male,0,Yes,No,41,Yes,DSL,Month-to-month,Credit card,68.1,2680.06,No
CUST4688,Male,1,Yes,Yes,60,Yes,Fiber optic,One year,Mailed check,115.74,6934.73,No
CUST4689,Male,0,No,No,3,Yes,No,Month-to-month,Mailed check,64.67,216.46,No
CUST4690,Female,0,No,No,23,Yes,Fiber optic,Month-to-month,Bank transfer,65.67,1542.89,No
CUST4691,Male,1,Yes,Yes,2,Yes,No,One year,Mailed check,,244.98,Yes
CUST4692,Male,0,Yes,Yes,0,Yes,Fiber optic,Month-to-month,Credit card,89.2,82.01,Yes
CUST4693,Male,0,Yes,No,12,Yes,Fiber optic,Two year,Bank transfer,32.6,393.75,No
CUST4694,Female,0,Yes,Yes,53,No,DSL,One year,Bank transfer,58.61,3221.57,No
CUST4695,Female,0,Yes,No,39,Yes,Fiber optic,Two year,Mailed check,79.14,3183.34,No
CUST4696,Male,0,Yes,No,10,Yes,Fiber optic,Month-to-month,Electronic check,11.99,208.74,Yes
CUST4697,Male,0,No,Yes,41,Yes,Fiber optic,Month-to-month,Electronic check,108.92,4412.84,No
CUST4698,Male,0,No,No,3,Yes,Fiber optic,Month-to-month,Electronic check,101.88,376.93,Yes
CUST4699,Female,0,No,Yes,24,Yes,DSL,Two year,Credit card,6.95,287.16,No
CUST4700,Female,0,No,Yes,35,Yes,DSL,Month-to-month,Bank transfer,43.63,1475.67,Yes
CUST4701,Female,0,Yes,No,63,Yes,No,Month-to-month,Mailed check,73.15,4621.61,No
CUST4702,Male,0,Yes,Yes,43,Yes,DSL,Month-to-month,Electronic check,95.26,4252.65,No
CUST4703,Female,1,Yes,No,39,Yes,DSL,Month-to-month,Mailed check,115.78,4555.07,Yes
CUST4704,Male,0,Yes,No,44,Yes,No,Month-to-month,Electronic check,50.88,2229.93,Yes
CUST4705,Male,0,No,Yes,7,Yes,Fiber optic,Month-to-month,Electronic check,140.15,1127.21,No
CUST4706,Male,0,Yes,Yes,34,Yes,DSL,Month-to-month,Mailed check,68.54,2283.31,No
CUST4707,Female,0,Yes,Yes,43,Yes,DSL,Two year,Credit card,63.28,2551.43,No
CUST4708,Male,0,Yes,No,17,No,DSL,One year,Mailed check,86.85,1398.53,No
CUST4709,Female,0,Yes,No,46,Yes,Fiber optic,One year,Mailed check,79.32,3762.32,Yes
CUST4710,Female,0,No,No,24,Yes,Fiber optic,Month-to-month,Credit card,77.65,1915.67,No
CUST4711,Male,0,Yes,No,40,Yes,DSL,One year,Credit card,129.88,5202.01,No
CUST4712,Male,0,No,No,4,Yes,No,Two year,Mailed check,77.42,415.79,Yes
CUST4713,Female,0,Yes,No,63,Yes,DSL,Two year,Credit card,40.47,2566.3,No
CUST4714,Male,0,Yes,No,61,Yes,DSL,Month-to-month,Electronic check,44.81,2711.18,No
CUST4715,Female,0,Yes,Yes,71,Yes,No,Two year,Credit card,114.18,8190.29,Yes
CUST4716,Male,0,No,No,2,Yes,DSL,Month-to-month,Mailed check,90.51,142.82,No
CUST4717,Female,0,Yes,No,36,No,No,Month-to-month,Credit card,23.31,888.18,No
CUST4718,Female,0,Yes,Yes,40,Yes,Fiber optic,Month-to-month,Bank transfer,21.83,793.73,Yes
CUST4719,Female,0,Yes,No,19,Yes,DSL,One year,Credit card,70.75,1238.8,No
CUST4720,Female,0,No,No,66,Yes,Fiber optic,Month-to-month,Electronic check,88.49,5753.77,No
CUST4721,Male,1,No,Yes,39,Yes,Fiber optic,Month-to-month,Bank transfer,49.66,1934.13,No
CUST4722,Male,0,Yes,No,7,Yes,No,One year,Electronic check,19.59,72.33,Yes
CUST4723,Female,0,No,Yes,4,Yes,Fiber optic,Month-to-month,Electronic check,36.24,82.97,No
CUST4724,Female,1,Yes,No,24,Yes,Fiber optic,Month-to-month,Bank transfer,119.37,2849.54,Yes
CUST4725,Male,0,Yes,No,38,Yes,DSL,Month-to-month,Electronic check,84.91,3219.36,No
CUST4726,Male,0,No,Yes,36,Yes,Fiber optic,Month-to-month,Bank transfer,100.0,3444.89,No
CUST4727,Male,0,Yes,Yes,4,Yes,DSL,Month-to-month,Electronic check,104.95,167.56,No
CUST4728,Male,0,Yes,No,7,Yes,DSL,Month-to-month,Mailed check,51.22,398.54,Yes
CUST4729,Male,0,No,No,3,Yes,No,Two year,Electronic check,58.81,190.35,Yes
CUST4730,Male,0,No,Yes,40,No,DSL,Two year,Bank transfer,64.96,2461.38,Yes
CUST4731,Female,0,No,No,59,Yes,DSL,Month-to-month,Mailed check,82.5,4911.13,No
CUST4732,Male,0,No,Yes,53,Yes,Fiber optic,Month-to-month,Mailed check,102.69,5486.02,No
CUST4733,Male,0,Yes,Yes,21,Yes,No,Month-to-month,Credit card,126.1,2617.88,Yes
CUST4734,Female,0,Yes,Yes,18,Yes,DSL,Month-to-month,Credit card,94.43,1895.68,No
CUST4735,Male,0,Yes,No,67,Yes,DSL,Month-to-month,Credit card,94.65,6468.47,Yes
CUST4736,Male,0,Yes,No,32,Yes,DSL,Month-to-month,Mailed check,127.8,4049.69,Yes
CUST4737,Male,0,Yes,No,21,Yes,DSL,Month-to-month,Credit card,63.85,1302.81,Yes
CUST4738,Male,0,Yes,Yes,64,Yes,Fiber optic,Month-to-month,Mailed check,105.67,6617.09,No
CUST4739,Male,0,Yes,No,10,No,Fiber optic,Month-to-month,Credit card,87.35,995.97,No
CUST4740,Female,0,Yes,Yes,15,Yes,Fiber optic,Two year,Electronic check,88.45,1351.43,No
CUST4741,Male,0,No,Yes,67,Yes,Fiber optic,Two year,Credit card,63.56,4340.83,No
CUST4742,Female,0,Yes,No,43,Yes,No,Two year,Bank transfer,28.17,997.91,Yes
CUST4743,Female,0,Yes,No,8,Yes,Fiber optic,Two year,Credit card,80.35,720.55,No
CUST4744,Male,0,Yes,Yes,71,Yes,No,Month-to-month,Mailed check,80.47,5662.41,Yes
CUST4745,Female,0,Yes,No,61,Yes,Fiber optic,One year,Bank transfer,52.74,3275.57,No
CUST4746,Male,0,Yes,Yes,14,Yes,Fiber optic,Month-to-month,Bank transfer,67.1,991.52,No
CUST4747,Female,0,No,No,5,Yes,Fiber optic,Two year,Mailed check,43.54,215.64,Yes
CUST4748,Female,0,No,Yes,0,Yes,Fiber optic,One year,Bank transfer,,-69.73,No
CUST4749,Male,1,No,No,19,Yes,No,Month-to-month,Bank transfer,55.57,1095.72,No
CUST4750,Male,0,Yes,Yes,35,Yes,DSL,Month-to-month,Bank transfer,30.15,971.66,No
CUST4751,Male,1,Yes,No,1,Yes,Fiber optic,Month-to-month,Credit card,52.5,157.56,No
CUST4752,Male,1,Yes,Yes,69,Yes,Fiber optic,Month-to-month,Bank transfer,91.41,6235.13,Yes
CUST4753,Male,0,Yes,Yes,1,Yes,Fiber optic,Two year,Electronic check,113.68,115.95,No
CUST4754,Female,0,No,Yes,2,Yes,Fiber optic,Two year,Electronic check,132.26,189.94,No
CUST4755,Female,0,No,Yes,6,Yes,Fiber optic,Month-to-month,Credit card,58.0,363.87,No
CUST4756,Female,1,Yes,Yes,63,Yes,DSL,Month-to-month,Credit card,106.0,6574.82,Yes
CUST4757,Female,0,Yes,Yes,40,Yes,No,Month-to-month,Electronic check,80.09,3122.69,Yes
CUST4758,Female,1,No,No,53,Yes,DSL,Two year,Bank transfer,62.88,3562.09,Yes
CUST4759,Female,0,No,Yes,40,No,Fiber optic,Two year,Electronic check,82.07,3367.22,No
CUST4760,Female,0,No,Yes,4,Yes,DSL,Month-to-month,Mailed check,103.06,449.18,No
CUST4761,Male,0,No,No,62,Yes,DSL,One year,Bank transfer,55.05,3464.51,Yes
CUST4762,Male,0,No,No,0,Yes,DSL,One year,Electronic check,54.36,30.56,Yes
CUST4763,Female,0,No,Yes,24,Yes,Fiber optic,Month-to-month,Electronic check,57.71,1376.15,Yes
CUST4764,Female,0,No,No,45,Yes,DSL,Two year,Bank transfer,51.2,2379.67,No
CUST4765,Male,0,Yes,No,14,Yes,DSL,Month-to-month,Bank transfer,105.97,1400.88,Yes
CUST4766,Male,0,Yes,Yes,68,Yes,DSL,Month-to-month,Bank transfer,47.08,3360.99,No
CUST4767,Male,0,No,Yes,16,Yes,DSL,Month-to-month,Credit card,52.37,849.95,No
CUST4768,Male,0,Yes,No,20,Yes,DSL,One year,Mailed check,79.34,1666.97,No
CUST4769,Female,0,No,No,52,No,DSL,Month-to-month,Credit card,76.91,4156.66,No
CUST4770,Male,0,Yes,No,54,Yes,Fiber optic,One year,Electronic check,57.7,3164.92,No
CUST4771,Female,0,No,No,9,Yes,Fiber optic,Two year,Mailed check,120.51,1003.54,Yes
CUST4772,Female,0,Yes,No,56,Yes,Fiber optic,One year,Credit card,51.08,2982.43,No
CUST4773,Female,0,No,No,64,Yes,No,One year,Electronic check,64.87,4321.3,No
CUST4774,Male,0,Yes,Yes,36,Yes,Fiber optic,Month-to-month,Bank transfer,12.2,244.55,No
CUST4775,Male,0,Yes,No,6,Yes,No,Month-to-month,Electronic check,60.85,354.91,No
CUST4776,Female,0,No,Yes,39,Yes,DSL,Month-to-month,Bank transfer,30.31,1211.23,No
CUST4777,Female,0,No,Yes,49,Yes,Fiber optic,Month-to-month,Credit card,42.51,2056.58,No
CUST4778,Female,0,No,No,0,Yes,DSL,Two year,Electronic check,11.32,-124.59,No
CUST4779,Male,0,Yes,Yes,19,Yes,Fiber optic,Two year,Mailed check,43.22,732.87,No
CUST4780,Female,0,Yes,No,30,Yes,Fiber optic,Month-to-month,Electronic check,67.75,1847.59,Yes
CUST4781,Male,0,Yes,Yes,67,Yes,DSL,One year,Bank transfer,62.67,4294.4,Yes
CUST4782,Female,1,Yes,No,11,Yes,Fiber optic,One year,Credit card,57.56,770.52,No
CUST4783,Female,1,No,Yes,21,Yes,Fiber optic,Two year,Mailed check,60.25,1401.21,No
CUST4784,Female,0,No,No,0,Yes,DSL,Month-to-month,Mailed check,54.85,-2.96,Yes
CUST4785,Male,0,Yes,Yes,0,Yes,Fiber optic,One year,Credit card,68.96,27.19,No
CUST4786,Male,0,No,No,2,Yes,Fiber optic,Month-to-month,Credit card,66.69,240.37,No
CUST4787,Female,0,No,Yes,20,Yes,DSL,Month-to-month,Electronic check,78.25,1541.71,No
CUST4788,Male,0,No,Yes,12,Yes,DSL,Month-to-month,Electronic check,63.97,672.71,Yes
CUST4789,Female,0,No,Yes,60,Yes,No,Month-to-month,Mailed check,56.99,3362.33,No
CUST4790,Male,0,Yes,No,12,Yes,No,Month-to-month,Electronic check,93.35,1137.75,No
CUST4791,Male,1,No,No,32,Yes,DSL,Month-to-month,Bank transfer,88.09,2747.52,No
CUST4792,Male,0,No,No,5,No,No,One year,Bank transfer,69.03,392.48,No
CUST4793,Female,0,No,No,24,Yes,DSL,One year,Electronic check,105.85,,Yes
CUST4794,Male,0,Yes,No,22,Yes,No,Two year,Mailed check,72.48,1570.29,Yes
CUST4795,Male,0,No,Yes,25,Yes,Fiber optic,Month-to-month,Electronic check,65.16,1669.55,No
CUST4796,Female,0,Yes,No,3,Yes,No,Two year,Credit card,67.94,217.07,No
CUST4797,Female,0,Yes,No,34,Yes,Fiber optic,One year,Credit card,74.95,2474.79,No
CUST4798,Female,0,No,Yes,24,Yes,DSL,Month-to-month,Mailed check,42.48,1093.02,No
CUST4799,Female,0,No,No,19,Yes,DSL,One year,Mailed check,13.79,288.26,Yes
CUST4800,Male,0,Yes,No,0,Yes,Fiber optic,One year,Credit card,78.44,-208.9,No
CUST4801,Male,0,Yes,No,67,Yes,DSL,Month-to-month,Credit card,95.02,6411.87,No
CUST4802,Male,0,Yes,No,22,Yes,Fiber optic,One year,Bank transfer,39.97,837.12,No
CUST4803,Male,0,Yes,No,21,Yes,No,One year,Electronic check,102.19,2093.49,No
CUST4804,Male,0,No,No,61,Yes,DSL,Two year,Mailed check,20.61,1174.22,No
CUST4805,Female,0,Yes,Yes,0,Yes,Fiber optic,Two year,Credit card,53.24,-100.3,No
CUST4806,Male,0,No,No,58,Yes,DSL,One year,Mailed check,121.18,7049.1,No
CUST4807,Male,0,No,No,67,Yes,Fiber optic,One year,Credit card,80.68,5460.16,No
CUST4808,Male,0,Yes,No,18,Yes,DSL,Two year,Mailed check,60.93,1112.06,No
CUST4809,Female,0,No,Yes,29,Yes,DSL,Two year,Mailed check,77.57,2344.48,No
CUST4810,Female,0,Yes,Yes,0,Yes,No,One year,Bank transfer,105.89,58.14,Yes
CUST4811,Male,0,Yes,Yes,47,Yes,No,One year,Bank transfer,26.65,1051.85,No
CUST4812,Female,0,Yes,Yes,18,Yes,Fiber optic,Month-to-month,Bank transfer,109.54,1880.07,No
CUST4813,Female,0,No,No,51,Yes,Fiber optic,One year,Bank transfer,55.3,,No
CUST4814,Female,0,No,Yes,21,Yes,Fiber optic,Month-to-month,Bank transfer,91.25,1789.31,No
CUST4815,Female,0,Yes,No,49,Yes,Fiber optic,Month-to-month,Credit card,51.57,2253.43,Yes
CUST4816,Female,0,No,No,65,Yes,DSL,Month-to-month,Electronic check,120.51,8016.3,No
CUST4817,Female,1,No,No,5,Yes,DSL,Month-to-month,Credit card,69.07,375.01,No
CUST4818,Female,0,No,Yes,63,Yes,DSL,Month-to-month,Electronic check,30.14,1830.51,Yes
CUST4819,Male,1,No,No,20,Yes,DSL,Two year,Bank transfer,84.1,1597.16,No
CUST4820,Male,0,No,Yes,18,Yes,DSL,One year,Mailed check,109.04,2025.66,Yes
CUST4821,Female,0,Yes,No,36,Yes,DSL,Month-to-month,Mailed check,105.65,3851.2,Yes
CUST4822,Male,0,No,Yes,62,Yes,Fiber optic,One year,Electronic check,72.81,4546.94,No
CUST4823,Male,0,No,Yes,28,Yes,DSL,Two year,Electronic check,94.36,2623.21,No
CUST4824,Female,0,Yes,No,59,Yes,Fiber optic,Month-to-month,Credit card,57.35,3255.59,Yes
CUST4825,Male,0,No,No,33,Yes,Fiber optic,Month-to-month,Electronic check,87.73,2891.49,No
CUST4826,Female,0,No,No,0,Yes,No,Month-to-month,Credit card,80.88,106.51,No
CUST4827,Female,0,No,Yes,47,Yes,DSL,Two year,Bank transfer,16.86,738.22,No
CUST4828,Female,1,Yes,Yes,20,Yes,Fiber optic,Month-to-month,Mailed check,39.98,859.71,No
CUST4829,Male,1,No,Yes,33,Yes,Fiber optic,Two year,Mailed check,76.24,2475.46,No
CUST4830,Male,0,No,No,25,Yes,No,Month-to-month,Credit card,74.95,1953.87,Yes
CUST4831,Male,0,Yes,Yes,35,Yes,DSL,Month-to-month,Electronic check,69.13,2321.56,No
CUST4832,Male,0,Yes,No,22,No,DSL,Month-to-month,Credit card,72.68,1600.33,No
CUST4833,Female,0,No,Yes,46,Yes,DSL,Month-to-month,Electronic check,106.23,4932.23,Yes
CUST4834,Female,0,Yes,Yes,43,Yes,DSL,One year,Electronic check,80.62,3399.11,No
CUST4835,Male,0,Yes,Yes,19,Yes,Fiber optic,Month-to-month,Electronic check,0.02,36.64,No
CUST4836,Female,0,Yes,No,26,Yes,No,Month-to-month,Credit card,128.43,3336.22,No
CUST4837,Female,1,No,No,60,Yes,DSL,Month-to-month,Bank transfer,12.8,763.58,No
CUST4838,Male,0,No,No,36,Yes,DSL,One year,Mailed check,98.74,3486.86,No
CUST4839,Female,0,Yes,Yes,51,Yes,DSL,One year,Credit card,23.07,1276.3,No
CUST4840,Male,0,Yes,Yes,61,Yes,DSL,One year,Bank transfer,112.7,6780.19,Yes
CUST4841,Female,0,Yes,Yes,65,Yes,No,Two year,Mailed check,61.66,4035.88,No
CUST4842,Male,0,Yes,Yes,23,Yes,No,Month-to-month,Credit card,81.53,1790.27,No
CUST4843,Female,0,No,No,11,Yes,DSL,Month-to-month,Credit card,10.42,108.0,No
CUST4844,Female,0,Yes,Yes,15,Yes,DSL,Month-to-month,Bank transfer,91.89,1442.64,No
CUST4845,Male,1,No,Yes,35,Yes,No,Month-to-month,Credit card,82.49,2858.26,No
CUST4846,Male,0,Yes,No,1,Yes,DSL,Month-to-month,Mailed check,88.52,-219.1,Yes
CUST4847,Male,0,No,No,61,Yes,Fiber optic,Two year,Bank transfer,98.49,5873.42,No
CUST4848,Male,0,No,No,63,Yes,No,One year,Credit card,75.36,4531.88,No
CUST4849,Female,0,Yes,Yes,28,Yes,Fiber optic,Month-to-month,Mailed check,63.68,1789.83,No
CUST4850,Female,0,No,No,30,Yes,DSL,Month-to-month,Credit card,,1369.6,No
CUST4851,Male,0,No,Yes,14,Yes,DSL,One year,Bank transfer,56.71,758.88,No
CUST4852,Female,0,No,No,54,Yes,No,Two year,Credit card,106.19,5671.61,No
CUST4853,Male,1,Yes,Yes,32,Yes,DSL,Month-to-month,Mailed check,44.87,1457.95,No
CUST4854,Male,0,No,Yes,51,Yes,DSL,Month-to-month,Electronic check,14.71,605.48,Yes
CUST4855,Female,0,No,Yes,19,Yes,Fiber optic,Two year,Credit card,40.37,862.64,Yes
CUST4856,Female,0,Yes,Yes,37,Yes,No,Two year,Credit card,88.18,3270.17,No
CUST4857,Male,0,Yes,Yes,2,Yes,Fiber optic,Month-to-month,Mailed check,60.91,27.34,No
CUST4858,Male,0,No,Yes,53,Yes,DSL,Month-to-month,Mailed check,88.13,,No
CUST4859,Male,0,No,No,65,Yes,Fiber optic,Month-to-month,Bank transfer,9.99,636.22,No
CUST4860,Female,0,Yes,Yes,17,Yes,DSL,Two year,Electronic check,19.48,193.08,Yes
CUST4861,Female,0,Yes,Yes,6,Yes,DSL,Month-to-month,Bank transfer,77.92,534.61,Yes
CUST4862,Female,0,No,Yes,34,Yes,No,Two year,Mailed check,100.14,3501.31,Yes
CUST4863,Female,0,No,Yes,59,Yes,DSL,Month-to-month,Mailed check,,1113.27,Yes
CUST4864,Male,0,Yes,No,23,Yes,DSL,One year,Mailed check,85.78,2066.99,Yes
CUST4865,Male,0,Yes,Yes,38,Yes,DSL,One year,Mailed check,105.71,4281.98,No
CUST4866,Male,0,No,Yes,11,Yes,Fiber optic,Month-to-month,Bank transfer,69.87,580.73,No
CUST4867,Male,0,No,No,52,Yes,Fiber optic,Month-to-month,Electronic check,97.03,5050.75,No
CUST4868,Male,0,Yes,Yes,63,Yes,Fiber optic,Month-to-month,Mailed check,75.71,4635.42,No
CUST4869,Male,0,No,No,3,Yes,Fiber optic,One year,Bank transfer,62.11,342.4,Yes
CUST4870,Female,0,No,Yes,4,Yes,Fiber optic,Month-to-month,Bank transfer,94.63,403.15,No
CUST4871,Female,0,No,Yes,15,Yes,Fiber optic,One year,Bank transfer,127.38,1840.89,Yes
CUST4872,Male,0,No,No,26,Yes,DSL,One year,Bank transfer,53.26,1358.72,No
CUST4873,Male,0,Yes,No,3,Yes,DSL,Month-to-month,Bank transfer,67.37,335.74,No
CUST4874,Female,0,Yes,No,71,Yes,Fiber optic,Two year,Mailed check,40.28,2905.11,Yes
CUST4875,Female,0,No,Yes,47,Yes,DSL,One year,Mailed check,74.66,3566.91,No
CUST4876,Female,0,No,No,7,Yes,DSL,One year,Electronic check,65.31,605.98,No
CUST4877,Female,0,No,No,45,Yes,Fiber optic,Month-to-month,Electronic check,104.75,4809.19,No
CUST4878,Male,0,No,Yes,43,Yes,Fiber optic,One year,Electronic check,112.59,4953.77,No
CUST4879,Male,0,Yes,Yes,66,Yes,Fiber optic,Month-to-month,Electronic check,93.64,6167.61,No
CUST4880,Male,0,No,Yes,51,Yes,Fiber optic,Two year,Credit card,101.4,4946.01,No
CUST4881,Male,0,No,No,33,No,Fiber optic,Month-to-month,Bank transfer,48.85,1622.41,No
CUST4882,Male,0,Yes,Yes,61,Yes,No,One year,Bank transfer,41.35,2455.9,No
CUST4883,Female,0,Yes,No,20,Yes,DSL,One year,Bank transfer,83.1,1740.86,No
CUST4884,Male,1,No,No,23,Yes,Fiber optic,Month-to-month,Credit card,70.6,1446.77,No
CUST4885,Female,0,Yes,No,43,Yes,DSL,Month-to-month,Bank transfer,129.98,5671.96,No
CUST4886,Male,0,Yes,No,40,Yes,DSL,Month-to-month,Bank transfer,12.35,512.85,No
CUST4887,Male,1,No,Yes,28,Yes,No,Month-to-month,Bank transfer,88.59,2515.9,No
CUST4888,Male,0,No,Yes,5,Yes,DSL,Two year,Bank transfer,88.09,502.33,No
CUST4889,Male,0,Yes,No,55,Yes,DSL,Two year,Bank transfer,47.14,2589.85,No
CUST4890,Male,0,No,No,13,Yes,Fiber optic,Month-to-month,Electronic check,40.97,499.31,No
CUST4891,Female,0,Yes,Yes,49,Yes,DSL,Month-to-month,Credit card,59.82,3044.68,No
CUST4892,Female,0,Yes,Yes,51,Yes,Fiber optic,Two year,Mailed check,20.75,1117.57,Yes
CUST4893,Female,1,Yes,No,0,Yes,DSL,Month-to-month,Electronic check,113.72,68.88,No
CUST4894,Male,0,No,No,11,No,DSL,Two year,Credit card,151.02,1652.97,No
CUST4895,Male,0,No,No,23,Yes,Fiber optic,Month-to-month,Bank transfer,59.76,1385.43,No
CUST4896,Female,0,Yes,No,36,Yes,Fiber optic,One year,Credit card,,1828.2,No
CUST4897,Male,0,Yes,No,69,Yes,Fiber optic,Month-to-month,Bank transfer,30.67,1941.81,No
CUST4898,Male,0,No,Yes,2,Yes,Fiber optic,Month-to-month,Bank transfer,37.12,-63.87,No
CUST4899,Female,1,Yes,No,26,Yes,Fiber optic,Month-to-month,Credit card,52.32,1348.0,No
CUST4900,Male,1,Yes,Yes,52,Yes,Fiber optic,One year,Mailed check,106.26,5337.78,No
CUST4901,Female,0,No,No,16,No,DSL,Month-to-month,Bank transfer,165.79,2641.63,No
CUST4902,Male,1,No,Yes,14,Yes,DSL,One year,Bank transfer,48.32,587.05,No
CUST4903,Female,0,No,No,38,Yes,DSL,Month-to-month,Electronic check,42.94,1624.12,Yes
CUST4904,Male,0,No,Yes,3,Yes,DSL,Month-to-month,Credit card,34.96,121.88,No
CUST4905,Male,0,Yes,Yes,16,No,DSL,Month-to-month,Credit card,83.52,1150.5,No
CUST4906,Female,0,No,No,10,Yes,DSL,Month-to-month,Credit card,80.33,835.81,No
CUST4907,Male,0,No,No,11,Yes,No,Month-to-month,Electronic check,73.03,758.38,No
CUST4908,Male,0,Yes,Yes,31,Yes,Fiber optic,Month-to-month,Credit card,56.67,1524.49,No
CUST4909,Female,0,Yes,Yes,26,Yes,DSL,One year,Credit card,,2834.19,Yes
CUST4910,Male,0,Yes,Yes,43,Yes,Fiber optic,Two year,Bank transfer,92.93,4033.96,No
CUST4911,Female,0,No,No,42,Yes,Fiber optic,One year,Mailed check,91.63,3807.89,Yes
CUST4912,Male,1,Yes,Yes,48,Yes,DSL,Month-to-month,Mailed check,81.11,3846.61,Yes
CUST4913,Male,0,No,No,42,Yes,Fiber optic,Month-to-month,Electronic check,64.32,2716.83,Yes
CUST4914,Male,0,Yes,No,2,Yes,DSL,Month-to-month,Credit card,48.54,49.16,Yes
CUST4915,Male,0,No,No,28,Yes,Fiber optic,Month-to-month,Electronic check,85.6,2370.08,No
CUST4916,Female,0,Yes,No,34,Yes,DSL,Month-to-month,Mailed check,82.69,2678.81,No
CUST4917,Male,0,No,No,47,Yes,Fiber optic,Month-to-month,Electronic check,87.02,4038.11,No
CUST4918,Female,0,No,No,38,Yes,Fiber optic,Month-to-month,Bank transfer,23.07,1065.07,Yes
CUST4919,Male,0,Yes,Yes,23,Yes,Fiber optic,Month-to-month,Bank transfer,80.18,1861.98,No
CUST4920,Male,0,Yes,Yes,19,Yes,Fiber optic,Month-to-month,Bank transfer,60.74,1180.97,No
CUST4921,Male,0,No,No,14,Yes,Fiber optic,Month-to-month,Credit card,43.64,546.69,Yes
CUST4922,Male,0,Yes,Yes,17,Yes,DSL,Month-to-month,Bank transfer,91.85,1521.98,Yes
CUST4923,Female,0,No,Yes,59,Yes,Fiber optic,One year,Electronic check,75.32,,No
CUST4924,Female,0,No,No,40,No,No,Month-to-month,Bank transfer,,5712.22,No
CUST4925,Female,0,No,Yes,68,No,Fiber optic,Month-to-month,Credit card,84.53,,Yes
CUST4926,Female,0,Yes,No,10,Yes,No,Month-to-month,Bank transfer,61.08,,Yes
CUST4927,Male,0,No,No,55,Yes,DSL,Month-to-month,Bank transfer,66.75,3668.91,No
CUST4928,Female,1,No,No,17,Yes,DSL,One year,Credit card,34.84,568.78,Yes
CUST4929,Female,0,No,No,11,Yes,Fiber optic,Month-to-month,Credit card,106.93,1252.47,No
CUST4930,Male,0,No,Yes,15,Yes,DSL,Month-to-month,Bank transfer,79.45,1238.61,Yes
CUST4931,Male,0,Yes,Yes,26,Yes,DSL,One year,Mailed check,79.96,2069.96,No
CUST4932,Male,0,Yes,No,16,Yes,Fiber optic,Month-to-month,Bank transfer,38.07,710.08,No
CUST4933,Male,0,No,Yes,30,Yes,DSL,Two year,Electronic check,93.37,2852.91,Yes
CUST4934,Female,1,Yes,No,34,Yes,DSL,Two year,Credit card,41.94,1348.85,Yes
CUST4935,Female,1,Yes,No,26,Yes,No,Month-to-month,Bank transfer,53.38,1388.7,No
CUST4936,Male,0,No,Yes,31,Yes,DSL,Month-to-month,Mailed check,73.76,2268.91,No
CUST4937,Male,0,Yes,Yes,16,Yes,DSL,One year,Bank transfer,52.57,742.33,No
CUST4938,Male,0,Yes,No,10,Yes,DSL,Two year,Electronic check,46.23,439.77,Yes
CUST4939,Female,0,Yes,Yes,0,Yes,No,One year,Credit card,68.5,113.91,No
CUST4940,Female,0,Yes,No,48,Yes,Fiber optic,Month-to-month,Electronic check,100.3,,No
CUST4941,Male,0,Yes,No,40,Yes,DSL,Month-to-month,Mailed check,96.85,3965.32,No
CUST4942,Male,0,Yes,Yes,19,Yes,DSL,One year,Electronic check,91.22,1811.09,No
CUST4943,Female,0,No,No,70,Yes,Fiber optic,Month-to-month,Electronic check,,5942.1,No
CUST4944,Male,0,Yes,Yes,36,No,DSL,Month-to-month,Credit card,55.73,1946.14,No
CUST4945,Male,0,No,No,15,Yes,No,One year,Electronic check,103.63,1610.83,No
CUST4946,Female,0,No,No,38,Yes,Fiber optic,Month-to-month,Mailed check,17.92,516.33,No
CUST4947,Male,0,No,No,44,Yes,DSL,Two year,Mailed check,83.01,3585.25,No
CUST4948,Female,1,Yes,No,63,Yes,No,Two year,Credit card,95.24,6110.6,No
CUST4949,Male,0,Yes,No,46,Yes,DSL,Month-to-month,Mailed check,67.29,3046.13,No
CUST4950,Male,0,No,Yes,22,Yes,DSL,One year,Mailed check,48.33,1127.26,Yes
CUST4951,Female,0,No,No,31,Yes,DSL,One year,Mailed check,68.89,2099.28,No
CUST4952,Female,0,No,Yes,48,Yes,Fiber optic,Month-to-month,Mailed check,47.27,2323.98,No
CUST4953,Male,0,Yes,Yes,18,Yes,DSL,Month-to-month,Mailed check,85.43,1383.73,No
CUST4954,Female,0,Yes,Yes,66,Yes,DSL,Month-to-month,Mailed check,98.37,6619.6,No
CUST4955,Male,1,Yes,No,38,Yes,DSL,Two year,Mailed check,83.4,3057.6,No
CUST4956,Male,0,No,Yes,59,Yes,No,Month-to-month,Bank transfer,81.61,4678.81,Yes
CUST4957,Female,0,Yes,Yes,10,Yes,DSL,Month-to-month,Mailed check,92.81,1049.91,Yes
CUST4958,Male,0,Yes,Yes,48,Yes,DSL,Month-to-month,Credit card,96.28,4621.16,No
CUST4959,Male,1,No,No,14,Yes,Fiber optic,Month-to-month,Bank transfer,46.65,622.48,No
CUST4960,Female,0,Yes,No,60,Yes,Fiber optic,Month-to-month,Mailed check,23.86,1588.36,No
CUST4961,Female,1,No,No,42,Yes,No,Month-to-month,Mailed check,78.34,3363.39,No
CUST4962,Male,1,Yes,No,14,Yes,DSL,Month-to-month,Credit card,97.73,1323.27,Yes
CUST4963,Female,0,No,Yes,4,Yes,No,Month-to-month,Mailed check,,76.84,No
CUST4964,Female,0,Yes,No,28,Yes,Fiber optic,One year,Bank transfer,72.06,2125.07,No
CUST4965,Female,1,No,Yes,61,Yes,DSL,One year,Bank transfer,103.85,6238.49,No
CUST4966,Female,0,Yes,No,59,Yes,No,Month-to-month,Credit card,66.51,4068.44,No
CUST4967,Male,0,No,Yes,68,Yes,Fiber optic,One year,Mailed check,115.63,7818.5,No
CUST4968,Male,0,No,No,21,Yes,Fiber optic,Month-to-month,Credit card,110.02,2223.27,No
CUST4969,Male,0,Yes,No,12,Yes,No,Month-to-month,Mailed check,64.52,882.93,No
CUST4970,Female,0,Yes,No,49,Yes,Fiber optic,Month-to-month,Bank transfer,58.97,2962.99,Yes
CUST4971,Female,0,No,No,46,Yes,DSL,Month-to-month,Mailed check,59.52,2560.26,No
CUST4972,Female,0,Yes,Yes,28,Yes,No,Month-to-month,Mailed check,74.05,2062.72,Yes
CUST4973,Female,0,No,No,16,Yes,DSL,Month-to-month,Bank transfer,34.79,446.12,No
CUST4974,Female,0,No,No,19,Yes,Fiber optic,Month-to-month,Bank transfer,29.25,635.58,Yes
CUST4975,Female,1,Yes,No,5,Yes,DSL,Month-to-month,Bank transfer,1.86,181.26,No
CUST4976,Female,0,Yes,Yes,21,Yes,DSL,Month-to-month,Mailed check,69.37,1510.54,No
CUST4977,Male,0,Yes,No,8,Yes,Fiber optic,Two year,Credit card,131.17,973.39,No
CUST4978,Male,0,No,No,31,Yes,Fiber optic,Month-to-month,Bank transfer,10.28,407.67,Yes
CUST4979,Female,0,No,Yes,32,No,Fiber optic,Two year,Mailed check,64.48,2058.32,No
CUST4980,Female,1,Yes,Yes,69,Yes,No,Month-to-month,Credit card,63.57,4378.95,No
CUST4981,Female,0,No,Yes,48,Yes,DSL,Month-to-month,Electronic check,65.44,3092.59,Yes
CUST4982,Male,0,No,No,29,Yes,Fiber optic,Two year,Electronic check,107.7,3133.77,No
CUST4983,Male,1,Yes,Yes,15,Yes,Fiber optic,Two year,Mailed check,43.35,643.15,No
CUST4984,Female,1,No,No,64,Yes,Fiber optic,Month-to-month,Mailed check,11.61,502.62,No
CUST4985,Female,0,No,Yes,13,Yes,Fiber optic,Month-to-month,Bank transfer,53.97,704.2,No
CUST4986,Male,0,No,No,55,Yes,DSL,Month-to-month,Mailed check,,2734.04,Yes
CUST4987,Male,0,Yes,Yes,36,Yes,Fiber optic,One year,Credit card,3.07,145.2,No
CUST4988,Male,0,Yes,Yes,48,Yes,Fiber optic,Month-to-month,Mailed check,77.36,3512.61,Yes
CUST4989,Male,0,No,Yes,49,No,DSL,One year,Credit card,34.42,1737.78,No
CUST4990,Female,0,Yes,No,35,Yes,Fiber optic,One year,Credit card,67.51,2365.71,No
CUST4991,Male,0,No,Yes,51,Yes,DSL,Month-to-month,Bank transfer,59.11,3064.12,Yes
CUST4992,Male,0,Yes,No,22,Yes,No,One year,Credit card,37.78,668.25,Yes
CUST4993,Female,0,No,Yes,65,Yes,Fiber optic,One year,Mailed check,96.72,6163.33,No
CUST4994,Male,1,No,Yes,70,Yes,DSL,Month-to-month,Credit card,61.56,4121.7,No
CUST4995,Male,0,No,Yes,44,Yes,DSL,Month-to-month,Electronic check,71.63,3166.35,No
CUST4996,Male,1,No,No,27,Yes,Fiber optic,One year,Credit card,87.59,2330.42,No
CUST4997,Female,1,Yes,No,19,No,Fiber optic,Month-to-month,Mailed check,78.66,1480.14,No
CUST4998,Male,0,No,No,48,Yes,No,One year,Bank transfer,74.35,3429.55,No
CUST4999,Female,0,No,Yes,56,Yes,DSL,Month-to-month,Mailed check,45.27,2414.14,No
CUST5000,Female,0,Yes,No,58,Yes,DSL,Month-to-month,Mailed check,36.63,1874.93,Yes
CUST5001,Male,0,Yes,No,25,Yes,No,Two year,Mailed check,74.74,1733.95,No
CUST5002,Male,0,No,Yes,18,Yes,DSL,Month-to-month,Electronic check,41.14,675.52,No
CUST5003,Male,0,No,Yes,12,Yes,Fiber optic,Month-to-month,Bank transfer,93.83,1066.13,Yes
CUST5004,Male,1,Yes,No,61,Yes,DSL,One year,Electronic check,,4025.95,No
CUST5005,Female,0,No,No,13,Yes,Fiber optic,One year,Credit card,89.46,1239.14,No
CUST5006,Male,0,No,Yes,10,Yes,DSL,Month-to-month,Credit card,40.43,,No
CUST5007,Male,0,No,No,66,Yes,Fiber optic,Two year,Electronic check,35.76,2409.04,No
CUST5008,Male,0,No,Yes,11,Yes,Fiber optic,Month-to-month,Bank transfer,120.37,1401.9,No
CUST5009,Female,1,No,Yes,34,Yes,No,One year,Credit card,65.52,2342.68,Yes
CUST5010,Male,0,No,No,38,Yes,DSL,Month-to-month,Bank transfer,,3750.18,No
CUST5011,Male,0,No,No,31,Yes,DSL,Month-to-month,Electronic check,27.64,864.17,No
CUST5012,Female,0,No,Yes,13,Yes,DSL,One year,Credit card,61.51,691.63,No
CUST5013,Female,0,No,No,64,Yes,No,One year,Electronic check,109.07,7007.73,No
CUST5014,Male,0,Yes,Yes,26,Yes,Fiber optic,One year,Credit card,23.06,561.93,No
CUST5015,Male,0,Yes,No,59,Yes,Fiber optic,Month-to-month,Mailed check,138.26,8294.99,Yes
CUST5016,Male,0,Yes,Yes,42,No,DSL,Two year,Bank transfer,76.08,3204.49,No
CUST5017,Male,1,No,No,64,Yes,Fiber optic,Month-to-month,Electronic check,,2891.52,No
CUST5018,Male,1,No,No,54,Yes,DSL,Month-to-month,Mailed check,80.56,4491.83,No
CUST5019,Female,0,No,Yes,34,Yes,DSL,Two year,Electronic check,103.27,3462.94,No
CUST5020,Female,0,Yes,No,31,Yes,Fiber optic,Month-to-month,Electronic check,45.23,1401.81,No
CUST5021,Male,0,Yes,Yes,18,Yes,DSL,Month-to-month,Bank transfer,49.54,1092.66,No
CUST5022,Male,0,No,No,38,Yes,Fiber optic,Two year,Electronic check,77.47,2970.48,No
CUST5023,Female,0,Yes,No,19,Yes,No,Two year,Bank transfer,83.89,1706.42,Yes
CUST5024,Male,0,Yes,No,27,No,No,One year,Electronic check,64.05,1879.73,No
CUST5025,Male,0,No,No,2,Yes,Fiber optic,Month-to-month,Credit card,82.07,108.95,No
CUST5026,Male,0,No,Yes,31,Yes,DSL,Month-to-month,Mailed check,95.61,3054.79,Yes
CUST5027,Male,0,Yes,Yes,57,Yes,Fiber optic,Month-to-month,Credit card,75.2,4253.13,Yes
CUST5028,Male,0,No,No,53,Yes,DSL,Month-to-month,Bank transfer,,2814.77,Yes
CUST5029,Female,0,Yes,Yes,41,Yes,DSL,Month-to-month,Bank transfer,69.37,2988.53,No
CUST5030,Male,0,Yes,Yes,14,Yes,Fiber optic,Month-to-month,Mailed check,122.69,1791.99,No
CUST5031,Male,1,Yes,No,61,No,No,Month-to-month,Bank transfer,79.99,4983.85,No
CUST5032,Male,0,No,Yes,30,Yes,DSL,Month-to-month,Credit card,107.21,3146.74,No
CUST5033,Female,0,Yes,Yes,60,Yes,DSL,One year,Mailed check,54.57,3445.95,No
CUST5034,Female,0,Yes,No,25,Yes,Fiber optic,Month-to-month,Bank transfer,77.88,1856.56,No
CUST5035,Female,0,No,No,68,No,DSL,Two year,Bank transfer,93.83,6421.14,No
CUST5036,Female,0,No,No,56,No,Fiber optic,Month-to-month,Bank transfer,114.93,6364.68,Yes
CUST5037,Male,0,Yes,No,19,Yes,DSL,Month-to-month,Bank transfer,106.83,2115.81,No
CUST5038,Female,1,No,Yes,65,Yes,DSL,Month-to-month,Electronic check,36.42,2541.81,Yes
CUST5039,Male,0,No,No,20,Yes,Fiber optic,Month-to-month,Electronic check,104.56,2136.35,No
CUST5040,Male,1,Yes,Yes,59,Yes,No,Month-to-month,Electronic check,120.58,7145.73,No
CUST5041,Female,0,No,Yes,62,Yes,Fiber optic,One year,Bank transfer,52.75,3259.14,No
CUST5042,Female,0,Yes,No,50,Yes,No,Month-to-month,Electronic check,43.17,2168.55,No
CUST5043,Female,0,No,Yes,38,Yes,DSL,Two year,Bank transfer,69.27,2598.69,No
CUST5044,Female,0,No,Yes,10,Yes,No,One year,Credit card,75.38,917.13,No
CUST5045,Female,0,Yes,Yes,56,Yes,DSL,Month-to-month,Bank transfer,,3411.4,No
CUST5046,Male,0,Yes,No,2,Yes,No,Month-to-month,Mailed check,,34.06,No
CUST5047,Female,0,No,Yes,36,Yes,Fiber optic,One year,Mailed check,114.17,4116.16,No
CUST5048,Female,0,No,No,24,No,DSL,One year,Mailed check,44.2,1352.39,No
CUST5049,Female,0,No,No,20,Yes,DSL,Two year,Bank transfer,54.79,1123.02,No
CUST5050,Male,0,Yes,Yes,41,Yes,Fiber optic,One year,Mailed check,73.27,,No
CUST5051,Female,1,No,Yes,0,Yes,DSL,Month-to-month,Mailed check,25.83,-57.66,No
CUST5052,Male,0,Yes,No,22,Yes,No,Month-to-month,Bank transfer,23.53,565.02,No
CUST5053,Female,0,No,No,23,Yes,DSL,One year,Bank transfer,57.05,1249.7,No
CUST5054,Female,0,No,No,46,No,DSL,Month-to-month,Electronic check,94.77,4305.89,No
CUST5055,Male,0,No,No,6,Yes,DSL,Month-to-month,Bank transfer,75.64,533.21,No
CUST5056,Female,0,No,No,37,Yes,DSL,One year,Electronic check,8.22,214.58,No
CUST5057,Male,0,No,Yes,46,Yes,Fiber optic,Month-to-month,Bank transfer,111.68,5018.08,No
CUST5058,Male,0,Yes,No,34,Yes,Fiber optic,Month-to-month,Credit card,93.92,3261.8,No
CUST5059,Male,0,Yes,Yes,61,Yes,No,One year,Mailed check,75.73,4570.71,Yes
CUST5060,Female,0,Yes,No,2,Yes,DSL,Month-to-month,Credit card,74.93,,No
CUST5061,Female,0,No,Yes,19,Yes,No,One year,Bank transfer,90.2,1533.69,No
CUST5062,Female,1,Yes,No,43,Yes,DSL,One year,Credit card,139.79,5884.04,Yes
CUST5063,Male,0,Yes,Yes,31,Yes,No,Month-to-month,Electronic check,96.42,3011.09,No
CUST5064,Female,1,No,Yes,25,Yes,DSL,Month-to-month,Bank transfer,78.89,1948.89,No
CUST5065,Male,0,No,No,47,Yes,Fiber optic,One year,Bank transfer,33.19,1650.85,No
CUST5066,Female,0,Yes,Yes,4,Yes,Fiber optic,Month-to-month,Credit card,74.94,209.79,No
CUST5067,Male,1,Yes,No,58,Yes,DSL,Month-to-month,Mailed check,,5388.99,No
CUST5068,Male,1,Yes,No,60,Yes,DSL,Two year,Bank transfer,66.54,3997.05,No
CUST5069,Male,0,Yes,Yes,48,Yes,Fiber optic,One year,Mailed check,54.32,2586.95,No
CUST5070,Female,0,Yes,Yes,29,Yes,DSL,Month-to-month,Credit card,,2571.44,No
CUST5071,Male,0,Yes,No,16,Yes,Fiber optic,Month-to-month,Credit card,40.36,537.18,No
CUST5072,Male,0,Yes,No,69,Yes,Fiber optic,Two year,Credit card,96.04,6677.99,No
CUST5073,Male,0,No,No,57,No,Fiber optic,One year,Electronic check,56.93,3358.92,Yes
CUST5074,Male,0,Yes,Yes,62,Yes,No,Month-to-month,Bank transfer,6.33,310.13,No
CUST5075,Male,1,No,Yes,60,Yes,DSL,One year,Credit card,56.36,3421.67,No
CUST5076,Male,0,No,No,62,Yes,DSL,Month-to-month,Credit card,68.29,4269.72,No
CUST5077,Female,0,No,Yes,14,Yes,DSL,Month-to-month,Electronic check,354.11098684210526,1270.86,No
CUST5078,Female,0,Yes,Yes,0,Yes,Fiber optic,Month-to-month,Bank transfer,83.11,0.15,No
CUST5079,Male,0,Yes,Yes,12,Yes,No,Month-to-month,Mailed check,31.29,517.31,No
CUST5080,Female,0,No,No,47,Yes,No,One year,Bank transfer,73.66,3673.05,No
CUST5081,Female,0,Yes,No,33,Yes,No,Month-to-month,Credit card,53.98,1843.85,No
CUST5082,Male,0,Yes,Yes,29,Yes,No,One year,Mailed check,59.19,1747.9,No
CUST5083,Male,1,No,Yes,18,Yes,No,Month-to-month,Electronic check,40.05,722.28,No
CUST5084,Male,0,Yes,No,63,Yes,DSL,Month-to-month,Electronic check,68.47,4182.26,Yes
CUST5085,Female,0,No,Yes,65,Yes,No,Month-to-month,Credit card,163.97,10515.31,No
CUST5086,Male,0,No,No,56,Yes,Fiber optic,Month-to-month,Mailed check,,6923.24,No
CUST5087,Female,1,No,No,43,Yes,DSL,Month-to-month,Bank transfer,40.04,1748.29,Yes
CUST5088,Male,0,No,No,11,Yes,DSL,Month-to-month,Credit card,71.98,772.51,No
CUST5089,Female,0,Yes,No,39,Yes,DSL,One year,Mailed check,60.58,2515.33,No
CUST5090,Male,0,No,No,23,Yes,Fiber optic,One year,Mailed check,74.26,1457.46,No
CUST5091,Male,0,Yes,No,10,Yes,Fiber optic,One year,Mailed check,97.49,978.97,No
CUST5092,Female,0,Yes,No,65,Yes,DSL,One year,Mailed check,66.12,4341.14,No
CUST5093,Female,0,Yes,Yes,0,Yes,Fiber optic,One year,Electronic check,48.63,89.77,No
CUST5094,Female,1,Yes,No,57,No,DSL,Month-to-month,Mailed check,104.69,5981.66,Yes
CUST5095,Female,0,No,Yes,27,Yes,No,Two year,Mailed check,32.98,926.94,No
CUST5096,Female,0,No,Yes,67,No,Fiber optic,Month-to-month,Credit card,75.68,5088.16,Yes
CUST5097,Female,0,No,Yes,58,Yes,No,One year,Electronic check,25.42,1518.34,Yes
CUST5098,Male,0,No,No,70,Yes,DSL,One year,Electronic check,39.22,2743.47,Yes
CUST5099,Female,0,No,Yes,21,Yes,No,Month-to-month,Electronic check,92.34,2150.76,No
CUST5100,Male,0,Yes,No,28,Yes,DSL,Two year,Bank transfer,49.62,1447.14,No
CUST5101,Male,0,No,No,68,Yes,Fiber optic,Month-to-month,Bank transfer,13.7,951.34,No
CUST5102,Female,0,Yes,Yes,44,Yes,Fiber optic,Month-to-month,Electronic check,48.32,2052.27,Yes
CUST5103,Male,1,Yes,Yes,69,Yes,Fiber optic,Month-to-month,Credit card,45.11,3078.36,Yes
CUST5104,Female,0,No,Yes,16,Yes,No,Month-to-month,Mailed check,32.13,665.09,No
CUST5105,Female,0,Yes,Yes,38,Yes,Fiber optic,One year,Mailed check,86.5,3038.5,No
CUST5106,Male,0,Yes,No,39,Yes,No,Month-to-month,Electronic check,23.6,926.08,Yes
CUST5107,Male,0,No,Yes,27,Yes,DSL,Two year,Electronic check,52.36,1411.23,No
CUST5108,Female,0,No,Yes,1,Yes,DSL,One year,Bank transfer,74.0,124.01,No
CUST5109,Female,0,No,Yes,26,Yes,Fiber optic,Month-to-month,Electronic check,59.72,1579.24,No
CUST5110,Male,1,Yes,Yes,20,Yes,DSL,Month-to-month,Bank transfer,57.87,1308.98,No
CUST5111,Male,0,No,Yes,6,Yes,No,Month-to-month,Electronic check,48.32,299.74,No
CUST5112,Male,1,No,No,60,Yes,Fiber optic,Two year,Mailed check,33.44,1999.99,No
CUST5113,Male,1,Yes,No,51,No,Fiber optic,One year,Electronic check,50.9,2691.08,No
CUST5114,Female,0,No,No,47,Yes,Fiber optic,Month-to-month,Mailed check,89.73,4370.59,No
CUST5115,Female,0,Yes,Yes,18,Yes,Fiber optic,Month-to-month,Electronic check,56.98,1094.32,No
CUST5116,Female,1,Yes,Yes,11,Yes,DSL,Month-to-month,Bank transfer,75.01,926.26,No
CUST5117,Female,1,No,No,70,Yes,Fiber optic,Month-to-month,Electronic check,103.51,7223.96,No
CUST5118,Male,0,Yes,No,1,Yes,Fiber optic,One year,Credit card,87.99,100.53,Yes
CUST5119,Male,0,Yes,No,16,Yes,No,One year,Mailed check,31.71,655.93,Yes
CUST5120,Female,0,No,No,2,Yes,DSL,Month-to-month,Mailed check,83.44,219.55,Yes
CUST5121,Female,1,No,Yes,20,Yes,Fiber optic,Two year,Mailed check,101.43,2004.4,No
CUST5122,Female,0,No,Yes,50,Yes,DSL,Month-to-month,Electronic check,52.53,2629.76,No
CUST5123,Female,0,Yes,Yes,9,Yes,DSL,Month-to-month,Credit card,22.43,305.59,No
CUST5124,Female,0,Yes,No,54,Yes,Fiber optic,One year,Credit card,56.78,3178.74,Yes
CUST5125,Female,0,No,No,35,Yes,DSL,Month-to-month,Bank transfer,75.64,2563.19,Yes
CUST5126,Female,0,No,No,50,Yes,Fiber optic,Month-to-month,Bank transfer,87.77,4424.76,No
CUST5127,Female,0,No,Yes,16,Yes,Fiber optic,Month-to-month,Bank transfer,54.38,869.3,No
CUST5128,Female,1,Yes,Yes,60,Yes,DSL,Month-to-month,Credit card,8.94,529.85,No
CUST5129,Male,0,No,No,12,Yes,Fiber optic,Month-to-month,Mailed check,31.71,513.55,Yes
CUST5130,Female,0,Yes,Yes,64,Yes,DSL,One year,Mailed check,80.8,5147.45,No
CUST5131,Male,0,No,No,47,Yes,No,Month-to-month,Bank transfer,129.72,6039.28,Yes
CUST5132,Male,0,Yes,No,69,Yes,DSL,Month-to-month,Bank transfer,69.34,4702.96,No
CUST5133,Female,0,Yes,No,46,No,DSL,Month-to-month,Electronic check,109.39,5014.49,No
CUST5134,Female,0,No,Yes,9,Yes,Fiber optic,Month-to-month,Electronic check,38.29,271.09,Yes
CUST5135,Male,0,Yes,No,56,Yes,No,Month-to-month,Credit card,50.57,2745.44,Yes
CUST5136,Male,0,Yes,No,12,Yes,No,Two year,Electronic check,,-86.48,Yes
CUST5137,Female,0,No,Yes,60,Yes,DSL,One year,Bank transfer,81.09,4782.35,No
CUST5138,Male,0,No,No,57,Yes,DSL,Month-to-month,Bank transfer,43.19,2385.75,Yes
CUST5139,Female,0,Yes,No,67,Yes,Fiber optic,One year,Bank transfer,87.97,5933.9,No
CUST5140,Female,0,Yes,Yes,28,Yes,No,Month-to-month,Mailed check,54.93,1342.04,No
CUST5141,Female,0,Yes,No,15,Yes,DSL,Month-to-month,Bank transfer,130.65,1889.57,No
CUST5142,Male,0,No,No,62,Yes,Fiber optic,One year,Electronic check,123.8,7665.59,No
CUST5143,Male,0,Yes,No,46,Yes,DSL,One year,Credit card,0.9,156.26,No
CUST5144,Female,0,Yes,Yes,42,Yes,DSL,Month-to-month,Electronic check,87.74,3660.49,Yes
CUST5145,Male,0,No,No,22,Yes,Fiber optic,Month-to-month,Mailed check,47.7,1034.07,No
CUST5146,Male,0,No,No,29,Yes,DSL,Month-to-month,Electronic check,89.41,2584.1,No
CUST5147,Male,0,No,No,56,Yes,DSL,Month-to-month,Electronic check,29.69,1480.27,No
CUST5148,Male,0,No,Yes,29,Yes,DSL,Month-to-month,Mailed check,113.24,3349.87,No
CUST5149,Male,0,No,Yes,66,Yes,Fiber optic,One year,Electronic check,100.92,6722.46,Yes
CUST5150,Male,0,Yes,Yes,55,Yes,DSL,Month-to-month,Mailed check,27.59,1598.9,No
CUST5151,Male,0,Yes,No,23,Yes,Fiber optic,Month-to-month,Electronic check,64.56,1735.46,No
CUST5152,Female,0,Yes,Yes,7,Yes,No,Month-to-month,Mailed check,74.87,394.24,No
CUST5153,Male,0,No,No,43,Yes,DSL,One year,Credit card,91.58,3789.14,No
CUST5154,Male,0,No,Yes,33,Yes,Fiber optic,Month-to-month,Credit card,69.64,2368.71,No
CUST5155,Male,0,No,Yes,34,No,No,Month-to-month,Mailed check,93.59,3148.31,No
CUST5156,Male,0,Yes,Yes,49,Yes,DSL,Month-to-month,Bank transfer,67.88,3227.56,No
CUST5157,Male,0,No,Yes,16,Yes,DSL,One year,Mailed check,88.35,1385.34,Yes
CUST5158,Male,0,No,No,1,Yes,DSL,Month-to-month,Electronic check,28.96,-32.87,No
CUST5159,Male,0,No,Yes,53,Yes,Fiber optic,Month-to-month,Bank transfer,69.22,3841.14,No
CUST5160,Male,1,Yes,No,43,Yes,Fiber optic,Month-to-month,Bank transfer,104.5,4719.68,No
CUST5161,Female,0,No,No,48,Yes,DSL,Month-to-month,Bank transfer,112.33,5228.28,No
CUST5162,Male,0,No,No,1,Yes,No,Month-to-month,Mailed check,75.19,-72.46,No
CUST5163,Male,0,Yes,Yes,71,Yes,Fiber optic,Month-to-month,Mailed check,67.03,4683.19,No
CUST5164,Male,0,No,Yes,69,Yes,DSL,Month-to-month,Bank transfer,111.04,7592.81,No
CUST5165,Male,0,No,No,8,Yes,Fiber optic,One year,Mailed check,66.97,458.23,Yes
CUST5166,Female,0,No,Yes,0,Yes,DSL,Month-to-month,Credit card,104.34,-19.42,No
CUST5167,Female,0,Yes,No,68,Yes,Fiber optic,One year,Electronic check,66.8,4497.72,No
CUST5168,Female,0,No,Yes,8,Yes,DSL,Month-to-month,Electronic check,71.2,434.24,No
CUST5169,Female,0,No,Yes,13,Yes,Fiber optic,Two year,Electronic check,36.86,376.5,No
CUST5170,Female,0,Yes,No,26,Yes,DSL,Two year,Mailed check,32.52,1000.15,No
CUST5171,Female,1,Yes,Yes,8,Yes,Fiber optic,One year,Electronic check,99.34,758.98,No
CUST5172,Female,0,No,No,35,Yes,DSL,Two year,Credit card,121.68,4217.94,No
CUST5173,Female,0,Yes,No,2,Yes,Fiber optic,Month-to-month,Electronic check,73.17,-5.7,No
CUST5174,Female,0,No,Yes,22,Yes,DSL,One year,Credit card,65.01,1383.9,Yes
CUST5175,Female,0,Yes,Yes,29,Yes,DSL,Month-to-month,Mailed check,100.68,3015.81,No
CUST5176,Female,0,No,Yes,18,Yes,DSL,One year,Mailed check,80.12,1501.72,Yes
CUST5177,Female,0,No,No,66,Yes,DSL,Month-to-month,Electronic check,1.95,209.81,No
CUST5178,Female,0,No,Yes,49,Yes,Fiber optic,Month-to-month,Bank transfer,99.81,4770.33,No
CUST5179,Female,0,Yes,Yes,47,Yes,No,Two year,Credit card,29.89,1282.87,No
CUST5180,Female,0,Yes,Yes,2,Yes,Fiber optic,Month-to-month,Bank transfer,69.65,252.64,Yes
CUST5181,Female,0,No,Yes,65,Yes,No,One year,Credit card,56.76,3772.03,No
CUST5182,Male,0,No,No,26,Yes,DSL,One year,Mailed check,50.78,1294.43,Yes
CUST5183,Female,0,No,Yes,39,Yes,DSL,Month-to-month,Mailed check,71.41,2870.29,Yes
CUST5184,Male,0,No,No,17,Yes,Fiber optic,Month-to-month,Credit card,96.81,1525.47,Yes
CUST5185,Female,0,Yes,Yes,26,Yes,No,Month-to-month,Credit card,70.94,1719.99,No
CUST5186,Female,0,Yes,Yes,10,Yes,Fiber optic,Two year,Mailed check,112.3,961.25,No
CUST5187,Male,0,No,Yes,38,Yes,DSL,Two year,Credit card,116.02,4444.91,No
CUST5188,Female,0,Yes,No,18,Yes,DSL,One year,Credit card,115.75,2105.17,No
CUST5189,Male,0,Yes,No,6,Yes,DSL,One year,Bank transfer,68.32,357.68,No
CUST5190,Male,0,Yes,Yes,56,No,DSL,Month-to-month,Electronic check,55.65,3038.36,No
CUST5191,Male,0,No,No,1,Yes,Fiber optic,Month-to-month,Bank transfer,68.99,310.44,No
CUST5192,Female,0,No,No,37,Yes,DSL,Month-to-month,Mailed check,103.76,3813.21,No
CUST5193,Female,0,Yes,Yes,4,Yes,No,Month-to-month,Bank transfer,101.96,546.65,No
CUST5194,Female,0,Yes,Yes,35,No,No,Month-to-month,Mailed check,7.86,260.47,Yes
CUST5195,Male,0,No,Yes,67,Yes,No,Month-to-month,Credit card,79.18,5254.99,No
CUST5196,Male,0,No,Yes,56,No,No,One year,Electronic check,1.04,199.91,Yes
CUST5197,Female,1,No,Yes,19,Yes,DSL,Month-to-month,Mailed check,69.43,1398.17,No
CUST5198,Female,0,Yes,Yes,4,Yes,No,Month-to-month,Electronic check,54.13,214.11,No
CUST5199,Female,0,Yes,No,23,Yes,DSL,Month-to-month,Electronic check,44.89,1145.84,Yes
CUST5200,Female,0,Yes,Yes,29,Yes,No,One year,Bank transfer,95.48,3020.95,Yes
CUST5201,Female,1,No,Yes,27,Yes,DSL,Month-to-month,Mailed check,50.58,1292.42,No
CUST5202,Male,0,No,Yes,52,Yes,Fiber optic,Month-to-month,Bank transfer,69.71,3672.09,No
CUST5203,Male,0,No,Yes,50,Yes,DSL,One year,Credit card,42.03,2060.58,No
CUST5204,Male,0,No,No,6,Yes,DSL,Month-to-month,Credit card,72.21,339.81,Yes
CUST5205,Female,0,No,No,41,Yes,No,Month-to-month,Mailed check,98.79,3954.16,Yes
CUST5206,Male,0,Yes,No,34,No,No,One year,Mailed check,,1643.67,No
CUST5207,Male,0,Yes,Yes,33,Yes,Fiber optic,Month-to-month,Credit card,89.2,,No
CUST5208,Male,0,Yes,Yes,53,Yes,Fiber optic,Month-to-month,Mailed check,71.69,3850.36,Yes
CUST5209,Male,0,No,No,28,Yes,Fiber optic,Month-to-month,Bank transfer,,1917.24,Yes
CUST5210,Male,0,Yes,No,9,Yes,DSL,Month-to-month,Bank transfer,59.49,712.66,No
CUST5211,Female,0,No,Yes,26,Yes,Fiber optic,Month-to-month,Mailed check,93.2,2395.89,No
CUST5212,Male,0,Yes,Yes,12,Yes,Fiber optic,Month-to-month,Bank transfer,90.13,1045.16,No
CUST5213,Female,0,Yes,Yes,41,No,Fiber optic,Two year,Mailed check,66.0,2862.95,No
CUST5214,Female,0,No,Yes,36,Yes,No,Month-to-month,Bank transfer,76.08,2826.56,No
CUST5215,Female,1,Yes,Yes,60,Yes,Fiber optic,Month-to-month,Bank transfer,92.29,5592.82,No
CUST5216,Female,0,Yes,No,20,Yes,Fiber optic,Month-to-month,Electronic check,86.25,1805.58,No
CUST5217,Female,0,Yes,Yes,2,Yes,No,Two year,Bank transfer,60.8,13.27,Yes
CUST5218,Male,0,Yes,No,7,No,No,One year,Mailed check,104.97,808.96,Yes
CUST5219,Male,1,Yes,Yes,69,Yes,No,Month-to-month,Bank transfer,95.92,6598.57,Yes
CUST5220,Female,0,Yes,No,16,Yes,Fiber optic,Month-to-month,Bank transfer,133.34,2169.53,No
CUST5221,Female,0,Yes,No,9,Yes,DSL,Month-to-month,Credit card,22.91,254.65,No
CUST5222,Female,0,No,No,12,Yes,DSL,Month-to-month,Mailed check,91.06,981.67,Yes
CUST5223,Male,0,Yes,Yes,11,Yes,DSL,Month-to-month,Bank transfer,104.56,1209.54,No
CUST5224,Female,0,No,Yes,65,Yes,Fiber optic,Month-to-month,Electronic check,100.16,6491.76,No
CUST5225,Male,1,Yes,Yes,22,Yes,DSL,Month-to-month,Credit card,62.42,1249.25,No
CUST5226,Female,0,No,No,64,No,Fiber optic,Month-to-month,Electronic check,29.11,,No
CUST5227,Male,0,No,No,51,Yes,No,Month-to-month,Electronic check,116.19,5927.69,No
CUST5228,Female,0,Yes,Yes,60,Yes,No,Month-to-month,Credit card,55.55,3392.36,No
CUST5229,Male,0,No,No,25,Yes,DSL,Month-to-month,Electronic check,61.14,1289.67,No
CUST5230,Female,0,No,No,14,Yes,DSL,Two year,Mailed check,132.0,1886.81,Yes
CUST5231,Male,0,Yes,No,21,Yes,No,One year,Mailed check,31.81,616.82,Yes
CUST5232,Male,0,No,No,64,Yes,Fiber optic,Two year,Electronic check,94.57,6133.47,No
CUST5233,Male,0,Yes,Yes,25,Yes,No,Month-to-month,Mailed check,47.39,1184.56,No
CUST5234,Male,0,No,No,20,Yes,No,Month-to-month,Bank transfer,46.73,901.26,Yes
CUST5235,Male,0,No,Yes,23,Yes,Fiber optic,One year,Bank transfer,75.03,1707.94,No
CUST5236,Male,1,No,No,15,Yes,DSL,Month-to-month,Bank transfer,90.29,1387.69,No
CUST5237,Male,0,No,No,31,No,Fiber optic,Month-to-month,Electronic check,98.51,,Yes
CUST5238,Female,0,Yes,Yes,15,Yes,Fiber optic,Month-to-month,Electronic check,102.44,1447.49,Yes
CUST5239,Female,0,Yes,No,41,Yes,DSL,Month-to-month,Mailed check,48.8,1966.43,No
CUST5240,Female,0,Yes,Yes,31,Yes,Fiber optic,One year,Mailed check,35.69,1253.32,No
CUST5241,Female,0,Yes,Yes,49,Yes,No,One year,Mailed check,59.72,2890.17,No
CUST5242,Female,0,Yes,Yes,40,Yes,DSL,Two year,Electronic check,80.42,3253.52,Yes
CUST5243,Male,0,No,Yes,23,Yes,No,Two year,Mailed check,63.83,1344.67,No
CUST5244,Male,0,Yes,Yes,12,Yes,Fiber optic,Month-to-month,Bank transfer,38.95,295.95,No
CUST5245,Male,0,No,Yes,9,Yes,No,Month-to-month,Bank transfer,15.18,32.6,Yes
CUST5246,Male,0,Yes,Yes,41,Yes,DSL,Month-to-month,Credit card,62.79,2505.4,No
CUST5247,Male,0,Yes,No,40,Yes,DSL,Month-to-month,Credit card,95.66,3930.39,No
CUST5248,Female,0,Yes,Yes,2,Yes,DSL,Month-to-month,Credit card,42.86,200.67,No
CUST5249,Female,0,Yes,No,54,Yes,DSL,Month-to-month,Bank transfer,91.99,4774.93,No
CUST5250,Female,0,No,No,15,Yes,DSL,Month-to-month,Electronic check,25.12,322.68,No
CUST5251,Female,0,Yes,No,43,Yes,No,One year,Mailed check,77.67,,No
CUST5252,Male,0,No,Yes,29,Yes,Fiber optic,Month-to-month,Mailed check,77.89,2248.27,Yes
CUST5253,Male,0,No,Yes,36,Yes,No,Month-to-month,Electronic check,84.06,3176.62,No
CUST5254,Male,0,Yes,No,59,Yes,Fiber optic,Month-to-month,Credit card,39.75,2412.6,No
CUST5255,Female,1,No,Yes,23,Yes,DSL,One year,Electronic check,23.57,515.34,No
CUST5256,Male,1,No,No,25,Yes,Fiber optic,One year,Bank transfer,91.78,2276.63,Yes
CUST5257,Female,0,Yes,No,57,Yes,No,Month-to-month,Electronic check,24.22,1374.86,Yes
CUST5258,Male,0,No,No,8,Yes,Fiber optic,Two year,Bank transfer,46.87,290.36,No
CUST5259,Male,0,Yes,Yes,60,Yes,DSL,Month-to-month,Bank transfer,111.75,6798.92,Yes
CUST5260,Female,0,Yes,No,18,Yes,No,One year,Credit card,75.1,1426.04,No
CUST5261,Male,0,No,Yes,27,Yes,DSL,Month-to-month,Mailed check,81.06,2234.05,Yes
CUST5262,Male,0,No,No,6,Yes,Fiber optic,Month-to-month,Credit card,88.74,556.7,No
CUST5263,Female,0,No,Yes,44,Yes,Fiber optic,Month-to-month,Bank transfer,87.67,3755.66,No
CUST5264,Male,1,No,No,62,Yes,DSL,Month-to-month,Credit card,69.36,4350.74,No
CUST5265,Female,0,No,Yes,36,Yes,DSL,Two year,Mailed check,42.96,1559.47,Yes
CUST5266,Male,0,No,No,15,Yes,No,One year,Credit card,150.52,2458.03,No
CUST5267,Male,0,No,Yes,4,Yes,No,Month-to-month,Bank transfer,61.22,115.55,Yes
CUST5268,Male,0,Yes,Yes,28,Yes,Fiber optic,Month-to-month,Mailed check,79.93,2165.71,Yes
CUST5269,Male,0,Yes,Yes,51,Yes,DSL,Month-to-month,Credit card,83.2,4084.54,No
CUST5270,Male,0,Yes,No,22,No,DSL,Month-to-month,Electronic check,54.01,1166.42,No
CUST5271,Male,0,No,No,5,Yes,DSL,Two year,Mailed check,57.23,112.06,Yes
CUST5272,Male,0,No,No,35,Yes,Fiber optic,Month-to-month,Credit card,114.65,4131.3,No
CUST5273,Male,0,No,Yes,56,Yes,DSL,Month-to-month,Electronic check,47.83,,No
CUST5274,Female,0,Yes,Yes,32,Yes,DSL,Two year,Mailed check,82.37,2619.88,No
CUST5275,Female,1,Yes,No,48,Yes,Fiber optic,Month-to-month,Electronic check,96.88,4548.87,No
CUST5276,Male,0,Yes,No,40,Yes,Fiber optic,Month-to-month,Credit card,63.58,2390.79,No
CUST5277,Male,1,No,Yes,54,Yes,No,Month-to-month,Electronic check,67.18,3557.33,No
CUST5278,Female,0,Yes,No,25,Yes,Fiber optic,Month-to-month,Electronic check,98.71,2530.29,No
CUST5279,Male,0,Yes,Yes,36,Yes,Fiber optic,Month-to-month,Bank transfer,65.88,2292.97,Yes
CUST5280,Male,0,No,Yes,16,Yes,DSL,Month-to-month,Electronic check,7.68,313.74,No
CUST5281,Female,0,Yes,Yes,31,Yes,Fiber optic,One year,Mailed check,,3717.79,No
CUST5282,Male,1,Yes,No,27,Yes,Fiber optic,One year,Electronic check,40.74,1100.06,No
CUST5283,Male,0,Yes,Yes,24,Yes,Fiber optic,One year,Electronic check,76.46,1788.85,No
CUST5284,Female,0,No,No,46,Yes,Fiber optic,Two year,Mailed check,30.47,1344.7,No
CUST5285,Male,0,Yes,Yes,21,Yes,Fiber optic,Month-to-month,Credit card,54.67,1307.91,No
CUST5286,Male,0,No,No,60,Yes,No,Month-to-month,Credit card,56.91,3348.93,No
CUST5287,Female,0,No,No,43,Yes,Fiber optic,One year,Electronic check,75.23,3328.33,Yes
CUST5288,Male,0,Yes,Yes,19,Yes,Fiber optic,Month-to-month,Mailed check,43.69,832.29,No
CUST5289,Female,0,Yes,Yes,49,Yes,Fiber optic,Month-to-month,Electronic check,129.49,6416.37,No
CUST5290,Male,0,No,Yes,46,Yes,DSL,Month-to-month,Mailed check,,3172.0,No
CUST5291,Male,1,No,Yes,46,Yes,Fiber optic,One year,Mailed check,96.43,4402.49,No
CUST5292,Female,0,No,No,71,Yes,No,Month-to-month,Credit card,69.73,4948.41,No
CUST5293,Female,0,No,No,50,Yes,DSL,Month-to-month,Electronic check,99.92,4932.86,No
CUST5294,Male,0,No,No,54,No,DSL,Month-to-month,Electronic check,6.98,501.84,No
CUST5295,Female,0,Yes,No,38,Yes,Fiber optic,One year,Electronic check,48.86,1780.25,No
CUST5296,Female,0,No,No,13,Yes,DSL,Month-to-month,Electronic check,54.35,648.85,No
CUST5297,Male,0,Yes,Yes,68,Yes,Fiber optic,Month-to-month,Electronic check,54.1,3814.67,No
CUST5298,Male,0,No,Yes,46,Yes,DSL,One year,Electronic check,85.56,4052.25,No
CUST5299,Male,0,Yes,No,20,Yes,Fiber optic,One year,Bank transfer,87.61,1911.0,No
CUST5300,Female,0,No,Yes,14,Yes,Fiber optic,Month-to-month,Electronic check,67.78,758.09,Yes
CUST5301,Female,0,Yes,Yes,0,Yes,Fiber optic,Month-to-month,Bank transfer,68.52,20.07,No
CUST5302,Female,0,Yes,Yes,9,Yes,DSL,Month-to-month,Bank transfer,143.22,1298.01,No
CUST5303,Female,0,No,Yes,22,Yes,DSL,Two year,Bank transfer,79.74,1698.11,Yes
CUST5304,Male,1,No,Yes,17,Yes,DSL,Month-to-month,Electronic check,3.24,87.53,Yes
CUST5305,Female,0,Yes,Yes,57,Yes,Fiber optic,Month-to-month,Mailed check,93.1,5274.56,Yes
CUST5306,Male,0,Yes,No,51,No,DSL,Month-to-month,Credit card,,4441.98,No
CUST5307,Female,0,Yes,Yes,45,Yes,Fiber optic,One year,Mailed check,104.78,5055.29,No
CUST5308,Male,0,No,Yes,12,Yes,Fiber optic,One year,Mailed check,87.95,1087.11,No
CUST5309,Male,0,No,No,16,Yes,DSL,Month-to-month,Electronic check,42.86,721.67,No
CUST5310,Male,0,No,No,66,Yes,DSL,Month-to-month,Mailed check,96.7,6464.32,No
CUST5311,Female,0,No,No,60,Yes,DSL,Two year,Mailed check,72.98,4396.86,No
CUST5312,Male,0,Yes,Yes,64,Yes,Fiber optic,One year,Electronic check,101.38,6378.52,No
CUST5313,Male,0,No,No,52,Yes,DSL,Two year,Electronic check,116.44,5890.21,Yes
CUST5314,Female,0,No,Yes,4,Yes,DSL,One year,Credit card,66.34,262.43,No
CUST5315,Male,0,No,No,31,Yes,DSL,Month-to-month,Credit card,96.27,2957.46,No
CUST5316,Female,0,No,Yes,44,Yes,No,Month-to-month,Bank transfer,101.01,4248.08,No
CUST5317,Female,0,No,Yes,55,Yes,Fiber optic,One year,Credit card,74.76,4274.74,No
CUST5318,Male,0,Yes,No,4,No,No,Month-to-month,Electronic check,128.74,525.66,No
CUST5319,Male,0,No,Yes,33,Yes,DSL,Month-to-month,Mailed check,101.37,3489.15,Yes
CUST5320,Female,0,Yes,Yes,60,No,DSL,Month-to-month,Electronic check,52.44,2923.21,No
CUST5321,Male,0,No,Yes,61,Yes,DSL,Two year,Electronic check,77.8,4891.65,Yes
CUST5322,Female,1,No,Yes,68,Yes,No,Month-to-month,Mailed check,95.81,6466.56,Yes
CUST5323,Female,0,No,No,62,No,DSL,Month-to-month,Credit card,127.6,8037.12,No
CUST5324,Female,0,No,No,43,Yes,Fiber optic,One year,Mailed check,,3832.58,No
CUST5325,Male,1,Yes,No,27,Yes,DSL,Two year,Electronic check,78.68,2169.69,No
CUST5326,Female,0,Yes,Yes,69,Yes,Fiber optic,Two year,Credit card,107.91,7491.24,No
CUST5327,Male,0,No,No,12,Yes,DSL,Month-to-month,Electronic check,63.42,718.53,No
CUST5328,Male,0,Yes,No,42,Yes,Fiber optic,Month-to-month,Electronic check,40.3,1627.95,No
CUST5329,Male,0,Yes,Yes,29,Yes,No,Month-to-month,Credit card,91.11,,No
CUST5330,Male,0,No,No,25,Yes,Fiber optic,Two year,Mailed check,58.65,1319.06,No
CUST5331,Female,0,Yes,No,62,Yes,Fiber optic,Month-to-month,Bank transfer,151.47,9343.07,Yes
CUST5332,Male,0,Yes,No,56,Yes,Fiber optic,One year,Credit card,77.59,4275.36,No
CUST5333,Female,0,No,Yes,63,Yes,No,Month-to-month,Electronic check,91.3,5602.31,No
CUST5334,Female,0,No,No,48,Yes,DSL,Month-to-month,Electronic check,,2501.07,No
CUST5335,Male,1,Yes,No,51,Yes,DSL,Month-to-month,Credit card,107.94,5505.71,No
CUST5336,Female,0,No,No,62,Yes,Fiber optic,One year,Electronic check,69.19,4314.38,No
CUST5337,Female,0,No,Yes,12,Yes,Fiber optic,Two year,Bank transfer,66.26,864.87,No
CUST5338,Male,0,No,Yes,44,Yes,No,One year,Credit card,66.98,2923.33,No
CUST5339,Female,1,Yes,No,45,Yes,Fiber optic,Month-to-month,Electronic check,31.26,1312.83,No
CUST5340,Female,0,No,No,40,Yes,Fiber optic,One year,Bank transfer,62.48,2529.59,Yes
CUST5341,Female,0,No,No,45,Yes,DSL,One year,Electronic check,86.38,3594.88,No
CUST5342,Female,1,Yes,Yes,0,Yes,Fiber optic,Month-to-month,Credit card,23.64,-10.81,No
CUST5343,Male,0,Yes,Yes,67,Yes,Fiber optic,Two year,Mailed check,100.65,6820.07,Yes
CUST5344,Female,1,Yes,No,11,Yes,Fiber optic,Month-to-month,Bank transfer,61.95,786.14,No
CUST5345,Female,0,Yes,No,34,Yes,DSL,Two year,Credit card,77.34,2576.62,No
CUST5346,Female,0,Yes,Yes,32,Yes,No,One year,Credit card,2.98,-128.78,No
CUST5347,Female,1,No,Yes,57,Yes,DSL,Month-to-month,Credit card,76.75,4111.42,No
CUST5348,Male,0,Yes,No,34,Yes,DSL,Month-to-month,Mailed check,38.71,1379.95,No
CUST5349,Female,0,No,Yes,45,Yes,No,Month-to-month,Electronic check,59.46,2640.3,No
CUST5350,Male,0,Yes,No,65,No,Fiber optic,Month-to-month,Mailed check,22.98,1695.43,No
CUST5351,Female,1,No,No,43,Yes,Fiber optic,Month-to-month,Credit card,43.54,1731.11,No
CUST5352,Male,0,No,Yes,25,No,No,One year,Bank transfer,65.09,1661.48,No
CUST5353,Male,0,Yes,No,41,Yes,DSL,Month-to-month,Electronic check,61.85,2702.09,No
CUST5354,Male,0,Yes,No,29,Yes,DSL,Month-to-month,Mailed check,96.54,2820.31,Yes
CUST5355,Male,0,Yes,No,31,Yes,Fiber optic,Two year,Bank transfer,13.96,273.57,No
CUST5356,Male,0,Yes,No,35,Yes,DSL,Month-to-month,Credit card,68.46,2673.36,No
CUST5357,Female,0,Yes,No,18,Yes,No,Two year,Bank transfer,67.03,1364.6,No
CUST5358,Female,0,Yes,No,21,No,No,Month-to-month,Bank transfer,56.27,1158.95,No
CUST5359,Female,0,No,No,64,No,DSL,One year,Credit card,42.6,2808.3,No
CUST5360,Male,0,No,Yes,56,Yes,No,Month-to-month,Mailed check,103.07,5854.89,No
CUST5361,Female,0,No,Yes,10,Yes,DSL,One year,Credit card,131.43,1378.48,No
CUST5362,Male,0,No,No,25,Yes,Fiber optic,One year,Bank transfer,18.58,326.33,No
CUST5363,Male,1,No,Yes,47,Yes,No,Two year,Credit card,42.27,2019.11,No
CUST5364,Female,0,Yes,No,18,Yes,No,Month-to-month,Electronic check,39.87,,Yes
CUST5365,Female,0,Yes,No,11,Yes,DSL,Month-to-month,Electronic check,61.55,727.5,Yes
CUST5366,Male,0,No,Yes,66,Yes,DSL,Two year,Bank transfer,107.68,7146.6,No
CUST5367,Male,0,No,No,55,Yes,DSL,Month-to-month,Credit card,85.83,4666.97,No
CUST5368,Female,0,Yes,No,17,Yes,Fiber optic,Month-to-month,Bank transfer,65.38,1021.06,No
CUST5369,Female,0,Yes,Yes,4,Yes,Fiber optic,Month-to-month,Credit card,354.11098684210526,124.71,No
CUST5370,Female,0,Yes,Yes,23,Yes,DSL,Month-to-month,Electronic check,60.43,1465.64,No
CUST5371,Female,1,Yes,Yes,37,Yes,Fiber optic,Month-to-month,Electronic check,92.16,3387.83,No
CUST5372,Male,0,No,Yes,66,No,No,Month-to-month,Bank transfer,,6189.32,Yes
CUST5373,Female,0,No,Yes,69,Yes,Fiber optic,Month-to-month,Electronic check,87.74,6151.7,No
CUST5374,Female,0,Yes,Yes,51,No,DSL,Month-to-month,Bank transfer,4.1,150.41,No
CUST5375,Female,1,Yes,No,38,Yes,No,Month-to-month,Mailed check,70.39,2589.03,Yes
CUST5376,Male,0,No,Yes,58,Yes,DSL,One year,Bank transfer,64.4,3685.58,No
CUST5377,Male,0,No,Yes,25,Yes,Fiber optic,Two year,Credit card,99.74,2474.19,No
CUST5378,Male,0,No,No,64,Yes,DSL,Month-to-month,Credit card,77.17,4984.68,No
CUST5379,Male,0,Yes,No,47,Yes,Fiber optic,One year,Credit card,86.7,3987.37,No
CUST5380,Female,0,No,Yes,52,Yes,Fiber optic,Two year,Bank transfer,55.14,2968.32,No
CUST5381,Male,0,Yes,No,8,Yes,Fiber optic,One year,Mailed check,98.18,833.86,No
CUST5382,Female,0,Yes,No,4,Yes,Fiber optic,Two year,Bank transfer,107.01,376.57,No
CUST5383,Female,0,Yes,No,71,Yes,DSL,Month-to-month,Bank transfer,21.19,1488.51,Yes
CUST5384,Female,0,No,No,60,No,Fiber optic,One year,Mailed check,31.11,1824.34,No
CUST5385,Female,0,No,No,20,Yes,Fiber optic,One year,Electronic check,92.87,1863.99,Yes
CUST5386,Male,0,Yes,No,62,Yes,DSL,Month-to-month,Electronic check,64.83,4171.45,No
CUST5387,Male,0,No,No,19,No,No,One year,Electronic check,100.86,1873.05,Yes
CUST5388,Male,0,Yes,Yes,57,No,No,Month-to-month,Electronic check,77.25,4422.2,No
CUST5389,Female,0,No,No,44,Yes,No,Month-to-month,Electronic check,90.79,3924.9,No
CUST5390,Female,0,Yes,Yes,21,Yes,Fiber optic,Month-to-month,Mailed check,47.58,1052.38,No
CUST5391,Female,0,Yes,No,62,Yes,DSL,One year,Mailed check,80.19,4999.42,Yes
CUST5392,Female,0,No,No,29,Yes,Fiber optic,One year,Bank transfer,80.28,2461.08,No
CUST5393,Female,1,No,Yes,62,Yes,No,Month-to-month,Electronic check,49.33,2975.54,No
CUST5394,Male,0,Yes,No,43,Yes,DSL,Month-to-month,Credit card,100.05,4371.21,No
CUST5395,Female,0,No,No,66,Yes,Fiber optic,Month-to-month,Mailed check,13.14,993.65,No
CUST5396,Male,0,Yes,Yes,57,Yes,DSL,Month-to-month,Mailed check,76.23,4301.35,No
CUST5397,Female,0,Yes,No,64,Yes,DSL,Two year,Electronic check,31.18,1982.82,No
CUST5398,Female,0,Yes,No,35,Yes,DSL,Two year,Credit card,39.33,1395.62,No
CUST5399,Male,0,Yes,Yes,5,Yes,No,One year,Credit card,99.58,474.24,No
CUST5400,Male,1,Yes,Yes,36,Yes,Fiber optic,Two year,Mailed check,37.0,1349.73,No
CUST5401,Female,0,Yes,No,54,Yes,DSL,Two year,Bank transfer,35.74,1997.3,No
CUST5402,Female,1,Yes,Yes,58,Yes,Fiber optic,Month-to-month,Credit card,87.41,5058.38,Yes
CUST5403,Female,0,Yes,No,37,Yes,DSL,Month-to-month,Bank transfer,36.68,1344.98,No
CUST5404,Female,0,No,No,24,Yes,Fiber optic,Month-to-month,Electronic check,100.55,2439.87,No
CUST5405,Male,0,No,Yes,32,Yes,No,Month-to-month,Electronic check,89.34,2818.96,No
CUST5406,Female,0,Yes,Yes,12,Yes,Fiber optic,One year,Electronic check,46.67,525.07,No
CUST5407,Male,0,Yes,Yes,37,Yes,Fiber optic,Month-to-month,Bank transfer,99.41,3588.28,Yes
CUST5408,Female,0,Yes,Yes,57,Yes,Fiber optic,Two year,Mailed check,11.84,670.67,No
CUST5409,Male,0,No,No,19,Yes,Fiber optic,Month-to-month,Bank transfer,84.17,1644.0,Yes
CUST5410,Male,1,Yes,Yes,16,Yes,Fiber optic,One year,Electronic check,32.61,494.85,No
CUST5411,Female,0,Yes,Yes,23,Yes,No,Month-to-month,Credit card,54.3,1171.55,No
CUST5412,Male,0,Yes,No,25,Yes,Fiber optic,Month-to-month,Mailed check,56.24,1396.38,No
CUST5413,Female,1,No,No,39,Yes,No,One year,Bank transfer,108.44,4268.87,Yes
CUST5414,Male,0,No,No,31,Yes,No,One year,Credit card,54.96,1716.56,Yes
CUST5415,Female,0,No,No,36,Yes,Fiber optic,Two year,Credit card,67.64,2657.99,Yes
CUST5416,Male,0,Yes,No,59,Yes,No,One year,Electronic check,56.85,,No
CUST5417,Female,0,Yes,No,56,Yes,DSL,Month-to-month,Electronic check,40.52,2254.09,No
CUST5418,Female,0,No,No,57,Yes,Fiber optic,Month-to-month,Credit card,39.09,2306.06,No
CUST5419,Male,0,Yes,No,66,Yes,Fiber optic,Two year,Mailed check,79.26,5161.69,No
CUST5420,Male,0,No,No,21,Yes,Fiber optic,Month-to-month,Bank transfer,69.21,1646.23,Yes
CUST5421,Male,0,No,Yes,57,Yes,No,One year,Mailed check,92.88,5294.62,Yes
CUST5422,Male,0,Yes,Yes,48,Yes,DSL,Month-to-month,Mailed check,62.74,3067.63,No
CUST5423,Female,0,Yes,No,48,Yes,DSL,Month-to-month,Bank transfer,63.71,3059.98,Yes
CUST5424,Male,0,Yes,Yes,41,Yes,No,Month-to-month,Bank transfer,92.97,3913.63,Yes
CUST5425,Female,0,Yes,No,39,Yes,DSL,Two year,Bank transfer,58.84,2188.48,No
CUST5426,Male,0,No,No,70,Yes,DSL,Two year,Mailed check,26.81,2033.88,No
CUST5427,Female,0,No,No,45,Yes,DSL,Two year,Mailed check,95.43,4317.52,Yes
CUST5428,Female,0,No,No,21,Yes,Fiber optic,Month-to-month,Bank transfer,49.69,1109.34,Yes
CUST5429,Female,0,No,Yes,20,Yes,Fiber optic,Month-to-month,Credit card,72.01,1366.36,No
CUST5430,Female,1,No,Yes,50,Yes,No,Two year,Credit card,51.2,2593.72,No
CUST5431,Male,0,No,No,13,Yes,DSL,Month-to-month,Bank transfer,40.82,433.86,Yes
CUST5432,Male,0,Yes,Yes,8,Yes,No,Month-to-month,Mailed check,,,No
CUST5433,Female,0,No,Yes,17,Yes,DSL,Month-to-month,Bank transfer,80.17,1233.91,No
CUST5434,Male,0,Yes,No,12,Yes,DSL,Month-to-month,Electronic check,31.82,397.26,Yes
CUST5435,Male,0,Yes,No,16,Yes,Fiber optic,Month-to-month,Credit card,108.95,1704.36,No
CUST5436,Female,0,No,Yes,24,Yes,DSL,Two year,Credit card,100.96,2266.78,No
CUST5437,Male,0,No,Yes,53,Yes,DSL,Two year,Credit card,42.71,2170.09,No
CUST5438,Male,1,Yes,No,15,No,DSL,Month-to-month,Bank transfer,117.65,1809.71,No
CUST5439,Male,0,Yes,No,23,Yes,DSL,Month-to-month,Electronic check,131.82,2942.2,No
CUST5440,Female,0,No,Yes,22,No,No,One year,Credit card,61.8,1292.68,No
CUST5441,Male,0,No,No,40,Yes,DSL,Month-to-month,Electronic check,82.33,3330.53,Yes
CUST5442,Female,0,Yes,No,32,Yes,No,Two year,Mailed check,74.09,2462.36,Yes
CUST5443,Male,1,No,No,41,Yes,No,Month-to-month,Mailed check,115.41,4797.89,No
CUST5444,Male,1,No,Yes,47,Yes,DSL,Month-to-month,Credit card,28.22,1321.68,Yes
CUST5445,Male,0,No,Yes,17,Yes,Fiber optic,One year,Mailed check,63.18,1095.82,No
CUST5446,Female,1,No,No,62,Yes,Fiber optic,One year,Bank transfer,,6061.83,No
CUST5447,Female,0,No,Yes,10,Yes,No,Month-to-month,Mailed check,94.41,840.46,No
CUST5448,Male,1,Yes,No,23,Yes,No,Month-to-month,Bank transfer,68.72,1608.5,No
CUST5449,Female,0,No,Yes,60,Yes,Fiber optic,Month-to-month,Mailed check,111.77,6601.67,Yes
CUST5450,Male,0,No,Yes,63,Yes,DSL,Month-to-month,Electronic check,77.0,4912.43,No
CUST5451,Female,0,Yes,Yes,35,Yes,Fiber optic,Month-to-month,Mailed check,73.41,2582.86,No
CUST5452,Female,0,Yes,No,52,Yes,No,Two year,Electronic check,90.91,4510.9,Yes
CUST5453,Male,0,No,No,46,Yes,Fiber optic,Month-to-month,Bank transfer,68.17,3233.73,No
CUST5454,Male,0,No,No,51,Yes,No,Month-to-month,Mailed check,71.51,3594.81,No
CUST5455,Male,0,Yes,Yes,56,Yes,Fiber optic,One year,Mailed check,46.38,2536.8,No
CUST5456,Male,0,No,No,22,Yes,DSL,Month-to-month,Electronic check,158.0,3571.59,No
CUST5457,Female,0,No,No,58,Yes,No,Two year,Mailed check,55.8,3220.07,No
CUST5458,Female,1,No,No,68,Yes,No,One year,Bank transfer,91.88,6307.58,Yes
CUST5459,Female,0,Yes,No,55,Yes,DSL,Month-to-month,Electronic check,127.26,,No
CUST5460,Male,1,No,Yes,41,No,DSL,Two year,Bank transfer,29.72,1298.89,No
CUST5461,Male,0,No,No,17,Yes,Fiber optic,Month-to-month,Credit card,88.34,1521.5,No
CUST5462,Female,0,Yes,No,70,Yes,Fiber optic,One year,Bank transfer,70.69,4988.79,No
CUST5463,Male,0,No,Yes,32,Yes,DSL,Two year,Electronic check,123.84,3945.03,No
CUST5464,Female,0,No,No,2,Yes,DSL,Two year,Bank transfer,,248.42,No
CUST5465,Female,0,No,Yes,27,Yes,Fiber optic,Month-to-month,Mailed check,47.43,1467.65,No
CUST5466,Female,0,No,Yes,0,Yes,DSL,Month-to-month,Bank transfer,68.5,-220.37,No
CUST5467,Female,0,Yes,Yes,62,Yes,DSL,Month-to-month,Mailed check,55.19,3514.42,Yes
CUST5468,Female,0,Yes,No,46,Yes,Fiber optic,One year,Electronic check,56.22,2478.15,No
CUST5469,Male,0,No,Yes,36,Yes,No,Two year,Mailed check,130.85,4761.57,No
CUST5470,Male,0,No,Yes,47,Yes,Fiber optic,Month-to-month,Bank transfer,73.81,3291.3,No
CUST5471,Male,0,No,Yes,18,Yes,Fiber optic,Month-to-month,Credit card,354.11098684210526,876.6,No
CUST5472,Female,0,No,No,13,Yes,Fiber optic,One year,Mailed check,58.3,674.28,No
CUST5473,Female,0,Yes,Yes,66,Yes,Fiber optic,Month-to-month,Credit card,82.15,5376.02,No
CUST5474,Female,0,Yes,Yes,64,Yes,DSL,Month-to-month,Credit card,80.12,5084.47,No
CUST5475,Female,0,Yes,Yes,25,Yes,DSL,Month-to-month,Credit card,52.68,1243.54,No
CUST5476,Male,0,No,No,9,Yes,DSL,Month-to-month,Credit card,21.16,119.7,No
CUST5477,Male,0,No,Yes,69,Yes,No,Two year,Bank transfer,68.48,4685.32,No
CUST5478,Female,0,No,Yes,42,No,No,Two year,Mailed check,67.67,2826.75,Yes
CUST5479,Female,0,Yes,No,69,Yes,Fiber optic,Month-to-month,Electronic check,50.62,3525.09,Yes
CUST5480,Female,0,Yes,No,71,Yes,No,Two year,Electronic check,108.39,7881.76,Yes
CUST5481,Male,0,Yes,No,58,No,No,Month-to-month,Mailed check,87.24,4965.23,No
CUST5482,Male,0,Yes,Yes,2,No,No,Two year,Electronic check,74.04,160.75,No
CUST5483,Male,0,Yes,Yes,4,Yes,DSL,Month-to-month,Mailed check,59.18,313.99,No
CUST5484,Female,0,No,Yes,36,Yes,Fiber optic,One year,Bank transfer,121.99,4320.75,Yes
CUST5485,Female,0,No,Yes,51,Yes,Fiber optic,Month-to-month,Mailed check,35.37,1578.14,No
CUST5486,Male,0,No,No,65,Yes,Fiber optic,Month-to-month,Bank transfer,55.1,3390.57,No
CUST5487,Female,0,Yes,Yes,62,Yes,DSL,Two year,Mailed check,56.43,3276.61,No
CUST5488,Male,1,No,No,6,Yes,Fiber optic,Month-to-month,Credit card,78.97,627.83,No
CUST5489,Female,0,No,Yes,52,Yes,Fiber optic,Two year,Credit card,89.83,4732.58,No
CUST5490,Male,0,Yes,Yes,5,Yes,No,Month-to-month,Bank transfer,29.9,225.1,No
CUST5491,Female,0,Yes,Yes,6,Yes,Fiber optic,Month-to-month,Electronic check,49.46,394.9,No
CUST5492,Male,0,Yes,No,43,Yes,DSL,Two year,Credit card,83.43,3529.94,No
CUST5493,Male,0,No,No,17,Yes,DSL,Month-to-month,Mailed check,50.05,1081.15,No
CUST5494,Male,0,Yes,No,53,Yes,Fiber optic,Month-to-month,Electronic check,57.95,3104.9,No
CUST5495,Male,0,No,No,28,Yes,Fiber optic,Month-to-month,Electronic check,75.18,2097.76,Yes
CUST5496,Male,0,No,Yes,24,Yes,Fiber optic,Month-to-month,Bank transfer,40.6,1085.4,No
CUST5497,Male,0,Yes,Yes,62,Yes,Fiber optic,Month-to-month,Electronic check,78.33,4923.19,No
CUST5498,Female,1,No,Yes,67,Yes,No,Month-to-month,Bank transfer,88.38,6054.96,No
CUST5499,Female,0,Yes,Yes,12,Yes,DSL,One year,Credit card,71.15,993.18,No
CUST5500,Female,1,Yes,Yes,31,Yes,Fiber optic,One year,Credit card,112.76,3460.24,No
CUST5501,Male,1,No,No,26,Yes,No,Two year,Electronic check,91.76,2404.46,No
CUST5502,Male,0,No,No,50,Yes,No,One year,Electronic check,68.77,3347.58,No
CUST5503,Female,0,No,Yes,33,Yes,DSL,Month-to-month,Mailed check,60.36,1829.05,No
CUST5504,Male,0,Yes,Yes,27,Yes,DSL,Month-to-month,Mailed check,122.64,3394.96,No
CUST5505,Male,0,No,Yes,71,Yes,DSL,Month-to-month,Bank transfer,50.16,3657.06,No
CUST5506,Male,0,Yes,Yes,29,Yes,No,Month-to-month,Electronic check,61.83,1594.85,No
CUST5507,Male,0,Yes,No,8,Yes,Fiber optic,Month-to-month,Electronic check,57.71,,No
CUST5508,Male,0,No,Yes,12,Yes,Fiber optic,One year,Mailed check,81.93,988.77,No
CUST5509,Female,0,No,Yes,63,Yes,DSL,Two year,Bank transfer,137.65,8687.09,No
CUST5510,Female,0,No,Yes,37,Yes,DSL,One year,Mailed check,77.4,3068.3,No
CUST5511,Female,0,No,Yes,21,Yes,Fiber optic,Month-to-month,Electronic check,60.34,1204.45,Yes
CUST5512,Female,0,Yes,No,30,Yes,Fiber optic,Month-to-month,Bank transfer,75.66,2252.67,No
CUST5513,Female,0,No,Yes,41,Yes,Fiber optic,One year,Credit card,30.61,,Yes
CUST5514,Male,0,Yes,No,61,Yes,DSL,One year,Electronic check,64.37,3891.55,No
CUST5515,Male,0,No,No,63,Yes,DSL,One year,Mailed check,121.12,7580.06,No
CUST5516,Male,0,No,Yes,8,Yes,No,Month-to-month,Bank transfer,89.86,660.17,Yes
CUST5517,Male,0,No,Yes,43,Yes,DSL,One year,Mailed check,106.93,4621.29,No
CUST5518,Female,0,Yes,Yes,62,Yes,No,One year,Credit card,100.4,6207.23,Yes
CUST5519,Female,0,No,Yes,39,Yes,DSL,Month-to-month,Electronic check,48.74,1969.11,Yes
CUST5520,Female,0,Yes,Yes,40,No,DSL,Month-to-month,Electronic check,127.36,5130.15,No
CUST5521,Male,0,No,No,71,Yes,Fiber optic,One year,Mailed check,16.72,895.58,Yes
CUST5522,Female,1,No,No,49,Yes,No,Month-to-month,Electronic check,79.97,3743.38,No
CUST5523,Male,0,Yes,No,19,Yes,DSL,One year,Mailed check,8.21,105.91,No
CUST5524,Female,0,Yes,No,69,Yes,Fiber optic,Month-to-month,Mailed check,18.6,1381.4,Yes
CUST5525,Female,0,No,No,41,Yes,Fiber optic,Month-to-month,Bank transfer,98.07,3955.7,No
CUST5526,Male,0,No,Yes,32,Yes,DSL,Month-to-month,Credit card,49.26,1613.78,Yes
CUST5527,Male,0,Yes,Yes,62,Yes,DSL,Month-to-month,Electronic check,107.35,,No
CUST5528,Female,0,No,No,56,Yes,No,Month-to-month,Electronic check,4.77,321.15,No
CUST5529,Female,1,Yes,Yes,64,Yes,DSL,Two year,Mailed check,67.34,4255.02,No
CUST5530,Male,0,No,Yes,51,Yes,Fiber optic,One year,Credit card,33.52,1594.71,No
CUST5531,Female,0,Yes,No,5,Yes,No,Two year,Bank transfer,60.14,169.48,No
CUST5532,Female,0,Yes,No,6,Yes,DSL,Month-to-month,Mailed check,116.45,995.79,No
CUST5533,Male,0,Yes,No,8,Yes,DSL,Month-to-month,Credit card,123.75,1035.54,No
CUST5534,Female,0,Yes,Yes,60,Yes,DSL,Month-to-month,Electronic check,85.39,5307.46,No
CUST5535,Male,0,Yes,No,33,Yes,DSL,Month-to-month,Bank transfer,22.16,647.97,Yes
CUST5536,Female,0,No,No,34,Yes,DSL,Month-to-month,Bank transfer,33.8,1274.03,No
CUST5537,Male,0,No,Yes,19,Yes,Fiber optic,One year,Mailed check,74.8,1373.52,Yes
CUST5538,Female,0,No,Yes,57,Yes,Fiber optic,Month-to-month,Mailed check,45.82,2608.85,Yes
CUST5539,Male,0,No,No,59,Yes,Fiber optic,Month-to-month,Bank transfer,89.74,5266.02,No
CUST5540,Female,0,No,Yes,53,Yes,No,Month-to-month,Electronic check,120.28,6286.9,No
CUST5541,Male,0,No,No,34,Yes,DSL,Month-to-month,Electronic check,40.52,1291.26,Yes
CUST5542,Female,0,No,Yes,46,Yes,DSL,One year,Bank transfer,43.15,1980.99,Yes
CUST5543,Female,1,No,No,45,Yes,DSL,One year,Mailed check,34.59,1497.84,No
CUST5544,Female,0,No,Yes,3,Yes,DSL,Month-to-month,Mailed check,62.37,199.78,Yes
CUST5545,Female,0,Yes,Yes,9,Yes,DSL,One year,Electronic check,71.57,560.35,No
CUST5546,Female,0,Yes,Yes,39,Yes,Fiber optic,Month-to-month,Credit card,70.65,2826.1,No
CUST5547,Female,0,No,No,54,Yes,No,Month-to-month,Credit card,96.93,5188.22,No
CUST5548,Female,0,Yes,No,39,Yes,No,Month-to-month,Credit card,81.79,3353.5,No
CUST5549,Female,1,No,No,22,Yes,DSL,One year,Electronic check,68.24,1496.22,No
CUST5550,Female,0,Yes,Yes,14,No,No,Month-to-month,Bank transfer,71.23,987.0,No
CUST5551,Male,0,Yes,Yes,4,Yes,No,Month-to-month,Credit card,72.57,450.63,No
CUST5552,Male,0,Yes,Yes,39,Yes,DSL,Month-to-month,Electronic check,68.27,2613.0,No
CUST5553,Female,0,No,No,17,Yes,DSL,Month-to-month,Electronic check,49.69,804.04,No
CUST5554,Male,0,No,Yes,20,Yes,No,One year,Mailed check,33.91,608.1,No
CUST5555,Female,0,No,No,2,Yes,Fiber optic,Two year,Mailed check,74.27,168.98,No
CUST5556,Female,1,No,No,45,Yes,No,One year,Electronic check,55.02,2402.38,No
CUST5557,Male,1,Yes,No,52,Yes,Fiber optic,Two year,Mailed check,85.75,4536.67,No
CUST5558,Female,0,No,No,19,Yes,DSL,One year,Mailed check,72.16,1366.38,Yes
CUST5559,Female,0,Yes,No,58,Yes,DSL,Month-to-month,Mailed check,70.45,4169.99,No
CUST5560,Male,0,No,Yes,20,Yes,No,Month-to-month,Electronic check,99.53,2063.22,No
CUST5561,Male,1,Yes,Yes,50,Yes,DSL,Month-to-month,Credit card,27.86,1341.75,No
CUST5562,Female,1,Yes,Yes,24,Yes,DSL,Month-to-month,Mailed check,123.08,2880.22,No
CUST5563,Male,0,Yes,Yes,67,Yes,Fiber optic,Month-to-month,Electronic check,4.45,265.31,No
CUST5564,Male,0,Yes,Yes,9,Yes,DSL,One year,Electronic check,113.52,1022.57,No
CUST5565,Female,0,No,Yes,66,Yes,DSL,Month-to-month,Bank transfer,76.03,5051.38,No
CUST5566,Male,0,No,No,8,Yes,Fiber optic,One year,Bank transfer,54.28,478.75,Yes
CUST5567,Male,0,Yes,Yes,28,Yes,DSL,Month-to-month,Credit card,25.85,720.61,Yes
CUST5568,Female,0,No,No,36,No,Fiber optic,Month-to-month,Bank transfer,52.02,1804.6,Yes
CUST5569,Male,0,No,No,70,Yes,DSL,Month-to-month,Electronic check,65.09,4497.64,Yes
CUST5570,Male,0,Yes,No,37,Yes,Fiber optic,Month-to-month,Bank transfer,75.85,2858.29,No
CUST5571,Female,1,No,No,71,Yes,DSL,Month-to-month,Mailed check,113.37,7984.25,No
CUST5572,Female,0,No,No,58,Yes,DSL,Month-to-month,Bank transfer,72.2,4243.62,No
CUST5573,Female,0,No,Yes,56,Yes,Fiber optic,Month-to-month,Electronic check,79.59,4516.34,No
CUST5574,Male,0,Yes,Yes,59,Yes,DSL,Month-to-month,Credit card,80.5,4902.89,Yes
CUST5575,Female,0,No,Yes,27,Yes,DSL,One year,Credit card,60.17,1576.5,Yes
CUST5576,Female,0,Yes,No,27,Yes,Fiber optic,Month-to-month,Credit card,64.23,1701.69,No
CUST5577,Male,0,Yes,Yes,45,Yes,DSL,One year,Credit card,66.79,2774.28,No
CUST5578,Female,0,Yes,Yes,70,Yes,DSL,Month-to-month,Mailed check,88.79,6120.99,No
CUST5579,Female,0,No,No,66,Yes,Fiber optic,Month-to-month,Mailed check,42.61,2716.65,No
CUST5580,Female,0,No,No,54,Yes,Fiber optic,Two year,Mailed check,54.8,3009.77,No
CUST5581,Female,0,No,Yes,37,Yes,Fiber optic,One year,Bank transfer,80.69,3166.27,No
CUST5582,Male,0,Yes,No,17,No,Fiber optic,One year,Bank transfer,37.71,699.15,No
CUST5583,Female,0,No,No,62,Yes,Fiber optic,Month-to-month,Bank transfer,73.41,4650.5,No
CUST5584,Female,0,Yes,No,4,Yes,Fiber optic,Month-to-month,Credit card,53.63,143.39,No
CUST5585,Male,0,No,Yes,43,Yes,DSL,One year,Credit card,85.16,3542.08,Yes
CUST5586,Female,0,Yes,No,28,Yes,DSL,Month-to-month,Bank transfer,111.21,3089.68,Yes
CUST5587,Male,0,No,No,13,Yes,Fiber optic,Two year,Mailed check,53.66,635.2,No
CUST5588,Male,1,No,No,57,Yes,Fiber optic,Month-to-month,Electronic check,92.73,5199.5,No
CUST5589,Male,0,No,No,43,Yes,Fiber optic,Month-to-month,Bank transfer,76.02,,No
CUST5590,Female,0,Yes,No,17,No,DSL,Month-to-month,Electronic check,58.49,875.74,No
CUST5591,Male,0,Yes,Yes,6,Yes,DSL,One year,Mailed check,70.2,503.85,No
CUST5592,Male,0,No,Yes,61,Yes,No,Month-to-month,Electronic check,108.94,6605.4,Yes
CUST5593,Male,0,Yes,No,44,Yes,Fiber optic,Two year,Credit card,64.85,2848.88,No
CUST5594,Female,0,Yes,No,15,Yes,Fiber optic,Month-to-month,Electronic check,109.27,1649.03,No
CUST5595,Female,0,Yes,Yes,63,Yes,DSL,One year,Bank transfer,66.4,4136.53,No
CUST5596,Female,1,No,Yes,36,Yes,DSL,Month-to-month,Bank transfer,27.63,1121.23,Yes
CUST5597,Female,0,No,No,24,Yes,DSL,One year,Mailed check,65.6,,No
CUST5598,Female,0,No,No,8,Yes,Fiber optic,Month-to-month,Bank transfer,25.29,330.65,Yes
CUST5599,Female,1,Yes,Yes,54,Yes,No,One year,Electronic check,60.47,3230.67,No
CUST5600,Female,0,No,No,27,Yes,No,Month-to-month,Credit card,59.32,1693.71,Yes
CUST5601,Male,0,Yes,No,8,Yes,Fiber optic,Month-to-month,Electronic check,124.51,1016.2,No
CUST5602,Male,0,Yes,Yes,11,Yes,No,Month-to-month,Electronic check,118.28,1386.13,Yes
CUST5603,Male,0,No,Yes,17,Yes,Fiber optic,One year,Electronic check,72.56,1221.68,Yes
CUST5604,Male,0,No,Yes,55,Yes,DSL,Month-to-month,Bank transfer,106.34,5872.54,No
CUST5605,Female,0,No,Yes,57,Yes,DSL,Month-to-month,Mailed check,58.07,3419.78,Yes
CUST5606,Male,0,Yes,No,50,Yes,Fiber optic,Month-to-month,Bank transfer,27.18,1368.58,Yes
CUST5607,Male,0,Yes,No,31,Yes,DSL,Month-to-month,Electronic check,,2793.74,Yes
CUST5608,Male,0,No,No,47,Yes,Fiber optic,One year,Mailed check,80.84,3834.7,No
CUST5609,Male,0,Yes,No,7,No,No,Month-to-month,Mailed check,41.87,219.82,Yes
CUST5610,Female,0,No,Yes,29,No,DSL,Month-to-month,Electronic check,43.2,1217.32,No
CUST5611,Female,1,No,Yes,25,Yes,DSL,Month-to-month,Electronic check,98.19,2543.56,No
CUST5612,Female,0,No,No,23,Yes,DSL,Month-to-month,Bank transfer,19.49,,Yes
CUST5613,Male,0,No,No,26,Yes,Fiber optic,Month-to-month,Mailed check,86.75,2334.79,No
CUST5614,Female,0,No,No,38,Yes,DSL,Month-to-month,Credit card,60.57,2265.08,No
CUST5615,Male,0,No,Yes,65,Yes,Fiber optic,Month-to-month,Mailed check,86.79,5512.38,No
CUST5616,Female,0,Yes,Yes,50,No,DSL,Month-to-month,Bank transfer,99.65,5003.23,No
CUST5617,Female,0,Yes,Yes,49,Yes,Fiber optic,One year,Electronic check,43.77,2074.71,No
CUST5618,Female,1,No,No,44,Yes,DSL,Month-to-month,Mailed check,35.79,1517.6,No
CUST5619,Female,1,No,No,32,Yes,No,Two year,Credit card,113.99,,Yes
CUST5620,Female,1,Yes,No,18,Yes,Fiber optic,Month-to-month,Bank transfer,68.28,1240.53,No
CUST5621,Male,1,Yes,Yes,12,Yes,Fiber optic,One year,Mailed check,79.83,918.96,Yes
CUST5622,Female,0,No,No,21,Yes,Fiber optic,Month-to-month,Bank transfer,97.32,2082.81,No
CUST5623,Male,0,No,Yes,19,Yes,Fiber optic,Month-to-month,Mailed check,41.16,883.28,No
CUST5624,Male,1,Yes,No,4,Yes,DSL,One year,Electronic check,97.06,442.41,No
CUST5625,Male,0,No,No,31,Yes,Fiber optic,One year,Credit card,89.2,2945.73,No
CUST5626,Male,1,Yes,Yes,29,Yes,Fiber optic,Month-to-month,Electronic check,114.1,3514.03,Yes
CUST5627,Male,0,No,Yes,25,Yes,Fiber optic,Month-to-month,Mailed check,113.58,2810.47,No
CUST5628,Female,0,Yes,No,3,Yes,DSL,Month-to-month,Credit card,71.9,100.44,Yes
CUST5629,Female,0,No,Yes,66,No,DSL,Two year,Mailed check,92.59,6082.03,No
CUST5630,Female,1,No,Yes,42,No,DSL,One year,Mailed check,,3008.12,Yes
CUST5631,Female,0,No,Yes,29,Yes,DSL,Month-to-month,Credit card,74.36,2379.02,No
CUST5632,Male,0,Yes,Yes,15,Yes,No,One year,Credit card,36.13,504.47,No
CUST5633,Female,0,No,Yes,70,Yes,DSL,Month-to-month,Bank transfer,63.27,4456.69,Yes
CUST5634,Female,0,Yes,No,38,No,DSL,One year,Credit card,16.16,545.96,Yes
CUST5635,Male,0,Yes,No,40,Yes,Fiber optic,Month-to-month,Electronic check,65.88,2600.53,No
CUST5636,Male,0,Yes,No,30,Yes,No,Month-to-month,Credit card,109.6,3166.56,No
CUST5637,Female,0,Yes,No,48,Yes,Fiber optic,Month-to-month,Credit card,93.34,,Yes
CUST5638,Female,0,No,Yes,12,Yes,DSL,Two year,Bank transfer,73.37,1016.53,No
CUST5639,Male,0,No,No,40,Yes,DSL,One year,Electronic check,63.94,,No
CUST5640,Female,0,No,Yes,27,Yes,Fiber optic,One year,Electronic check,53.79,1415.37,No
CUST5641,Female,0,Yes,No,63,Yes,DSL,Month-to-month,Credit card,42.44,2780.06,No
CUST5642,Female,0,No,No,18,Yes,DSL,Month-to-month,Credit card,94.56,1571.39,No
CUST5643,Female,1,Yes,Yes,71,Yes,DSL,Month-to-month,Bank transfer,23.95,,No
CUST5644,Male,0,Yes,No,24,Yes,No,One year,Electronic check,23.26,575.67,Yes
CUST5645,Male,0,Yes,No,37,Yes,DSL,Two year,Electronic check,97.13,3720.42,No
CUST5646,Male,0,No,No,2,Yes,Fiber optic,Month-to-month,Mailed check,76.24,172.23,Yes
CUST5647,Female,0,Yes,No,1,Yes,No,One year,Bank transfer,71.34,125.82,No
CUST5648,Female,0,No,No,4,No,Fiber optic,One year,Bank transfer,76.21,257.84,No
CUST5649,Female,0,No,No,60,Yes,DSL,Month-to-month,Credit card,130.3,7844.4,Yes
CUST5650,Female,0,No,No,19,Yes,DSL,Month-to-month,Electronic check,71.68,1488.36,No
CUST5651,Female,0,Yes,Yes,37,Yes,No,Month-to-month,Credit card,78.8,2753.95,Yes
CUST5652,Male,0,No,No,35,Yes,DSL,One year,Bank transfer,131.74,4724.51,Yes
CUST5653,Female,0,Yes,No,45,Yes,Fiber optic,Two year,Electronic check,68.09,3043.05,No
CUST5654,Female,0,Yes,No,36,Yes,No,Two year,Electronic check,121.79,4243.84,No
CUST5655,Male,0,Yes,No,53,Yes,DSL,One year,Bank transfer,6.79,333.16,No
CUST5656,Female,0,Yes,No,20,Yes,Fiber optic,Month-to-month,Electronic check,35.14,831.81,No
CUST5657,Male,1,No,No,20,Yes,No,One year,Mailed check,49.96,950.97,No
CUST5658,Male,0,No,Yes,69,No,Fiber optic,Two year,Bank transfer,87.52,6068.81,No
CUST5659,Male,0,No,No,59,Yes,Fiber optic,One year,Bank transfer,123.22,7108.66,Yes
CUST5660,Male,0,No,No,35,No,No,Month-to-month,Electronic check,52.28,1647.23,Yes
CUST5661,Male,1,Yes,Yes,10,Yes,Fiber optic,Two year,Bank transfer,,885.83,No
CUST5662,Female,0,Yes,Yes,30,No,Fiber optic,One year,Credit card,137.12,4214.88,No
CUST5663,Male,0,Yes,No,36,Yes,Fiber optic,Two year,Bank transfer,116.94,4204.76,Yes
CUST5664,Male,0,Yes,No,59,Yes,DSL,Two year,Credit card,57.88,3524.89,Yes
CUST5665,Female,1,No,No,60,Yes,DSL,Month-to-month,Mailed check,96.06,5879.41,No
CUST5666,Female,0,No,Yes,66,Yes,DSL,Two year,Mailed check,80.18,5216.06,No
CUST5667,Male,1,Yes,Yes,28,Yes,DSL,Month-to-month,Credit card,50.22,1562.86,No
CUST5668,Female,0,Yes,No,66,Yes,DSL,Month-to-month,Bank transfer,82.82,5411.68,No
CUST5669,Female,0,Yes,No,70,Yes,Fiber optic,One year,Credit card,55.79,4005.34,No
CUST5670,Male,0,Yes,Yes,66,Yes,DSL,Month-to-month,Electronic check,73.73,4962.13,No
CUST5671,Male,0,No,Yes,15,Yes,No,Month-to-month,Credit card,,436.25,No
CUST5672,Female,1,Yes,Yes,44,Yes,Fiber optic,Two year,Mailed check,17.11,759.51,No
CUST5673,Male,0,No,Yes,33,No,Fiber optic,Month-to-month,Mailed check,61.4,2058.25,No
CUST5674,Male,0,No,No,43,No,Fiber optic,Two year,Credit card,79.54,3431.76,No
CUST5675,Female,0,Yes,Yes,41,Yes,DSL,Month-to-month,Mailed check,36.16,1443.55,Yes
CUST5676,Male,0,Yes,Yes,34,Yes,Fiber optic,Month-to-month,Electronic check,85.79,2869.27,Yes
CUST5677,Male,0,No,No,29,Yes,Fiber optic,Month-to-month,Bank transfer,71.28,2028.91,No
CUST5678,Male,0,No,Yes,52,Yes,Fiber optic,One year,Bank transfer,89.51,4776.34,No
CUST5679,Male,0,Yes,No,57,Yes,DSL,Month-to-month,Credit card,98.37,5448.26,No
CUST5680,Male,0,No,Yes,27,Yes,Fiber optic,Two year,Mailed check,110.31,2928.69,No
CUST5681,Female,0,Yes,No,14,Yes,Fiber optic,One year,Bank transfer,88.1,1200.81,No
CUST5682,Female,0,Yes,Yes,37,Yes,Fiber optic,One year,Mailed check,61.14,2239.37,No
CUST5683,Male,0,No,No,49,Yes,DSL,Month-to-month,Credit card,75.67,3737.51,No
CUST5684,Female,0,No,No,12,Yes,Fiber optic,Month-to-month,Mailed check,139.88,1543.74,No
CUST5685,Male,0,Yes,Yes,34,Yes,Fiber optic,Two year,Electronic check,99.56,3487.57,No
CUST5686,Male,0,Yes,No,23,Yes,Fiber optic,Month-to-month,Electronic check,72.15,1748.15,No
CUST5687,Male,0,No,No,64,Yes,Fiber optic,Month-to-month,Mailed check,65.48,4258.15,No
CUST5688,Male,0,No,Yes,17,Yes,DSL,Month-to-month,Electronic check,52.05,864.09,Yes
CUST5689,Male,1,No,No,57,Yes,DSL,Two year,Credit card,34.38,1885.82,No
CUST5690,Female,0,No,No,25,Yes,DSL,Month-to-month,Electronic check,121.24,2998.48,Yes
CUST5691,Female,1,Yes,Yes,28,Yes,DSL,Month-to-month,Electronic check,84.35,2367.89,No
CUST5692,Male,0,Yes,Yes,71,Yes,DSL,One year,Bank transfer,31.93,2333.65,Yes
CUST5693,Female,1,Yes,No,43,Yes,DSL,Two year,Bank transfer,66.24,2840.19,No
CUST5694,Male,0,No,No,4,Yes,DSL,Month-to-month,Credit card,108.11,468.49,No
CUST5695,Female,0,No,No,32,Yes,Fiber optic,Month-to-month,Electronic check,56.59,1767.49,No
CUST5696,Male,0,Yes,No,4,Yes,No,Month-to-month,Bank transfer,45.57,210.91,No
CUST5697,Female,0,No,No,35,Yes,DSL,Month-to-month,Mailed check,80.7,2799.58,No
CUST5698,Male,1,No,Yes,12,Yes,DSL,Month-to-month,Mailed check,,1103.68,Yes
CUST5699,Male,0,No,No,24,Yes,No,Month-to-month,Electronic check,56.63,1182.43,No
CUST5700,Female,0,No,Yes,57,Yes,Fiber optic,Month-to-month,Credit card,52.01,3013.28,No
CUST5701,Female,1,No,Yes,1,Yes,DSL,Month-to-month,Electronic check,83.82,137.82,No
CUST5702,Male,0,No,Yes,35,Yes,Fiber optic,Month-to-month,Bank transfer,,1321.65,Yes
CUST5703,Female,0,Yes,Yes,24,Yes,DSL,Two year,Electronic check,53.85,1193.66,No
CUST5704,Male,0,Yes,No,33,Yes,Fiber optic,Month-to-month,Electronic check,66.39,2119.86,No
CUST5705,Female,1,Yes,No,11,Yes,No,Month-to-month,Mailed check,92.17,927.01,No
CUST5706,Female,0,Yes,No,18,Yes,DSL,Month-to-month,Mailed check,,1062.06,No
CUST5707,Male,0,No,Yes,36,Yes,No,Month-to-month,Bank transfer,86.9,3194.22,No
CUST5708,Female,0,Yes,Yes,0,Yes,DSL,One year,Credit card,104.98,-69.66,No
CUST5709,Female,0,Yes,No,59,Yes,Fiber optic,One year,Credit card,54.81,3365.35,No
CUST5710,Male,0,Yes,Yes,66,Yes,Fiber optic,Month-to-month,Bank transfer,166.69,11131.78,No
CUST5711,Female,1,Yes,No,48,Yes,Fiber optic,Two year,Bank transfer,112.59,5418.12,No
CUST5712,Male,1,No,Yes,45,Yes,DSL,One year,Electronic check,78.17,3554.74,No
CUST5713,Male,0,No,Yes,47,Yes,Fiber optic,Month-to-month,Electronic check,64.55,2865.89,Yes
CUST5714,Male,0,Yes,Yes,67,Yes,Fiber optic,Month-to-month,Credit card,53.34,3520.88,Yes
CUST5715,Male,0,Yes,Yes,18,Yes,Fiber optic,One year,Electronic check,119.84,2031.88,Yes
CUST5716,Male,0,No,Yes,39,Yes,DSL,Two year,Electronic check,76.31,2885.09,Yes
CUST5717,Female,0,No,Yes,5,Yes,DSL,Month-to-month,Mailed check,26.84,185.65,Yes
CUST5718,Male,1,Yes,Yes,62,Yes,Fiber optic,Month-to-month,Bank transfer,18.64,1231.29,No
CUST5719,Male,0,No,No,34,Yes,No,Two year,Bank transfer,73.37,2574.37,No
CUST5720,Female,0,No,No,71,Yes,Fiber optic,Month-to-month,Mailed check,74.03,5280.3,No
CUST5721,Female,0,Yes,Yes,60,Yes,Fiber optic,One year,Mailed check,42.49,2601.74,No
CUST5722,Female,0,No,Yes,4,Yes,DSL,Month-to-month,Electronic check,24.57,-60.63,No
CUST5723,Male,0,Yes,No,36,Yes,Fiber optic,Month-to-month,Bank transfer,11.11,271.01,No
CUST5724,Male,0,Yes,Yes,10,Yes,DSL,Month-to-month,Credit card,47.22,451.28,Yes
CUST5725,Male,1,No,No,39,Yes,Fiber optic,One year,Bank transfer,59.12,,No
CUST5726,Female,1,No,No,64,Yes,No,Month-to-month,Credit card,90.75,5763.27,No
CUST5727,Male,0,No,No,7,Yes,No,One year,Mailed check,66.09,326.55,Yes
CUST5728,Female,1,No,No,10,Yes,DSL,Month-to-month,Bank transfer,101.92,950.02,No
CUST5729,Male,0,No,No,70,Yes,Fiber optic,Month-to-month,Mailed check,88.15,6077.15,No
CUST5730,Female,0,No,Yes,57,Yes,DSL,Month-to-month,Bank transfer,85.4,4695.35,No
CUST5731,Male,0,Yes,Yes,47,Yes,DSL,One year,Credit card,99.38,4893.3,No
CUST5732,Male,0,No,No,12,Yes,DSL,One year,Mailed check,28.4,464.09,Yes
CUST5733,Male,1,Yes,Yes,59,Yes,DSL,Month-to-month,Electronic check,53.91,2983.12,No
CUST5734,Female,0,No,No,48,Yes,Fiber optic,Month-to-month,Bank transfer,142.04,6625.71,No
CUST5735,Female,0,No,Yes,66,No,Fiber optic,Two year,Credit card,12.81,764.86,No
CUST5736,Male,0,No,Yes,6,Yes,No,Month-to-month,Electronic check,61.07,217.49,No
CUST5737,Male,0,No,Yes,24,Yes,DSL,Month-to-month,Mailed check,84.28,2260.98,No
CUST5738,Male,0,No,Yes,22,Yes,DSL,Month-to-month,Bank transfer,13.69,220.95,No
CUST5739,Female,0,Yes,Yes,50,Yes,DSL,Two year,Bank transfer,47.42,2407.15,Yes
CUST5740,Male,0,Yes,Yes,46,No,DSL,Two year,Electronic check,129.88,5923.9,No
CUST5741,Male,0,Yes,Yes,4,Yes,No,Month-to-month,Electronic check,75.11,183.72,No
CUST5742,Male,0,No,Yes,12,Yes,DSL,Month-to-month,Mailed check,52.77,737.97,Yes
CUST5743,Male,0,No,No,41,Yes,No,Two year,Electronic check,76.31,3194.19,No
CUST5744,Female,0,No,No,4,Yes,DSL,Month-to-month,Bank transfer,52.71,204.88,Yes
CUST5745,Female,0,Yes,Yes,22,Yes,DSL,Month-to-month,Bank transfer,121.38,2908.55,No
CUST5746,Male,1,Yes,Yes,61,Yes,DSL,Month-to-month,Bank transfer,40.27,2479.98,No
CUST5747,Male,0,No,Yes,0,Yes,No,Month-to-month,Bank transfer,54.32,-45.65,No
CUST5748,Female,0,Yes,No,53,Yes,DSL,One year,Electronic check,25.23,1528.72,Yes
CUST5749,Female,0,No,Yes,71,Yes,No,Month-to-month,Electronic check,61.14,4381.33,No
CUST5750,Male,0,No,Yes,2,Yes,Fiber optic,Month-to-month,Credit card,64.76,292.31,No
CUST5751,Female,0,Yes,No,63,Yes,DSL,Month-to-month,Mailed check,105.87,6665.9,No
CUST5752,Female,0,Yes,No,50,Yes,Fiber optic,One year,Electronic check,39.5,1673.56,Yes
CUST5753,Male,0,Yes,No,1,No,DSL,One year,Mailed check,84.51,-71.37,No
CUST5754,Female,0,Yes,Yes,48,Yes,DSL,Month-to-month,Electronic check,72.6,3593.07,No
CUST5755,Female,0,No,No,30,No,No,Two year,Credit card,13.22,337.69,No
CUST5756,Male,0,No,Yes,2,Yes,Fiber optic,Month-to-month,Electronic check,48.24,121.81,No
CUST5757,Male,0,Yes,No,34,Yes,Fiber optic,One year,Bank transfer,47.05,1713.08,No
CUST5758,Female,0,Yes,Yes,35,Yes,DSL,Month-to-month,Electronic check,120.49,4235.1,No
CUST5759,Male,0,Yes,Yes,63,Yes,DSL,Month-to-month,Mailed check,86.37,5355.37,No
CUST5760,Female,0,Yes,Yes,31,Yes,DSL,Month-to-month,Bank transfer,74.34,2303.43,Yes
CUST5761,Male,0,No,No,17,Yes,Fiber optic,Month-to-month,Electronic check,58.86,1011.31,No
CUST5762,Female,0,No,Yes,33,Yes,Fiber optic,Two year,Bank transfer,12.75,379.93,Yes
CUST5763,Male,0,No,Yes,55,Yes,Fiber optic,One year,Bank transfer,91.83,4912.15,No
CUST5764,Female,0,No,Yes,66,Yes,Fiber optic,One year,Bank transfer,93.46,6132.81,No
CUST5765,Female,0,No,No,52,Yes,DSL,Month-to-month,Credit card,47.73,2472.68,No
CUST5766,Female,0,No,Yes,66,Yes,DSL,Two year,Mailed check,70.83,4530.46,No
CUST5767,Male,0,No,Yes,65,Yes,DSL,Month-to-month,Mailed check,68.7,4373.69,No
CUST5768,Male,0,Yes,Yes,63,Yes,Fiber optic,One year,Electronic check,354.11098684210526,4658.35,Yes
CUST5769,Female,0,No,Yes,66,Yes,Fiber optic,One year,Bank transfer,58.84,3697.4,No
CUST5770,Female,0,Yes,No,38,Yes,DSL,Month-to-month,Electronic check,94.46,3602.3,No
CUST5771,Male,0,Yes,Yes,37,Yes,DSL,One year,Mailed check,103.18,3841.36,No
CUST5772,Male,0,Yes,No,39,Yes,Fiber optic,Month-to-month,Bank transfer,41.21,1552.76,No
CUST5773,Male,0,No,No,18,Yes,No,Month-to-month,Mailed check,34.17,478.2,No
CUST5774,Male,0,No,Yes,4,Yes,Fiber optic,One year,Bank transfer,46.12,225.18,No
CUST5775,Male,0,No,No,68,Yes,DSL,Month-to-month,Bank transfer,71.46,4913.89,No
CUST5776,Male,0,No,No,13,Yes,Fiber optic,Month-to-month,Credit card,80.67,1058.57,Yes
CUST5777,Female,0,Yes,No,48,Yes,Fiber optic,Month-to-month,Bank transfer,93.65,4499.36,No
CUST5778,Male,0,No,Yes,63,Yes,DSL,Month-to-month,Electronic check,99.14,6305.21,Yes
CUST5779,Female,0,Yes,No,56,Yes,Fiber optic,Month-to-month,Mailed check,80.87,4519.17,No
CUST5780,Male,0,No,No,34,No,DSL,One year,Mailed check,76.89,2522.48,No
CUST5781,Male,0,No,Yes,4,Yes,DSL,Month-to-month,Mailed check,119.47,470.85,No
CUST5782,Female,1,Yes,Yes,38,Yes,No,One year,Bank transfer,70.15,2626.49,No
CUST5783,Female,0,Yes,No,23,Yes,No,One year,Electronic check,87.7,2010.07,Yes
CUST5784,Male,0,Yes,No,39,Yes,Fiber optic,Month-to-month,Credit card,79.61,3193.22,Yes
CUST5785,Female,0,No,No,49,Yes,DSL,Two year,Credit card,64.8,3054.99,No
CUST5786,Female,0,No,Yes,57,Yes,Fiber optic,Month-to-month,Electronic check,65.0,3722.75,No
CUST5787,Female,0,Yes,No,0,Yes,DSL,Month-to-month,Electronic check,109.66,-125.26,Yes
CUST5788,Female,0,No,Yes,42,Yes,DSL,Month-to-month,Electronic check,67.29,2734.36,Yes
CUST5789,Male,0,Yes,No,38,Yes,DSL,Month-to-month,Bank transfer,59.42,2415.34,No
CUST5790,Female,0,No,No,9,No,Fiber optic,Two year,Bank transfer,47.89,476.74,No
CUST5791,Male,0,Yes,Yes,1,No,DSL,Month-to-month,Credit card,82.68,98.77,No
CUST5792,Male,0,Yes,No,62,Yes,Fiber optic,One year,Electronic check,54.64,3221.83,Yes
CUST5793,Male,0,No,Yes,15,Yes,DSL,One year,Electronic check,79.95,1175.68,No
CUST5794,Male,0,Yes,No,36,Yes,No,Month-to-month,Mailed check,75.33,2504.6,No
CUST5795,Female,1,No,Yes,15,Yes,No,Two year,Credit card,57.18,861.43,No
CUST5796,Female,1,No,Yes,26,Yes,Fiber optic,Two year,Bank transfer,28.13,606.68,Yes
CUST5797,Male,1,Yes,No,62,Yes,Fiber optic,Two year,Electronic check,39.12,2481.22,No
CUST5798,Male,0,Yes,Yes,63,No,DSL,Month-to-month,Bank transfer,43.84,2778.05,No
CUST5799,Male,1,No,No,31,Yes,Fiber optic,Month-to-month,Mailed check,39.88,1114.67,No
CUST5800,Male,0,No,Yes,8,Yes,No,Month-to-month,Electronic check,83.66,707.44,No
CUST5801,Female,0,Yes,Yes,10,Yes,DSL,One year,Bank transfer,133.88,1548.14,No
CUST5802,Male,0,Yes,Yes,69,Yes,Fiber optic,Month-to-month,Bank transfer,54.67,3751.96,No
CUST5803,Female,0,Yes,No,29,No,DSL,One year,Credit card,58.47,1783.66,No
CUST5804,Male,0,No,Yes,14,Yes,DSL,One year,Bank transfer,52.46,524.14,Yes
CUST5805,Male,0,No,Yes,58,Yes,Fiber optic,Month-to-month,Bank transfer,95.73,5599.11,Yes
CUST5806,Male,0,No,Yes,47,Yes,No,Month-to-month,Bank transfer,82.79,3834.2,No
CUST5807,Male,0,Yes,No,59,No,DSL,Two year,Bank transfer,69.5,4073.6,Yes
CUST5808,Female,0,Yes,No,67,Yes,Fiber optic,Month-to-month,Mailed check,33.61,2311.38,Yes
CUST5809,Female,0,No,Yes,56,Yes,No,Month-to-month,Bank transfer,40.97,2269.97,Yes
CUST5810,Female,0,No,Yes,63,Yes,Fiber optic,Month-to-month,Credit card,75.26,4579.64,No
CUST5811,Male,0,Yes,No,53,Yes,No,Month-to-month,Mailed check,76.7,4217.82,No
CUST5812,Male,0,No,Yes,53,Yes,DSL,Month-to-month,Mailed check,69.52,3539.54,No
CUST5813,Female,0,Yes,Yes,58,Yes,No,Month-to-month,Bank transfer,89.95,5133.15,Yes
CUST5814,Female,0,Yes,Yes,38,Yes,DSL,Month-to-month,Electronic check,33.32,1278.97,No
CUST5815,Male,0,Yes,Yes,14,Yes,No,Month-to-month,Bank transfer,79.11,1121.28,Yes
CUST5816,Male,0,No,Yes,27,No,DSL,Month-to-month,Mailed check,77.44,2133.68,Yes
CUST5817,Female,0,No,Yes,35,Yes,Fiber optic,Month-to-month,Bank transfer,41.26,1457.43,No
CUST5818,Male,0,Yes,No,53,Yes,DSL,Two year,Credit card,51.85,2862.89,No
CUST5819,Male,0,Yes,Yes,16,Yes,Fiber optic,Month-to-month,Credit card,90.79,1501.67,No
CUST5820,Female,0,No,Yes,21,Yes,DSL,Month-to-month,Credit card,35.84,634.07,No
CUST5821,Male,0,Yes,No,35,No,No,Two year,Bank transfer,143.91,4777.04,No
CUST5822,Female,1,No,No,28,Yes,DSL,Month-to-month,Bank transfer,86.67,2441.87,No
CUST5823,Male,0,No,No,54,Yes,Fiber optic,Month-to-month,Mailed check,68.28,3833.73,Yes
CUST5824,Female,0,No,No,41,Yes,DSL,Two year,Mailed check,62.44,2434.8,No
CUST5825,Male,0,Yes,Yes,31,Yes,No,Month-to-month,Mailed check,93.65,2798.16,No
CUST5826,Female,1,Yes,No,13,Yes,Fiber optic,Two year,Electronic check,57.66,785.07,No
CUST5827,Female,0,Yes,Yes,17,Yes,No,One year,Credit card,58.89,1049.43,Yes
CUST5828,Female,0,Yes,No,37,Yes,Fiber optic,Month-to-month,Electronic check,113.58,4314.69,Yes
CUST5829,Female,0,No,No,33,Yes,DSL,Month-to-month,Electronic check,55.85,2007.16,Yes
CUST5830,Male,0,Yes,No,44,Yes,DSL,Month-to-month,Credit card,74.08,3283.13,No
CUST5831,Male,0,No,Yes,31,Yes,Fiber optic,Month-to-month,Electronic check,47.19,1370.22,No
CUST5832,Female,0,Yes,No,66,Yes,Fiber optic,Two year,Bank transfer,77.77,5043.21,Yes
CUST5833,Male,0,Yes,No,62,Yes,Fiber optic,Month-to-month,Credit card,87.42,,No
CUST5834,Male,0,Yes,No,54,Yes,DSL,Month-to-month,Electronic check,120.49,6609.58,No
CUST5835,Male,0,Yes,Yes,42,Yes,Fiber optic,Month-to-month,Electronic check,41.88,1708.95,Yes
CUST5836,Male,0,Yes,Yes,21,Yes,No,Month-to-month,Electronic check,26.56,653.92,No
CUST5837,Male,0,No,No,67,Yes,DSL,Month-to-month,Bank transfer,62.0,4001.52,No
CUST5838,Female,1,Yes,Yes,28,Yes,DSL,Month-to-month,Electronic check,51.49,1470.44,No
CUST5839,Female,0,Yes,No,39,Yes,Fiber optic,One year,Electronic check,69.54,2636.95,No
CUST5840,Female,0,Yes,Yes,44,Yes,DSL,Month-to-month,Electronic check,85.66,3821.25,No
CUST5841,Female,0,Yes,No,9,Yes,Fiber optic,Month-to-month,Mailed check,137.95,1215.92,No
CUST5842,Male,0,Yes,Yes,44,Yes,Fiber optic,Month-to-month,Credit card,56.46,2563.99,No
CUST5843,Male,0,No,No,16,Yes,No,Month-to-month,Electronic check,3.69,15.55,No
CUST5844,Female,0,Yes,Yes,1,Yes,No,Month-to-month,Electronic check,62.86,60.26,Yes
CUST5845,Male,0,No,Yes,16,Yes,Fiber optic,Month-to-month,Credit card,80.52,1369.13,Yes
CUST5846,Male,1,Yes,No,37,Yes,DSL,Month-to-month,Electronic check,40.91,1503.48,No
CUST5847,Female,0,No,No,36,Yes,DSL,Month-to-month,Bank transfer,77.01,2778.19,No
CUST5848,Male,1,Yes,Yes,62,Yes,No,Month-to-month,Electronic check,74.12,4671.49,No
CUST5849,Female,0,Yes,No,4,Yes,Fiber optic,One year,Electronic check,77.8,303.52,No
CUST5850,Female,1,No,No,24,Yes,Fiber optic,Month-to-month,Mailed check,93.74,2091.28,No
CUST5851,Male,0,Yes,No,21,Yes,Fiber optic,One year,Mailed check,67.52,1360.82,No
CUST5852,Male,0,No,No,62,Yes,DSL,Month-to-month,Bank transfer,86.43,5166.31,No
CUST5853,Female,1,Yes,Yes,34,Yes,DSL,Two year,Credit card,16.03,520.03,No
CUST5854,Female,0,No,No,54,Yes,DSL,Month-to-month,Bank transfer,41.13,2268.15,No
CUST5855,Male,0,No,Yes,19,Yes,Fiber optic,Month-to-month,Credit card,59.75,,Yes
CUST5856,Female,0,No,Yes,4,Yes,Fiber optic,One year,Electronic check,39.85,298.87,Yes
CUST5857,Female,0,Yes,No,38,Yes,DSL,One year,Mailed check,70.2,2795.87,No
CUST5858,Female,0,No,No,62,Yes,Fiber optic,Two year,Bank transfer,59.69,3726.45,No
CUST5859,Male,1,Yes,Yes,31,Yes,No,Month-to-month,Bank transfer,56.35,1507.63,Yes
CUST5860,Female,0,No,No,62,Yes,Fiber optic,Month-to-month,Mailed check,96.51,6050.75,Yes
CUST5861,Male,0,No,No,39,Yes,Fiber optic,Month-to-month,Credit card,72.51,2750.72,Yes
CUST5862,Female,0,No,Yes,16,No,DSL,One year,Electronic check,37.49,687.96,No
CUST5863,Male,0,Yes,Yes,31,Yes,No,Two year,Credit card,51.9,1640.17,Yes
CUST5864,Female,0,Yes,Yes,22,Yes,Fiber optic,Month-to-month,Mailed check,92.6,2102.81,No
CUST5865,Male,0,Yes,No,59,Yes,No,One year,Electronic check,75.99,4533.58,Yes
CUST5866,Male,0,No,No,55,Yes,Fiber optic,Month-to-month,Credit card,105.88,6062.42,No
CUST5867,Male,0,Yes,Yes,8,Yes,No,Month-to-month,Electronic check,95.4,815.32,No
CUST5868,Female,0,Yes,Yes,68,No,No,Month-to-month,Mailed check,58.33,3838.43,No
CUST5869,Female,0,No,No,61,Yes,Fiber optic,Month-to-month,Electronic check,113.07,7004.4,No
CUST5870,Female,0,No,No,63,Yes,DSL,Month-to-month,Bank transfer,115.53,7235.35,No
CUST5871,Male,0,Yes,No,21,Yes,DSL,Month-to-month,Mailed check,16.44,479.76,No
CUST5872,Female,0,Yes,Yes,31,Yes,DSL,Month-to-month,Bank transfer,70.95,2353.74,No
CUST5873,Male,0,Yes,No,46,Yes,DSL,Month-to-month,Electronic check,53.5,2523.18,No
CUST5874,Female,1,No,No,1,Yes,DSL,One year,Credit card,62.19,-65.57,Yes
CUST5875,Male,0,No,Yes,51,Yes,Fiber optic,Month-to-month,Electronic check,45.52,2275.49,No
CUST5876,Male,0,No,No,13,No,DSL,Month-to-month,Mailed check,,676.96,Yes
CUST5877,Male,0,No,Yes,36,Yes,Fiber optic,Month-to-month,Mailed check,97.04,3693.34,No
CUST5878,Female,0,No,No,26,Yes,No,Two year,Electronic check,34.96,915.15,No
CUST5879,Female,1,Yes,Yes,23,Yes,Fiber optic,Month-to-month,Credit card,72.8,1646.92,Yes
CUST5880,Female,0,Yes,Yes,63,Yes,No,Two year,Mailed check,29.53,1742.38,No
CUST5881,Male,0,Yes,Yes,69,Yes,DSL,Month-to-month,Electronic check,108.08,7340.82,No
CUST5882,Male,0,No,No,25,Yes,Fiber optic,Month-to-month,Credit card,70.9,1795.78,No
CUST5883,Female,0,No,No,53,Yes,DSL,Month-to-month,Bank transfer,92.36,4965.15,Yes
CUST5884,Female,0,Yes,No,14,Yes,Fiber optic,Month-to-month,Mailed check,75.85,913.16,No
CUST5885,Female,0,Yes,No,28,Yes,Fiber optic,Month-to-month,Bank transfer,62.4,1830.13,No
CUST5886,Male,1,Yes,Yes,27,Yes,DSL,Month-to-month,Mailed check,72.05,2082.58,No
CUST5887,Male,1,No,No,58,Yes,DSL,Month-to-month,Bank transfer,115.22,6745.82,No
CUST5888,Male,0,No,No,20,Yes,Fiber optic,Month-to-month,Electronic check,43.08,1026.89,No
CUST5889,Male,0,No,Yes,9,Yes,Fiber optic,One year,Credit card,6.48,93.87,No
CUST5890,Male,0,No,Yes,3,Yes,Fiber optic,One year,Electronic check,46.39,175.71,No
CUST5891,Female,1,No,Yes,61,Yes,DSL,Month-to-month,Electronic check,33.73,2092.16,No
CUST5892,Male,1,Yes,Yes,3,Yes,Fiber optic,Month-to-month,Electronic check,99.04,433.06,No
CUST5893,Male,0,Yes,No,5,Yes,DSL,Month-to-month,Mailed check,64.73,377.41,No
CUST5894,Male,0,No,Yes,71,No,No,Month-to-month,Bank transfer,94.82,6679.24,No
CUST5895,Male,0,No,No,15,No,No,One year,Mailed check,70.96,1106.74,Yes
CUST5896,Male,0,Yes,No,37,Yes,DSL,One year,Mailed check,70.26,2642.96,No
CUST5897,Female,0,No,Yes,48,Yes,DSL,Month-to-month,Credit card,74.92,3574.93,Yes
CUST5898,Male,0,No,Yes,60,No,Fiber optic,Month-to-month,Electronic check,114.4,6966.26,Yes
CUST5899,Male,0,Yes,Yes,64,Yes,DSL,Month-to-month,Mailed check,75.6,4847.55,No
CUST5900,Male,0,No,Yes,49,Yes,No,One year,Bank transfer,103.28,5131.25,Yes
CUST5901,Female,0,No,Yes,16,Yes,Fiber optic,Month-to-month,Mailed check,101.35,1672.58,No
CUST5902,Female,0,Yes,No,27,Yes,DSL,Two year,Credit card,65.1,1685.12,No
CUST5903,Female,0,No,Yes,43,Yes,DSL,Two year,Credit card,67.78,,No
CUST5904,Male,0,No,No,11,Yes,Fiber optic,One year,Bank transfer,58.67,573.84,Yes
CUST5905,Female,0,Yes,Yes,69,Yes,Fiber optic,Month-to-month,Credit card,108.5,7478.38,No
CUST5906,Male,0,Yes,No,70,Yes,Fiber optic,Month-to-month,Electronic check,41.77,3083.05,No
CUST5907,Male,0,No,No,71,Yes,DSL,Month-to-month,Electronic check,48.31,3425.27,Yes
CUST5908,Female,0,Yes,No,2,Yes,DSL,Two year,Credit card,61.71,160.8,No
CUST5909,Male,0,Yes,Yes,48,Yes,Fiber optic,Month-to-month,Mailed check,35.56,1794.18,No
CUST5910,Male,0,No,Yes,20,Yes,Fiber optic,One year,Credit card,52.26,1009.31,No
CUST5911,Male,0,Yes,Yes,7,Yes,DSL,Two year,Bank transfer,104.08,687.09,No
CUST5912,Female,0,No,No,63,Yes,DSL,One year,Electronic check,89.54,5746.18,No
CUST5913,Male,0,Yes,No,58,Yes,Fiber optic,Month-to-month,Electronic check,57.38,3384.86,No
CUST5914,Male,0,Yes,Yes,29,No,Fiber optic,Month-to-month,Mailed check,94.08,2671.92,No
CUST5915,Female,0,No,Yes,31,Yes,DSL,Month-to-month,Bank transfer,132.46,4065.03,No
CUST5916,Male,0,No,No,19,Yes,Fiber optic,Month-to-month,Electronic check,79.39,1516.94,No
CUST5917,Male,0,No,No,15,No,DSL,Two year,Electronic check,112.61,1722.11,No
CUST5918,Female,0,Yes,Yes,24,Yes,DSL,Two year,Bank transfer,95.55,2417.6,No
CUST5919,Male,0,No,Yes,59,Yes,Fiber optic,Month-to-month,Mailed check,61.17,3662.23,No
CUST5920,Male,0,No,Yes,44,Yes,Fiber optic,Month-to-month,Credit card,75.92,3242.13,No
CUST5921,Male,1,Yes,No,8,Yes,DSL,Month-to-month,Mailed check,,607.69,Yes
CUST5922,Male,0,Yes,No,50,Yes,DSL,Month-to-month,Electronic check,47.65,2413.47,Yes
CUST5923,Male,0,Yes,Yes,60,Yes,DSL,Month-to-month,Electronic check,8.28,511.08,Yes
CUST5924,Female,0,No,Yes,39,Yes,No,Month-to-month,Mailed check,44.98,1669.82,No
CUST5925,Female,1,Yes,Yes,60,Yes,DSL,Two year,Mailed check,5.26,420.89,No
CUST5926,Female,0,Yes,Yes,66,Yes,DSL,Two year,Electronic check,47.46,2907.57,No
CUST5927,Female,0,No,Yes,14,Yes,DSL,Month-to-month,Bank transfer,18.78,296.48,No
CUST5928,Male,0,Yes,No,52,Yes,Fiber optic,One year,Bank transfer,96.4,4858.1,Yes
CUST5929,Male,0,Yes,Yes,3,Yes,Fiber optic,Month-to-month,Credit card,34.52,191.63,No
CUST5930,Male,0,No,No,22,Yes,DSL,One year,Electronic check,86.32,1872.54,Yes
CUST5931,Male,0,Yes,No,26,Yes,Fiber optic,Month-to-month,Electronic check,93.0,2492.77,No
CUST5932,Male,0,No,No,36,No,DSL,Month-to-month,Credit card,,3238.7,No
CUST5933,Female,0,No,No,42,Yes,Fiber optic,Month-to-month,Electronic check,13.95,,Yes
CUST5934,Female,0,No,No,36,Yes,DSL,Month-to-month,Electronic check,103.68,3545.9,No
CUST5935,Male,0,No,No,28,No,DSL,Two year,Mailed check,82.61,2401.03,No
CUST5936,Male,0,No,No,28,Yes,DSL,Two year,Bank transfer,94.13,2574.86,No
CUST5937,Male,0,Yes,No,48,Yes,Fiber optic,One year,Bank transfer,124.9,6032.71,No
CUST5938,Female,0,No,Yes,50,Yes,Fiber optic,One year,Bank transfer,93.83,4733.21,No
CUST5939,Male,0,No,Yes,49,Yes,Fiber optic,Month-to-month,Credit card,34.52,1552.24,No
CUST5940,Male,0,No,Yes,27,Yes,DSL,Month-to-month,Mailed check,89.6,2518.94,No
CUST5941,Male,0,No,Yes,4,No,DSL,One year,Electronic check,24.89,138.93,No
CUST5942,Female,0,Yes,Yes,55,Yes,Fiber optic,Month-to-month,Bank transfer,68.11,3757.74,No
CUST5943,Male,0,Yes,No,63,Yes,No,Month-to-month,Bank transfer,54.9,3497.22,No
CUST5944,Female,0,Yes,No,16,Yes,No,One year,Mailed check,70.3,,No
CUST5945,Female,0,No,No,54,Yes,Fiber optic,Month-to-month,Electronic check,24.71,1417.81,No
CUST5946,Female,0,Yes,No,8,Yes,DSL,Month-to-month,Credit card,28.17,178.22,No
CUST5947,Female,1,Yes,No,67,Yes,Fiber optic,Month-to-month,Electronic check,56.52,3870.46,No
CUST5948,Female,0,No,Yes,15,Yes,DSL,Month-to-month,Credit card,63.32,1007.03,Yes
CUST5949,Female,0,No,Yes,15,Yes,Fiber optic,One year,Credit card,57.23,841.25,Yes
CUST5950,Male,0,Yes,No,12,Yes,DSL,One year,Electronic check,113.51,1546.74,Yes
CUST5951,Male,0,Yes,Yes,62,Yes,DSL,Month-to-month,Credit card,82.71,5173.18,Yes
CUST5952,Male,0,Yes,Yes,40,Yes,DSL,Two year,Bank transfer,81.89,3295.1,Yes
CUST5953,Female,0,Yes,Yes,52,Yes,Fiber optic,One year,Mailed check,58.53,3100.96,No
CUST5954,Male,0,No,Yes,67,Yes,Fiber optic,Month-to-month,Bank transfer,28.25,1882.27,No
CUST5955,Female,1,No,Yes,8,Yes,Fiber optic,One year,Credit card,69.88,679.15,No
CUST5956,Female,0,No,No,50,Yes,No,Month-to-month,Credit card,124.22,6208.86,Yes
CUST5957,Female,0,No,Yes,47,No,No,One year,Mailed check,76.73,3688.25,Yes
CUST5958,Male,1,No,Yes,48,Yes,DSL,One year,Mailed check,103.4,4856.37,Yes
CUST5959,Female,0,Yes,No,17,Yes,Fiber optic,Month-to-month,Bank transfer,354.11098684210526,1642.48,No
CUST5960,Female,0,No,No,9,Yes,Fiber optic,One year,Mailed check,86.79,,Yes
CUST5961,Male,0,No,No,53,Yes,No,Two year,Mailed check,76.61,4021.95,Yes
CUST5962,Male,0,Yes,No,14,Yes,DSL,Month-to-month,Credit card,40.37,545.91,No
CUST5963,Female,0,No,No,10,Yes,DSL,Month-to-month,Mailed check,63.75,403.36,No
CUST5964,Female,0,Yes,No,39,Yes,DSL,Month-to-month,Credit card,59.17,2477.69,No
CUST5965,Male,0,No,No,46,Yes,No,Month-to-month,Electronic check,79.9,3685.86,No
CUST5966,Male,1,No,No,19,Yes,No,Month-to-month,Electronic check,27.58,657.48,No
CUST5967,Male,1,No,Yes,21,Yes,DSL,Month-to-month,Electronic check,53.88,992.22,No
CUST5968,Female,1,Yes,No,47,Yes,No,Month-to-month,Credit card,82.12,3869.5,Yes
CUST5969,Male,0,No,No,15,Yes,DSL,Month-to-month,Electronic check,48.94,774.85,Yes
CUST5970,Male,0,Yes,Yes,4,Yes,DSL,One year,Bank transfer,42.53,183.52,Yes
CUST5971,Male,0,No,No,64,Yes,Fiber optic,Two year,Credit card,46.26,2983.99,No
CUST5972,Female,0,No,No,20,No,DSL,Two year,Bank transfer,,1097.61,No
CUST5973,Male,1,Yes,No,60,Yes,DSL,Month-to-month,Credit card,1.42,116.9,No
CUST5974,Male,0,Yes,No,54,Yes,No,One year,Bank transfer,47.62,2487.21,No
CUST5975,Male,1,No,Yes,23,Yes,Fiber optic,Two year,Electronic check,,2205.57,Yes
CUST5976,Male,0,Yes,Yes,22,Yes,No,Two year,Bank transfer,79.72,1755.49,Yes
CUST5977,Male,1,No,No,10,No,DSL,Two year,Electronic check,82.6,790.81,No
CUST5978,Female,1,No,Yes,46,Yes,DSL,One year,Credit card,15.17,668.38,Yes
CUST5979,Female,0,Yes,Yes,1,No,DSL,Month-to-month,Electronic check,57.57,169.97,No
CUST5980,Female,0,Yes,Yes,69,Yes,No,Month-to-month,Mailed check,66.52,4574.28,Yes
CUST5981,Male,0,Yes,Yes,52,Yes,DSL,Month-to-month,Mailed check,83.93,4324.67,No
CUST5982,Female,0,No,Yes,10,Yes,DSL,Month-to-month,Electronic check,103.33,1021.0,No
CUST5983,Female,0,Yes,Yes,14,No,DSL,Two year,Mailed check,98.64,1269.81,No
CUST5984,Female,0,No,No,11,Yes,Fiber optic,Month-to-month,Mailed check,52.44,593.1,No
CUST5985,Male,1,Yes,No,35,Yes,DSL,Two year,Mailed check,53.13,1931.73,No
CUST5986,Male,0,Yes,Yes,22,Yes,DSL,One year,Mailed check,112.36,2503.32,No
CUST5987,Female,0,Yes,Yes,26,No,Fiber optic,Month-to-month,Bank transfer,59.2,1542.87,Yes
CUST5988,Female,0,Yes,Yes,13,Yes,DSL,Month-to-month,Mailed check,37.52,547.91,No
CUST5989,Male,0,Yes,No,53,Yes,DSL,Month-to-month,Credit card,63.79,3325.46,Yes
CUST5990,Male,0,No,No,26,Yes,DSL,One year,Electronic check,110.48,2876.4,No
CUST5991,Female,0,Yes,No,20,Yes,No,One year,Credit card,42.85,996.83,No
CUST5992,Male,0,Yes,No,48,Yes,DSL,Two year,Mailed check,57.13,2712.83,Yes
CUST5993,Female,0,No,No,61,Yes,DSL,Month-to-month,Credit card,44.09,2750.28,Yes
CUST5994,Male,0,No,No,71,Yes,DSL,Month-to-month,Mailed check,98.69,7070.28,No
CUST5995,Female,0,No,Yes,43,Yes,No,Month-to-month,Bank transfer,78.64,3305.75,Yes
CUST5996,Female,0,No,No,43,Yes,DSL,Month-to-month,Bank transfer,97.78,4273.33,No
CUST5997,Male,0,Yes,No,60,Yes,No,One year,Bank transfer,116.95,6956.32,No
CUST5998,Female,0,Yes,No,41,Yes,No,Month-to-month,Mailed check,24.64,1053.15,Yes
CUST5999,Female,1,No,Yes,22,Yes,DSL,Month-to-month,Electronic check,47.23,976.76,No
CUST6000,Female,0,Yes,No,0,Yes,DSL,Month-to-month,Bank transfer,56.99,28.11,Yes
CUST6001,Male,0,No,Yes,35,Yes,Fiber optic,Month-to-month,Mailed check,72.07,2535.37,No
CUST6002,Male,0,No,Yes,54,No,Fiber optic,One year,Mailed check,85.18,4610.91,Yes
CUST6003,Male,0,Yes,No,15,Yes,Fiber optic,Month-to-month,Credit card,55.26,856.1,Yes
CUST6004,Female,1,Yes,No,17,Yes,No,Month-to-month,Mailed check,49.24,784.01,Yes
CUST6005,Male,0,No,No,37,Yes,DSL,One year,Credit card,98.7,3535.27,No
CUST6006,Female,0,Yes,Yes,66,Yes,Fiber optic,Month-to-month,Bank transfer,86.38,5709.24,Yes
CUST6007,Female,0,No,No,19,Yes,DSL,One year,Credit card,79.48,1620.4,Yes
CUST6008,Male,0,No,Yes,18,No,Fiber optic,Two year,Mailed check,5.63,159.66,No
CUST6009,Male,0,No,Yes,12,Yes,Fiber optic,One year,Credit card,106.2,1319.12,Yes
CUST6010,Female,0,No,No,16,Yes,DSL,Month-to-month,Bank transfer,75.52,1157.23,No
CUST6011,Female,0,Yes,No,29,Yes,DSL,One year,Mailed check,65.14,1907.71,Yes
CUST6012,Male,0,No,No,42,Yes,DSL,One year,Electronic check,45.42,1824.59,No
CUST6013,Male,0,No,Yes,47,Yes,Fiber optic,Month-to-month,Electronic check,51.01,2355.11,No
CUST6014,Male,0,No,No,42,Yes,No,One year,Mailed check,43.27,1853.05,No
CUST6015,Female,0,Yes,Yes,65,Yes,Fiber optic,Month-to-month,Bank transfer,10.07,,No
CUST6016,Female,0,No,No,52,Yes,Fiber optic,One year,Mailed check,45.47,2537.39,No
CUST6017,Female,0,No,Yes,71,No,DSL,Month-to-month,Electronic check,22.03,1430.71,No
CUST6018,Female,0,Yes,No,33,Yes,DSL,Two year,Mailed check,68.19,2439.14,No
CUST6019,Female,0,No,No,71,Yes,DSL,Month-to-month,Credit card,35.48,2435.19,No
CUST6020,Male,0,No,Yes,70,Yes,DSL,Month-to-month,Credit card,91.9,6348.12,Yes
CUST6021,Male,0,No,Yes,12,Yes,Fiber optic,Month-to-month,Bank transfer,20.07,201.08,No
CUST6022,Female,0,No,No,55,Yes,No,Month-to-month,Bank transfer,105.84,,No
CUST6023,Female,1,Yes,Yes,58,No,Fiber optic,Month-to-month,Bank transfer,95.1,5455.3,No
CUST6024,Male,0,Yes,Yes,31,Yes,Fiber optic,Month-to-month,Bank transfer,38.01,1141.25,No
CUST6025,Male,0,Yes,Yes,53,Yes,DSL,Month-to-month,Credit card,67.17,3569.18,No
CUST6026,Male,0,No,Yes,1,Yes,DSL,Month-to-month,Electronic check,44.37,-45.37,No
CUST6027,Male,1,Yes,No,36,Yes,DSL,Month-to-month,Bank transfer,87.36,3229.03,No
CUST6028,Female,0,Yes,Yes,32,Yes,Fiber optic,Month-to-month,Bank transfer,124.0,4109.22,Yes
CUST6029,Male,1,No,No,0,Yes,Fiber optic,Month-to-month,Electronic check,105.43,-194.47,Yes
CUST6030,Female,1,Yes,No,27,Yes,DSL,Month-to-month,Bank transfer,49.37,1518.53,No
CUST6031,Male,0,Yes,No,16,Yes,Fiber optic,Month-to-month,Electronic check,73.44,1252.29,No
CUST6032,Male,1,Yes,Yes,56,Yes,Fiber optic,Month-to-month,Bank transfer,115.67,6503.28,Yes
CUST6033,Male,0,No,No,69,Yes,DSL,Month-to-month,Bank transfer,85.73,5857.95,No
CUST6034,Female,0,No,No,51,Yes,Fiber optic,Month-to-month,Bank transfer,100.3,5131.96,No
CUST6035,Female,0,Yes,No,43,No,Fiber optic,Month-to-month,Credit card,89.54,3939.97,No
CUST6036,Male,0,Yes,No,46,Yes,DSL,Month-to-month,Credit card,72.29,3586.33,No
CUST6037,Female,0,No,No,12,Yes,Fiber optic,Month-to-month,Credit card,67.92,1034.23,No
CUST6038,Female,0,No,Yes,29,Yes,DSL,Month-to-month,Bank transfer,33.67,823.57,No
CUST6039,Male,0,No,No,65,Yes,Fiber optic,Month-to-month,Credit card,47.03,3036.17,No
CUST6040,Male,0,No,Yes,52,Yes,No,Two year,Credit card,42.95,2241.15,No
CUST6041,Female,0,Yes,No,17,Yes,Fiber optic,One year,Credit card,59.46,1145.18,No
CUST6042,Female,0,No,No,27,Yes,DSL,Two year,Mailed check,72.99,1962.34,Yes
CUST6043,Female,0,Yes,Yes,3,Yes,DSL,Month-to-month,Credit card,66.76,124.76,No
CUST6044,Male,0,No,Yes,41,Yes,DSL,Month-to-month,Mailed check,76.48,3141.06,No
CUST6045,Male,0,No,No,5,Yes,DSL,Two year,Credit card,89.93,411.12,No
CUST6046,Female,0,No,No,8,Yes,Fiber optic,Month-to-month,Bank transfer,57.53,558.89,No
CUST6047,Male,0,No,No,19,Yes,DSL,Month-to-month,Bank transfer,92.14,1989.42,No
CUST6048,Male,0,Yes,No,37,Yes,DSL,Month-to-month,Bank transfer,104.15,3944.61,No
CUST6049,Female,0,Yes,No,67,Yes,Fiber optic,Month-to-month,Mailed check,82.45,,No
CUST6050,Female,1,Yes,Yes,49,Yes,Fiber optic,Month-to-month,Bank transfer,53.66,2752.9,Yes
CUST6051,Male,0,No,No,59,Yes,DSL,One year,Electronic check,98.4,,No
CUST6052,Male,1,Yes,No,12,Yes,Fiber optic,Two year,Credit card,84.48,973.89,Yes
CUST6053,Female,0,No,Yes,41,Yes,No,Month-to-month,Mailed check,88.56,3600.94,Yes
CUST6054,Male,0,No,Yes,67,Yes,DSL,One year,Mailed check,116.06,7885.62,No
CUST6055,Male,0,Yes,No,24,Yes,Fiber optic,Month-to-month,Mailed check,91.28,2219.61,Yes
CUST6056,Female,0,No,Yes,30,Yes,Fiber optic,Month-to-month,Bank transfer,117.23,3418.67,No
CUST6057,Female,0,No,Yes,11,Yes,Fiber optic,One year,Electronic check,65.55,851.96,No
CUST6058,Male,0,Yes,Yes,63,No,DSL,Month-to-month,Mailed check,57.06,3517.37,No
CUST6059,Male,0,No,No,60,Yes,DSL,Month-to-month,Credit card,104.47,,No
CUST6060,Male,0,No,No,52,Yes,Fiber optic,Month-to-month,Credit card,40.43,2014.67,No
CUST6061,Female,0,Yes,No,25,Yes,No,Month-to-month,Electronic check,126.65,3196.89,No
CUST6062,Male,0,Yes,Yes,60,Yes,Fiber optic,Month-to-month,Credit card,109.06,6640.87,Yes
CUST6063,Male,0,No,No,9,Yes,No,Two year,Electronic check,,679.14,No
CUST6064,Female,0,Yes,No,11,Yes,Fiber optic,One year,Credit card,106.04,1110.75,Yes
CUST6065,Female,0,No,Yes,21,Yes,No,Month-to-month,Electronic check,89.87,1806.48,No
CUST6066,Male,0,Yes,No,52,Yes,Fiber optic,Month-to-month,Bank transfer,31.3,,Yes
CUST6067,Female,0,No,Yes,20,Yes,No,Two year,Credit card,45.51,900.93,No
CUST6068,Female,1,Yes,Yes,34,Yes,DSL,One year,Credit card,78.57,2705.48,No
CUST6069,Male,0,Yes,Yes,70,Yes,No,Month-to-month,Credit card,74.79,5221.27,No
CUST6070,Female,0,No,Yes,26,Yes,DSL,Month-to-month,Bank transfer,109.24,2870.18,Yes
CUST6071,Female,0,Yes,No,59,Yes,DSL,Month-to-month,Bank transfer,79.06,4703.56,No
CUST6072,Male,0,Yes,No,46,Yes,Fiber optic,Month-to-month,Mailed check,31.94,1711.78,No
CUST6073,Female,0,No,No,65,Yes,DSL,One year,Mailed check,53.64,3526.85,Yes
CUST6074,Male,0,Yes,Yes,14,Yes,DSL,Month-to-month,Electronic check,92.29,1253.32,Yes
CUST6075,Male,0,Yes,No,23,Yes,No,Two year,Mailed check,15.32,369.92,Yes
CUST6076,Female,0,Yes,No,9,Yes,Fiber optic,Month-to-month,Credit card,27.66,153.98,Yes
CUST6077,Female,0,No,Yes,23,Yes,No,Month-to-month,Bank transfer,58.82,1257.02,Yes
CUST6078,Female,0,Yes,Yes,56,Yes,No,Month-to-month,Bank transfer,97.8,5601.77,No
CUST6079,Male,0,No,No,33,Yes,DSL,Month-to-month,Bank transfer,63.5,2125.92,Yes
CUST6080,Female,0,No,Yes,40,Yes,DSL,Month-to-month,Bank transfer,83.83,3465.1,No
CUST6081,Male,0,Yes,No,39,Yes,DSL,Month-to-month,Electronic check,70.14,2572.97,No
CUST6082,Female,0,No,Yes,10,Yes,Fiber optic,Two year,Mailed check,65.77,560.15,No
CUST6083,Female,0,No,Yes,0,Yes,Fiber optic,Month-to-month,Bank transfer,50.39,29.82,No
CUST6084,Female,0,No,No,29,Yes,Fiber optic,Month-to-month,Electronic check,95.19,2678.07,No
CUST6085,Male,1,No,Yes,42,Yes,DSL,Month-to-month,Credit card,32.37,1217.14,No
CUST6086,Female,0,Yes,Yes,25,Yes,DSL,Month-to-month,Mailed check,62.99,1466.86,No
CUST6087,Female,0,Yes,Yes,52,Yes,Fiber optic,Month-to-month,Electronic check,104.38,5395.64,No
CUST6088,Male,0,Yes,No,46,Yes,DSL,Month-to-month,Bank transfer,,2206.53,No
CUST6089,Male,0,No,No,8,Yes,No,Month-to-month,Bank transfer,23.31,358.0,Yes
CUST6090,Female,0,No,No,8,Yes,DSL,Two year,Bank transfer,6.5,-53.26,No
CUST6091,Female,0,Yes,Yes,0,No,DSL,Month-to-month,Credit card,89.99,-100.09,No
CUST6092,Female,0,No,Yes,70,Yes,DSL,One year,Mailed check,92.01,6295.61,Yes
CUST6093,Male,0,Yes,Yes,43,Yes,Fiber optic,Month-to-month,Bank transfer,59.67,2623.12,Yes
CUST6094,Male,0,No,Yes,58,Yes,DSL,Month-to-month,Mailed check,31.87,1860.94,No
CUST6095,Male,0,Yes,No,55,Yes,DSL,Month-to-month,Credit card,65.62,3512.62,Yes
CUST6096,Male,0,Yes,No,50,Yes,Fiber optic,Month-to-month,Electronic check,105.34,5183.92,No
CUST6097,Female,0,Yes,Yes,15,Yes,No,Month-to-month,Mailed check,31.92,466.41,No
CUST6098,Male,0,No,No,37,Yes,No,Month-to-month,Electronic check,101.75,3758.01,No
CUST6099,Male,0,Yes,No,10,Yes,DSL,Two year,Mailed check,19.14,87.43,No
CUST6100,Male,0,No,No,24,Yes,Fiber optic,One year,Bank transfer,35.89,879.08,No
CUST6101,Female,0,No,Yes,58,Yes,DSL,Month-to-month,Bank transfer,73.28,4112.61,No
CUST6102,Female,0,Yes,No,28,No,DSL,Month-to-month,Electronic check,98.43,2760.94,No
CUST6103,Male,0,Yes,No,39,Yes,Fiber optic,Month-to-month,Mailed check,114.15,4434.09,No
CUST6104,Male,0,No,No,7,Yes,DSL,Month-to-month,Credit card,99.75,738.36,No
CUST6105,Female,0,No,No,5,Yes,Fiber optic,One year,Mailed check,116.57,703.98,No
CUST6106,Female,0,Yes,No,44,Yes,No,Two year,Electronic check,75.46,3283.17,Yes
CUST6107,Female,0,Yes,Yes,52,Yes,DSL,Month-to-month,Mailed check,51.35,2670.24,No
CUST6108,Female,0,No,No,20,No,DSL,Month-to-month,Mailed check,105.52,1912.33,No
CUST6109,Female,0,Yes,No,56,Yes,Fiber optic,Month-to-month,Electronic check,110.91,6408.13,No
CUST6110,Female,0,Yes,Yes,5,No,Fiber optic,One year,Electronic check,97.92,303.54,No
CUST6111,Female,0,Yes,No,62,Yes,No,Month-to-month,Electronic check,,5471.27,No
CUST6112,Female,0,Yes,Yes,5,Yes,No,Two year,Mailed check,111.76,303.94,No
CUST6113,Male,1,No,Yes,52,Yes,Fiber optic,One year,Electronic check,80.26,4090.95,No
CUST6114,Male,0,No,Yes,3,Yes,DSL,Two year,Electronic check,69.38,381.68,No
CUST6115,Male,1,Yes,Yes,8,Yes,Fiber optic,Month-to-month,Credit card,91.77,848.63,No
CUST6116,Male,1,Yes,No,68,Yes,DSL,Month-to-month,Credit card,84.33,5832.94,No
CUST6117,Male,0,No,No,71,No,No,One year,Credit card,96.56,6836.48,Yes
CUST6118,Male,1,No,Yes,3,Yes,DSL,One year,Electronic check,66.04,363.21,No
CUST6119,Female,0,No,No,57,Yes,Fiber optic,Month-to-month,Electronic check,97.28,5570.7,Yes
CUST6120,Female,0,No,Yes,36,Yes,DSL,Two year,Credit card,95.73,3515.26,No
CUST6121,Male,0,No,No,70,Yes,Fiber optic,Two year,Bank transfer,76.4,5612.69,No
CUST6122,Male,0,Yes,No,5,Yes,Fiber optic,Month-to-month,Bank transfer,47.49,346.48,No
CUST6123,Female,0,Yes,Yes,50,Yes,Fiber optic,Month-to-month,Credit card,107.22,5354.45,No
CUST6124,Female,0,No,No,49,Yes,Fiber optic,Month-to-month,Credit card,33.71,1702.83,No
CUST6125,Female,0,No,Yes,13,Yes,Fiber optic,Two year,Bank transfer,41.27,676.92,Yes
CUST6126,Male,0,Yes,No,10,No,DSL,One year,Credit card,75.04,812.65,No
CUST6127,Female,0,No,No,9,Yes,No,Month-to-month,Electronic check,5.24,125.47,No
CUST6128,Male,1,No,No,60,Yes,No,Month-to-month,Credit card,116.29,7106.19,No
CUST6129,Male,0,Yes,Yes,12,Yes,DSL,Month-to-month,Mailed check,70.44,1098.29,No
CUST6130,Female,0,Yes,Yes,33,Yes,No,Month-to-month,Bank transfer,116.18,3740.46,Yes
CUST6131,Female,0,Yes,Yes,59,Yes,No,Month-to-month,Electronic check,124.12,7393.29,No
CUST6132,Male,0,Yes,No,50,Yes,Fiber optic,One year,Bank transfer,65.36,3313.96,No
CUST6133,Female,0,No,Yes,4,Yes,DSL,One year,Credit card,110.46,403.27,No
CUST6134,Female,0,Yes,Yes,31,Yes,Fiber optic,Month-to-month,Bank transfer,38.2,1119.46,No
CUST6135,Male,0,No,Yes,11,Yes,DSL,One year,Credit card,83.0,1078.21,No
CUST6136,Female,0,No,No,51,Yes,Fiber optic,Month-to-month,Electronic check,55.8,2743.58,Yes
CUST6137,Male,1,No,No,12,Yes,Fiber optic,Month-to-month,Electronic check,90.89,949.78,No
CUST6138,Male,0,No,No,53,Yes,No,One year,Bank transfer,96.48,5057.14,No
CUST6139,Female,0,Yes,No,53,Yes,Fiber optic,Month-to-month,Electronic check,65.2,3277.41,Yes
CUST6140,Male,0,No,Yes,40,Yes,DSL,Month-to-month,Bank transfer,86.34,3369.01,Yes
CUST6141,Male,0,No,No,47,Yes,Fiber optic,Month-to-month,Bank transfer,98.34,4516.72,No
CUST6142,Female,0,No,Yes,50,Yes,DSL,Month-to-month,Bank transfer,75.63,3790.1,No
CUST6143,Female,0,Yes,No,46,Yes,DSL,One year,Bank transfer,146.17,6868.37,No
CUST6144,Female,0,Yes,Yes,49,Yes,DSL,Month-to-month,Mailed check,65.89,3169.68,No
CUST6145,Male,0,Yes,Yes,45,Yes,DSL,Month-to-month,Mailed check,119.68,5472.11,No
CUST6146,Male,0,Yes,No,37,Yes,No,One year,Credit card,,3936.45,No
CUST6147,Female,0,Yes,Yes,12,Yes,Fiber optic,Month-to-month,Electronic check,14.2,-51.65,No
CUST6148,Male,0,No,Yes,21,Yes,Fiber optic,Month-to-month,Mailed check,114.79,2355.4,No
CUST6149,Female,0,Yes,Yes,1,Yes,DSL,Month-to-month,Mailed check,102.22,64.62,No
CUST6150,Female,0,No,Yes,12,Yes,Fiber optic,Two year,Electronic check,,919.19,No
CUST6151,Male,0,Yes,No,56,Yes,Fiber optic,One year,Bank transfer,81.07,4596.93,No
CUST6152,Female,0,No,No,33,Yes,Fiber optic,Month-to-month,Mailed check,84.78,2830.82,No
CUST6153,Male,0,Yes,Yes,18,Yes,No,One year,Mailed check,111.26,1913.18,No
CUST6154,Male,0,No,No,8,No,Fiber optic,Month-to-month,Mailed check,57.61,397.55,No
CUST6155,Female,0,Yes,Yes,32,Yes,Fiber optic,Month-to-month,Mailed check,117.58,3612.24,Yes
CUST6156,Male,0,No,Yes,26,No,DSL,One year,Bank transfer,,981.12,No
CUST6157,Female,1,No,No,44,Yes,DSL,Month-to-month,Electronic check,17.2,720.08,No
CUST6158,Male,0,No,Yes,1,No,No,One year,Mailed check,87.8,141.07,No
CUST6159,Male,0,No,No,56,No,Fiber optic,Month-to-month,Mailed check,107.77,6104.81,Yes
CUST6160,Male,0,No,Yes,56,Yes,Fiber optic,Month-to-month,Mailed check,64.61,3584.78,No
CUST6161,Female,0,No,No,15,Yes,No,Month-to-month,Mailed check,2.07,59.26,No
CUST6162,Male,0,Yes,No,5,Yes,Fiber optic,Month-to-month,Electronic check,25.27,104.77,No
CUST6163,Female,0,Yes,Yes,13,No,Fiber optic,Month-to-month,Bank transfer,83.09,968.82,No
CUST6164,Male,0,No,No,26,Yes,DSL,Month-to-month,Credit card,69.7,1732.18,No
CUST6165,Male,0,No,Yes,37,Yes,Fiber optic,One year,Electronic check,108.53,3788.72,No
CUST6166,Female,0,No,No,18,Yes,DSL,Month-to-month,Mailed check,72.19,1259.85,No
CUST6167,Female,0,No,Yes,36,Yes,DSL,Month-to-month,Credit card,47.78,1660.73,No
CUST6168,Female,0,No,No,3,Yes,No,Month-to-month,Mailed check,79.27,128.3,No
CUST6169,Female,0,No,No,57,Yes,DSL,Month-to-month,Electronic check,100.47,5808.71,Yes
CUST6170,Female,0,No,No,8,Yes,DSL,One year,Bank transfer,110.54,936.95,No
CUST6171,Male,0,Yes,Yes,39,No,DSL,Month-to-month,Credit card,66.67,2655.5,Yes
CUST6172,Male,0,No,No,14,Yes,DSL,Two year,Credit card,72.02,1077.44,No
CUST6173,Female,0,No,Yes,3,Yes,DSL,One year,Bank transfer,93.38,279.96,No
CUST6174,Male,0,Yes,No,51,Yes,DSL,Month-to-month,Bank transfer,47.54,2423.33,No
CUST6175,Male,0,Yes,No,17,No,Fiber optic,Two year,Credit card,92.1,1648.72,No
CUST6176,Male,0,No,Yes,52,Yes,Fiber optic,One year,Credit card,63.04,3344.81,No
CUST6177,Female,1,Yes,No,58,Yes,Fiber optic,Two year,Credit card,67.73,4031.08,No
CUST6178,Male,0,Yes,Yes,53,Yes,No,Month-to-month,Credit card,70.08,3709.88,Yes
CUST6179,Male,0,Yes,Yes,40,Yes,Fiber optic,Month-to-month,Bank transfer,73.89,2856.96,Yes
CUST6180,Male,0,No,Yes,59,Yes,DSL,Month-to-month,Electronic check,127.41,7540.9,No
CUST6181,Female,0,No,Yes,3,Yes,DSL,Month-to-month,Electronic check,55.93,109.96,No
CUST6182,Male,0,Yes,Yes,38,Yes,Fiber optic,Two year,Bank transfer,57.48,2249.59,No
CUST6183,Male,0,No,No,6,Yes,Fiber optic,One year,Electronic check,113.4,709.18,No
CUST6184,Female,0,No,Yes,22,No,DSL,One year,Electronic check,83.34,1838.62,No
CUST6185,Female,0,No,No,62,Yes,DSL,Two year,Mailed check,93.03,5728.66,Yes
CUST6186,Male,0,Yes,Yes,64,Yes,Fiber optic,Two year,Electronic check,39.09,2601.83,No
CUST6187,Male,0,Yes,Yes,40,Yes,Fiber optic,Month-to-month,Credit card,77.39,3187.99,No
CUST6188,Female,0,Yes,No,43,Yes,Fiber optic,One year,Electronic check,94.31,3999.28,Yes
CUST6189,Female,0,Yes,No,44,Yes,DSL,Month-to-month,Bank transfer,49.77,2067.04,Yes
CUST6190,Female,0,No,Yes,68,Yes,Fiber optic,Month-to-month,Electronic check,88.85,6059.74,Yes
CUST6191,Female,1,No,Yes,50,Yes,Fiber optic,Two year,Bank transfer,63.87,3312.09,No
CUST6192,Female,0,No,No,64,Yes,No,Two year,Credit card,50.64,3114.78,No
CUST6193,Female,0,Yes,No,53,Yes,Fiber optic,One year,Mailed check,100.4,5368.24,Yes
CUST6194,Female,0,Yes,Yes,55,Yes,Fiber optic,Month-to-month,Mailed check,,5645.6,No
CUST6195,Male,0,No,Yes,71,Yes,Fiber optic,One year,Electronic check,73.86,5142.37,Yes
CUST6196,Female,0,Yes,Yes,39,Yes,Fiber optic,Month-to-month,Electronic check,83.52,3350.4,No
CUST6197,Female,0,Yes,No,57,Yes,DSL,Month-to-month,Bank transfer,109.74,6320.21,No
CUST6198,Male,0,No,Yes,14,Yes,No,Month-to-month,Mailed check,58.14,798.73,No
CUST6199,Female,0,Yes,No,18,Yes,Fiber optic,Month-to-month,Credit card,80.46,1527.23,No
CUST6200,Female,0,Yes,No,9,No,Fiber optic,Month-to-month,Bank transfer,58.41,594.04,Yes
CUST6201,Male,0,No,Yes,15,Yes,No,One year,Electronic check,39.45,443.13,No
CUST6202,Female,0,Yes,Yes,42,Yes,No,Month-to-month,Mailed check,58.16,2451.15,No
CUST6203,Male,0,No,No,30,Yes,Fiber optic,One year,Electronic check,36.25,1228.78,No
CUST6204,Male,0,No,Yes,15,Yes,DSL,Month-to-month,Mailed check,82.77,1288.93,No
CUST6205,Male,0,Yes,Yes,27,Yes,DSL,Month-to-month,Bank transfer,46.83,1002.83,Yes
CUST6206,Male,0,No,No,61,Yes,No,Month-to-month,Credit card,28.09,1606.43,No
CUST6207,Female,0,Yes,Yes,19,Yes,DSL,One year,Credit card,92.28,1852.9,No
CUST6208,Male,0,Yes,No,34,Yes,No,One year,Credit card,90.33,3015.5,No
CUST6209,Male,0,Yes,No,58,Yes,DSL,Month-to-month,Credit card,60.09,3597.35,No
CUST6210,Female,0,Yes,Yes,8,Yes,Fiber optic,Month-to-month,Credit card,91.1,933.41,No
CUST6211,Male,0,Yes,No,9,Yes,Fiber optic,One year,Electronic check,45.82,388.59,No
CUST6212,Male,1,Yes,No,44,Yes,DSL,Month-to-month,Electronic check,58.83,2526.74,Yes
CUST6213,Male,0,Yes,Yes,14,Yes,No,Month-to-month,Credit card,82.22,1050.46,Yes
CUST6214,Male,0,Yes,No,29,Yes,Fiber optic,Month-to-month,Mailed check,101.01,3005.11,No
CUST6215,Female,0,Yes,Yes,47,Yes,DSL,Month-to-month,Bank transfer,58.53,2690.64,Yes
CUST6216,Male,0,No,No,39,Yes,DSL,Month-to-month,Mailed check,52.12,1992.46,No
CUST6217,Female,0,No,No,43,Yes,Fiber optic,Month-to-month,Mailed check,99.48,4166.78,No
CUST6218,Female,0,Yes,No,45,Yes,DSL,Month-to-month,Credit card,88.38,3933.84,Yes
CUST6219,Male,0,Yes,No,5,Yes,No,Month-to-month,Mailed check,74.46,301.63,No
CUST6220,Male,0,Yes,No,23,Yes,DSL,Month-to-month,Electronic check,,2226.69,Yes
CUST6221,Male,0,No,No,6,Yes,DSL,Two year,Bank transfer,128.41,686.59,Yes
CUST6222,Male,0,No,No,5,No,DSL,Month-to-month,Bank transfer,,479.52,No
CUST6223,Female,0,Yes,Yes,32,Yes,DSL,Month-to-month,Bank transfer,52.3,1808.5,Yes
CUST6224,Female,0,Yes,No,37,Yes,DSL,Month-to-month,Mailed check,84.92,3131.37,Yes
CUST6225,Female,0,Yes,Yes,43,Yes,No,Month-to-month,Bank transfer,45.4,1955.57,Yes
CUST6226,Male,1,No,No,16,Yes,DSL,One year,Bank transfer,,1744.76,No
CUST6227,Female,0,Yes,No,30,Yes,DSL,Month-to-month,Electronic check,48.95,1664.76,No
CUST6228,Male,0,No,Yes,36,Yes,DSL,Two year,Credit card,64.21,2210.57,Yes
CUST6229,Male,0,No,Yes,10,No,Fiber optic,One year,Credit card,44.87,322.49,No
CUST6230,Male,0,Yes,Yes,4,Yes,Fiber optic,Two year,Electronic check,75.47,296.72,No
CUST6231,Male,0,No,No,63,Yes,Fiber optic,Month-to-month,Electronic check,76.52,4860.18,Yes
CUST6232,Male,0,Yes,Yes,2,Yes,DSL,Month-to-month,Credit card,92.28,181.22,Yes
CUST6233,Female,0,No,No,55,Yes,Fiber optic,Month-to-month,Mailed check,73.59,3911.0,Yes
CUST6234,Female,0,No,No,62,Yes,Fiber optic,One year,Electronic check,71.39,4514.66,No
CUST6235,Male,0,Yes,Yes,37,Yes,Fiber optic,Month-to-month,Bank transfer,,1939.05,No
CUST6236,Female,0,Yes,No,53,Yes,DSL,One year,Electronic check,61.41,3310.17,No
CUST6237,Male,0,No,Yes,1,Yes,Fiber optic,Month-to-month,Mailed check,28.21,183.49,Yes
CUST6238,Male,0,No,Yes,1,Yes,DSL,Month-to-month,Electronic check,111.81,-34.52,Yes
CUST6239,Male,0,No,Yes,11,No,DSL,Month-to-month,Bank transfer,67.17,567.03,No
CUST6240,Female,0,Yes,Yes,39,Yes,DSL,Month-to-month,Electronic check,119.22,4706.14,Yes
CUST6241,Male,0,Yes,No,1,Yes,Fiber optic,Month-to-month,Electronic check,66.37,-137.08,No
CUST6242,Male,0,Yes,No,56,Yes,DSL,Month-to-month,Electronic check,12.94,684.65,Yes
CUST6243,Female,1,Yes,Yes,46,Yes,Fiber optic,Month-to-month,Credit card,56.49,2541.41,Yes
CUST6244,Female,0,No,Yes,35,Yes,No,One year,Credit card,69.92,2483.19,Yes
CUST6245,Female,0,No,No,3,Yes,Fiber optic,Month-to-month,Mailed check,71.96,149.27,No
CUST6246,Male,0,No,No,23,Yes,Fiber optic,Month-to-month,Credit card,90.31,2126.33,No
CUST6247,Male,0,No,Yes,61,No,Fiber optic,Month-to-month,Mailed check,75.22,4481.72,Yes
CUST6248,Female,0,No,No,1,Yes,Fiber optic,Two year,Credit card,59.89,-64.32,Yes
CUST6249,Male,0,Yes,No,14,Yes,DSL,Month-to-month,Mailed check,42.55,597.63,No
CUST6250,Female,1,Yes,No,48,Yes,Fiber optic,Two year,Mailed check,57.81,2785.41,Yes
CUST6251,Female,0,No,No,34,Yes,Fiber optic,Month-to-month,Mailed check,88.14,3026.28,No
CUST6252,Male,0,No,Yes,46,Yes,DSL,Two year,Electronic check,95.75,4552.46,No
CUST6253,Male,0,No,No,23,Yes,DSL,Month-to-month,Electronic check,49.78,1273.0,No
CUST6254,Female,0,No,Yes,59,Yes,DSL,Month-to-month,Mailed check,100.21,5957.55,No
CUST6255,Female,0,No,Yes,47,Yes,No,One year,Mailed check,87.07,4173.23,No
CUST6256,Female,0,No,Yes,22,Yes,DSL,Two year,Electronic check,43.39,980.79,No
CUST6257,Female,0,No,No,11,Yes,DSL,One year,Bank transfer,77.4,969.35,No
CUST6258,Male,1,No,No,40,Yes,Fiber optic,Month-to-month,Electronic check,81.09,3279.99,Yes
CUST6259,Female,0,Yes,Yes,28,No,No,Month-to-month,Mailed check,38.07,1010.74,Yes
CUST6260,Female,0,No,No,69,Yes,DSL,Month-to-month,Electronic check,29.24,1942.31,No
CUST6261,Female,1,No,Yes,50,No,Fiber optic,Month-to-month,Credit card,84.21,4325.6,Yes
CUST6262,Male,0,Yes,Yes,22,Yes,Fiber optic,Month-to-month,Mailed check,56.37,1221.83,Yes
CUST6263,Male,1,Yes,No,30,No,Fiber optic,Month-to-month,Electronic check,115.36,3652.48,No
CUST6264,Female,1,No,No,20,Yes,No,Month-to-month,Credit card,121.63,2322.16,No
CUST6265,Male,1,Yes,No,23,Yes,DSL,One year,Electronic check,84.16,,No
CUST6266,Male,0,Yes,Yes,71,Yes,No,Month-to-month,Electronic check,98.55,6954.4,No
CUST6267,Male,0,No,Yes,8,Yes,No,Month-to-month,Bank transfer,39.28,354.97,No
CUST6268,Female,0,Yes,No,21,Yes,No,Month-to-month,Electronic check,30.04,500.67,No
CUST6269,Female,1,No,Yes,3,Yes,Fiber optic,Month-to-month,Electronic check,65.76,13.43,Yes
CUST6270,Male,0,No,Yes,2,Yes,No,Month-to-month,Bank transfer,31.4,210.8,No
CUST6271,Female,0,No,Yes,27,Yes,DSL,Month-to-month,Electronic check,79.23,,No
CUST6272,Female,0,Yes,No,14,Yes,DSL,Two year,Bank transfer,46.49,749.4,Yes
CUST6273,Male,0,Yes,No,7,Yes,DSL,Month-to-month,Credit card,75.71,464.33,No
CUST6274,Male,0,No,No,47,Yes,DSL,Month-to-month,Bank transfer,64.81,3144.74,No
CUST6275,Female,0,No,Yes,51,Yes,Fiber optic,Month-to-month,Credit card,89.12,,No
CUST6276,Male,0,Yes,No,54,No,DSL,Month-to-month,Bank transfer,79.79,4187.61,No
CUST6277,Female,0,No,Yes,36,Yes,DSL,Month-to-month,Credit card,,2148.33,No
CUST6278,Female,1,Yes,Yes,3,No,Fiber optic,Month-to-month,Electronic check,28.95,181.31,Yes
CUST6279,Male,0,Yes,Yes,54,Yes,No,Month-to-month,Credit card,74.88,4107.56,Yes
CUST6280,Female,0,Yes,No,11,No,Fiber optic,One year,Credit card,17.73,180.55,No
CUST6281,Female,0,Yes,Yes,18,Yes,No,One year,Mailed check,107.38,1757.95,No
CUST6282,Male,0,Yes,No,56,Yes,Fiber optic,Month-to-month,Credit card,85.87,4701.83,Yes
CUST6283,Male,0,Yes,Yes,36,Yes,No,One year,Electronic check,95.28,3359.88,No
CUST6284,Male,1,No,No,6,Yes,Fiber optic,Month-to-month,Mailed check,40.92,219.69,No
CUST6285,Female,0,No,No,54,Yes,No,Month-to-month,Mailed check,80.68,4469.8,No
CUST6286,Male,0,Yes,No,27,Yes,DSL,Month-to-month,Bank transfer,50.0,1338.26,No
CUST6287,Male,0,Yes,No,36,Yes,No,Month-to-month,Credit card,74.47,2470.26,No
CUST6288,Male,0,No,No,60,Yes,Fiber optic,Month-to-month,Bank transfer,40.05,2143.91,No
CUST6289,Male,0,No,No,38,Yes,Fiber optic,One year,Bank transfer,67.5,2495.52,No
CUST6290,Female,0,No,No,22,Yes,Fiber optic,One year,Credit card,28.64,578.75,No
CUST6291,Female,0,No,No,51,Yes,No,Two year,Bank transfer,65.2,3360.76,No
CUST6292,Male,0,No,Yes,10,Yes,No,Month-to-month,Electronic check,20.67,61.45,Yes
CUST6293,Female,0,No,Yes,65,Yes,DSL,Month-to-month,Electronic check,122.41,7818.38,No
CUST6294,Male,0,No,Yes,12,Yes,DSL,Month-to-month,Credit card,,943.08,Yes
CUST6295,Male,0,No,Yes,40,Yes,DSL,Two year,Credit card,70.17,2940.22,No
CUST6296,Female,0,Yes,Yes,48,No,DSL,One year,Mailed check,90.28,4137.09,No
CUST6297,Female,1,No,No,14,Yes,DSL,One year,Credit card,31.02,357.39,Yes
CUST6298,Male,0,Yes,No,55,Yes,Fiber optic,Month-to-month,Credit card,46.58,2673.02,Yes
CUST6299,Male,0,No,No,53,Yes,Fiber optic,Month-to-month,Electronic check,85.93,4647.6,No
CUST6300,Female,1,No,No,30,Yes,Fiber optic,Month-to-month,Electronic check,,2152.63,No
CUST6301,Male,0,No,No,60,Yes,Fiber optic,One year,Credit card,48.41,3020.59,No
CUST6302,Female,0,No,Yes,57,Yes,Fiber optic,One year,Mailed check,89.44,5102.57,Yes
CUST6303,Male,0,No,Yes,59,Yes,DSL,Month-to-month,Electronic check,79.08,4731.73,No
CUST6304,Male,0,Yes,No,52,Yes,Fiber optic,Month-to-month,Electronic check,85.17,4358.44,No
CUST6305,Female,0,No,Yes,60,Yes,Fiber optic,One year,Bank transfer,81.69,4930.64,No
CUST6306,Female,0,Yes,Yes,41,Yes,DSL,Month-to-month,Credit card,49.56,,No
CUST6307,Female,0,Yes,No,28,Yes,DSL,Two year,Bank transfer,67.72,1841.43,No
CUST6308,Female,0,No,No,26,No,DSL,Month-to-month,Credit card,14.29,341.85,No
CUST6309,Female,1,Yes,Yes,43,Yes,No,Month-to-month,Mailed check,54.68,2365.25,No
CUST6310,Female,0,No,Yes,4,Yes,Fiber optic,One year,Bank transfer,62.64,491.21,No
CUST6311,Female,0,No,No,51,Yes,Fiber optic,One year,Electronic check,88.8,4784.79,No
CUST6312,Male,0,No,Yes,52,Yes,DSL,Month-to-month,Credit card,85.36,4399.93,No
CUST6313,Male,0,Yes,No,51,Yes,DSL,Two year,Credit card,47.44,2567.4,No
CUST6314,Male,0,No,Yes,37,Yes,DSL,Two year,Bank transfer,,1619.57,No
CUST6315,Female,1,Yes,Yes,43,No,DSL,Month-to-month,Bank transfer,109.21,4735.96,Yes
CUST6316,Female,0,No,No,52,Yes,DSL,Month-to-month,Mailed check,,3112.79,Yes
CUST6317,Female,0,No,Yes,1,Yes,DSL,Month-to-month,Electronic check,73.43,28.33,Yes
CUST6318,Male,0,Yes,No,53,Yes,Fiber optic,Month-to-month,Mailed check,93.56,5224.76,No
CUST6319,Female,0,Yes,Yes,34,Yes,DSL,Two year,Electronic check,67.61,2260.04,Yes
CUST6320,Female,0,Yes,Yes,45,Yes,Fiber optic,Month-to-month,Electronic check,65.45,2880.27,No
CUST6321,Male,0,Yes,No,71,No,Fiber optic,Month-to-month,Credit card,60.54,4198.31,Yes
CUST6322,Female,0,Yes,Yes,54,No,Fiber optic,Two year,Electronic check,54.73,2878.49,No
CUST6323,Male,0,Yes,No,71,Yes,Fiber optic,Month-to-month,Bank transfer,74.29,5132.41,No
CUST6324,Male,0,No,No,10,Yes,DSL,One year,Credit card,15.33,175.59,No
CUST6325,Female,0,Yes,Yes,28,Yes,No,Month-to-month,Mailed check,59.17,1677.25,No
CUST6326,Female,0,No,No,68,Yes,No,Two year,Electronic check,86.21,5896.05,No
CUST6327,Female,0,No,No,62,Yes,DSL,One year,Credit card,82.71,5126.88,No
CUST6328,Male,0,No,No,46,Yes,DSL,Two year,Bank transfer,112.33,5110.44,Yes
CUST6329,Male,0,No,Yes,6,Yes,No,Two year,Mailed check,95.12,505.04,No
CUST6330,Male,0,No,No,63,Yes,No,Month-to-month,Credit card,82.25,5197.65,Yes
CUST6331,Female,0,Yes,No,63,Yes,DSL,Month-to-month,Credit card,70.86,4459.03,No
CUST6332,Female,1,No,Yes,11,Yes,DSL,One year,Bank transfer,56.3,555.72,Yes
CUST6333,Female,0,No,No,11,Yes,No,One year,Bank transfer,85.1,907.44,No
CUST6334,Female,1,No,No,35,Yes,DSL,Month-to-month,Electronic check,79.7,2943.44,No
CUST6335,Male,0,Yes,No,28,Yes,No,Two year,Mailed check,58.77,1842.58,No
CUST6336,Male,0,Yes,Yes,10,Yes,DSL,Month-to-month,Credit card,43.99,417.88,Yes
CUST6337,Male,1,Yes,Yes,52,Yes,No,Two year,Bank transfer,68.41,3483.94,Yes
CUST6338,Male,0,Yes,Yes,69,Yes,DSL,Month-to-month,Bank transfer,104.68,7218.61,No
CUST6339,Female,0,No,Yes,46,Yes,DSL,Month-to-month,Credit card,73.31,3485.85,Yes
CUST6340,Female,0,Yes,Yes,32,Yes,No,Month-to-month,Bank transfer,70.85,2262.83,No
CUST6341,Female,1,No,Yes,66,Yes,DSL,Month-to-month,Bank transfer,82.7,5493.71,No
CUST6342,Male,1,Yes,No,42,Yes,DSL,Month-to-month,Electronic check,84.44,3480.73,Yes
CUST6343,Male,0,Yes,Yes,17,Yes,No,Month-to-month,Credit card,77.47,1200.32,Yes
CUST6344,Female,0,Yes,Yes,52,Yes,DSL,Month-to-month,Electronic check,68.74,3650.64,Yes
CUST6345,Female,0,Yes,Yes,38,Yes,DSL,One year,Mailed check,54.75,2099.98,Yes
CUST6346,Male,0,No,Yes,71,Yes,DSL,Month-to-month,Bank transfer,100.15,7176.23,No
CUST6347,Female,0,Yes,No,33,Yes,Fiber optic,Month-to-month,Electronic check,57.19,1716.19,No
CUST6348,Male,0,No,No,36,Yes,Fiber optic,Two year,Credit card,117.17,4401.38,No
CUST6349,Male,0,No,Yes,40,Yes,No,One year,Mailed check,74.63,3010.43,No
CUST6350,Male,0,No,No,48,Yes,Fiber optic,Month-to-month,Mailed check,,3255.12,Yes
CUST6351,Female,0,No,Yes,9,Yes,DSL,One year,Electronic check,92.8,933.89,Yes
CUST6352,Female,1,No,No,39,Yes,DSL,Two year,Electronic check,50.4,1928.26,No
CUST6353,Male,0,No,Yes,17,Yes,No,Two year,Bank transfer,87.22,1485.79,No
CUST6354,Female,0,No,Yes,24,Yes,Fiber optic,One year,Electronic check,73.46,1715.27,No
CUST6355,Male,1,Yes,Yes,40,Yes,No,One year,Electronic check,82.33,3283.41,No
CUST6356,Male,0,No,Yes,35,Yes,No,Month-to-month,Electronic check,49.49,1727.4,Yes
CUST6357,Male,0,Yes,No,1,Yes,DSL,One year,Mailed check,49.21,-117.8,No
CUST6358,Male,0,Yes,Yes,48,Yes,Fiber optic,One year,Credit card,15.02,807.54,No
CUST6359,Female,0,No,No,66,No,Fiber optic,Month-to-month,Electronic check,56.28,3725.77,No
CUST6360,Male,0,No,No,52,Yes,DSL,Month-to-month,Mailed check,54.71,2889.54,No
CUST6361,Male,0,Yes,No,18,No,DSL,Month-to-month,Mailed check,49.98,981.24,No
CUST6362,Female,0,Yes,Yes,25,Yes,No,One year,Electronic check,66.54,1675.59,No
CUST6363,Male,1,No,No,53,No,Fiber optic,Month-to-month,Mailed check,71.93,3845.4,No
CUST6364,Male,0,No,No,50,No,Fiber optic,Month-to-month,Bank transfer,,4102.46,No
CUST6365,Female,0,Yes,No,24,No,Fiber optic,Two year,Credit card,86.97,2004.24,No
CUST6366,Female,0,Yes,Yes,16,Yes,Fiber optic,Month-to-month,Bank transfer,89.51,1440.66,No
CUST6367,Female,0,No,No,60,Yes,DSL,Two year,Credit card,90.77,5464.77,No
CUST6368,Male,0,Yes,Yes,45,No,Fiber optic,Month-to-month,Mailed check,78.26,3561.77,Yes
CUST6369,Female,1,Yes,No,54,Yes,Fiber optic,Month-to-month,Electronic check,71.66,4010.24,Yes
CUST6370,Female,0,No,No,49,Yes,No,Month-to-month,Electronic check,97.87,4786.21,No
CUST6371,Male,0,Yes,Yes,10,Yes,Fiber optic,Month-to-month,Mailed check,90.8,944.29,No
CUST6372,Male,0,No,Yes,11,Yes,No,Month-to-month,Electronic check,25.54,286.84,Yes
CUST6373,Male,0,No,No,39,Yes,DSL,One year,Mailed check,64.82,2503.01,No
CUST6374,Male,0,No,Yes,47,Yes,No,One year,Bank transfer,15.9,726.22,No
CUST6375,Male,0,Yes,No,55,Yes,No,Two year,Mailed check,15.31,763.62,No
CUST6376,Female,0,No,No,7,Yes,Fiber optic,Month-to-month,Mailed check,,371.41,No
CUST6377,Female,0,Yes,Yes,13,Yes,DSL,Month-to-month,Bank transfer,66.16,838.19,No
CUST6378,Female,0,No,Yes,55,Yes,DSL,Month-to-month,Bank transfer,57.27,3134.68,No
CUST6379,Male,0,No,Yes,53,Yes,Fiber optic,Month-to-month,Mailed check,16.72,711.97,No
CUST6380,Male,0,Yes,No,16,Yes,Fiber optic,One year,Bank transfer,93.25,1482.11,No
CUST6381,Male,0,Yes,No,44,Yes,Fiber optic,Month-to-month,Credit card,48.79,2059.05,No
CUST6382,Female,0,Yes,No,4,Yes,Fiber optic,Two year,Bank transfer,84.68,332.53,No
CUST6383,Female,0,No,Yes,2,Yes,Fiber optic,One year,Electronic check,49.62,-10.24,No
CUST6384,Male,1,Yes,Yes,8,Yes,DSL,One year,Bank transfer,55.07,445.55,No
CUST6385,Female,0,No,Yes,19,Yes,DSL,One year,Bank transfer,83.01,1547.49,Yes
CUST6386,Male,0,Yes,No,20,Yes,DSL,Month-to-month,Mailed check,59.53,1127.97,No
CUST6387,Female,1,No,Yes,32,Yes,DSL,One year,Bank transfer,75.12,,Yes
CUST6388,Female,0,No,Yes,4,Yes,Fiber optic,Month-to-month,Credit card,78.32,350.83,Yes
CUST6389,Female,0,No,No,23,No,No,Month-to-month,Mailed check,27.19,620.44,No
CUST6390,Male,0,No,Yes,62,Yes,DSL,Month-to-month,Credit card,84.33,5285.34,No
CUST6391,Female,0,Yes,Yes,25,Yes,DSL,Month-to-month,Electronic check,41.87,1005.42,No
CUST6392,Female,0,Yes,No,32,No,Fiber optic,Month-to-month,Mailed check,36.67,1213.44,No
CUST6393,Male,0,No,No,17,Yes,No,Month-to-month,Mailed check,48.2,815.18,Yes
CUST6394,Female,0,No,No,17,Yes,DSL,Month-to-month,Electronic check,94.43,1505.38,No
CUST6395,Male,0,Yes,No,37,Yes,No,One year,Electronic check,21.99,733.49,No
CUST6396,Male,0,Yes,No,32,Yes,DSL,Month-to-month,Credit card,89.53,2981.5,No
CUST6397,Male,0,Yes,No,26,Yes,DSL,Month-to-month,Bank transfer,80.19,2242.57,No
CUST6398,Male,0,Yes,Yes,48,No,Fiber optic,Month-to-month,Mailed check,72.23,3538.37,No
CUST6399,Male,0,Yes,Yes,49,Yes,Fiber optic,One year,Mailed check,77.4,3734.28,No
CUST6400,Female,0,Yes,No,14,Yes,Fiber optic,Month-to-month,Credit card,61.3,1000.97,No
CUST6401,Male,0,No,No,51,Yes,No,Month-to-month,Mailed check,90.47,4675.22,Yes
CUST6402,Male,0,Yes,Yes,67,Yes,DSL,Month-to-month,Electronic check,57.2,3865.96,No
CUST6403,Male,0,Yes,No,18,Yes,Fiber optic,Two year,Mailed check,21.25,566.73,Yes
CUST6404,Male,0,No,No,24,Yes,Fiber optic,Month-to-month,Bank transfer,67.68,1538.32,No
CUST6405,Female,1,Yes,Yes,24,Yes,No,Month-to-month,Electronic check,94.04,2334.26,No
CUST6406,Male,0,Yes,Yes,32,Yes,Fiber optic,Month-to-month,Credit card,84.76,2630.86,No
CUST6407,Female,0,Yes,No,59,Yes,DSL,One year,Credit card,124.43,7280.71,No
CUST6408,Male,0,No,No,36,Yes,Fiber optic,Month-to-month,Mailed check,62.4,2506.61,Yes
CUST6409,Female,0,Yes,Yes,42,Yes,No,Two year,Electronic check,65.18,2787.8,No
CUST6410,Male,0,No,No,8,Yes,DSL,Month-to-month,Electronic check,63.0,688.92,No
CUST6411,Male,0,Yes,Yes,13,Yes,DSL,Month-to-month,Electronic check,46.71,661.59,No
CUST6412,Female,1,No,Yes,2,Yes,DSL,Month-to-month,Mailed check,55.81,151.86,Yes
CUST6413,Male,0,Yes,No,68,Yes,Fiber optic,One year,Mailed check,38.83,2577.83,No
CUST6414,Female,0,Yes,Yes,55,Yes,DSL,Month-to-month,Credit card,1.18,162.67,Yes
CUST6415,Male,0,Yes,Yes,25,Yes,DSL,Month-to-month,Bank transfer,52.59,1317.28,No
CUST6416,Female,1,No,Yes,52,Yes,Fiber optic,Two year,Electronic check,70.7,3684.45,No
CUST6417,Male,0,Yes,No,40,Yes,DSL,Month-to-month,Mailed check,88.92,3530.69,No
CUST6418,Male,0,Yes,No,20,Yes,DSL,Month-to-month,Mailed check,52.73,1044.52,No
CUST6419,Female,0,No,No,38,Yes,Fiber optic,Month-to-month,Bank transfer,53.08,2019.53,No
CUST6420,Male,0,No,Yes,22,Yes,DSL,Two year,Mailed check,100.92,,Yes
CUST6421,Male,0,No,Yes,57,Yes,DSL,One year,Mailed check,30.06,1708.35,Yes
CUST6422,Male,1,Yes,No,68,Yes,DSL,One year,Mailed check,65.1,4271.12,No
CUST6423,Male,0,No,Yes,28,Yes,DSL,Month-to-month,Electronic check,98.72,2818.35,No
CUST6424,Male,0,Yes,Yes,61,Yes,Fiber optic,Month-to-month,Bank transfer,48.75,2961.45,No
CUST6425,Male,0,No,No,52,Yes,Fiber optic,Month-to-month,Credit card,23.99,915.75,Yes
CUST6426,Female,0,No,Yes,44,Yes,Fiber optic,Month-to-month,Bank transfer,121.21,5174.45,Yes
CUST6427,Female,0,Yes,Yes,26,No,DSL,Month-to-month,Bank transfer,93.98,2396.13,Yes
CUST6428,Female,1,Yes,Yes,33,Yes,DSL,Two year,Credit card,94.91,3259.89,No
CUST6429,Male,0,Yes,Yes,13,No,No,Month-to-month,Credit card,67.32,935.93,Yes
CUST6430,Female,1,Yes,Yes,40,Yes,DSL,One year,Mailed check,89.22,3500.08,No
CUST6431,Male,0,No,Yes,59,Yes,DSL,Month-to-month,Mailed check,,258.82,Yes
CUST6432,Male,0,No,No,41,Yes,No,One year,Mailed check,56.88,2442.53,No
CUST6433,Male,0,No,No,50,Yes,Fiber optic,Month-to-month,Electronic check,98.43,4859.87,No
CUST6434,Male,0,Yes,Yes,10,Yes,Fiber optic,Month-to-month,Electronic check,28.12,172.6,No
CUST6435,Female,0,Yes,No,34,Yes,Fiber optic,Month-to-month,Bank transfer,60.0,2128.05,No
CUST6436,Male,0,No,No,18,Yes,DSL,Two year,Electronic check,79.59,1544.23,No
CUST6437,Female,0,No,No,64,Yes,No,Two year,Electronic check,46.47,2913.59,No
CUST6438,Male,0,Yes,Yes,60,Yes,No,Month-to-month,Credit card,70.22,4261.96,Yes
CUST6439,Female,1,No,No,46,Yes,DSL,Month-to-month,Mailed check,81.57,3748.16,No
CUST6440,Female,0,No,Yes,13,Yes,No,Month-to-month,Credit card,79.06,968.71,No
CUST6441,Female,1,No,No,66,Yes,Fiber optic,Month-to-month,Mailed check,57.98,3943.55,No
CUST6442,Female,0,Yes,No,51,Yes,Fiber optic,One year,Bank transfer,45.13,2235.23,No
CUST6443,Female,0,No,Yes,31,Yes,DSL,Month-to-month,Credit card,81.88,2613.88,No
CUST6444,Female,0,Yes,No,9,Yes,Fiber optic,Month-to-month,Mailed check,,728.34,No
CUST6445,Male,0,No,Yes,16,Yes,DSL,One year,Credit card,78.7,1241.95,Yes
CUST6446,Female,0,Yes,No,39,Yes,Fiber optic,Month-to-month,Credit card,73.43,2808.25,No
CUST6447,Male,0,No,No,67,Yes,DSL,One year,Mailed check,80.2,5274.74,No
CUST6448,Female,0,No,No,62,Yes,Fiber optic,Month-to-month,Electronic check,96.31,5946.23,Yes
CUST6449,Male,0,No,No,14,Yes,Fiber optic,One year,Credit card,79.3,1058.96,Yes
CUST6450,Female,0,Yes,Yes,38,Yes,No,Month-to-month,Bank transfer,72.93,2780.59,Yes
CUST6451,Female,0,No,Yes,56,Yes,DSL,Month-to-month,Electronic check,54.19,2914.89,No
CUST6452,Male,0,No,No,9,Yes,No,Two year,Credit card,111.58,989.05,No
CUST6453,Female,0,Yes,Yes,70,Yes,DSL,Month-to-month,Bank transfer,36.31,2582.3,No
CUST6454,Female,0,Yes,No,16,Yes,No,Two year,Bank transfer,63.92,955.39,No
CUST6455,Female,0,No,Yes,16,Yes,Fiber optic,One year,Mailed check,54.73,949.78,No
CUST6456,Male,0,No,Yes,15,Yes,No,Two year,Electronic check,15.19,312.81,No
CUST6457,Female,0,No,Yes,2,Yes,Fiber optic,Month-to-month,Electronic check,80.61,40.51,Yes
CUST6458,Male,0,No,No,50,Yes,Fiber optic,Month-to-month,Mailed check,63.9,3119.16,No
CUST6459,Female,0,No,Yes,45,Yes,DSL,One year,Credit card,70.96,3059.16,Yes
CUST6460,Female,0,Yes,Yes,54,Yes,No,One year,Credit card,64.64,3532.87,Yes
CUST6461,Male,0,No,No,25,Yes,No,One year,Bank transfer,92.6,2327.79,Yes
CUST6462,Female,0,Yes,No,30,Yes,DSL,Month-to-month,Bank transfer,96.44,2733.09,No
CUST6463,Female,0,Yes,No,71,Yes,DSL,Two year,Bank transfer,36.96,2558.96,Yes
CUST6464,Male,0,No,Yes,18,Yes,Fiber optic,Month-to-month,Bank transfer,122.96,2244.11,No
CUST6465,Female,0,Yes,Yes,67,Yes,No,One year,Mailed check,62.79,4218.23,No
CUST6466,Male,0,No,Yes,14,Yes,DSL,Month-to-month,Credit card,87.63,1347.84,No
CUST6467,Male,0,Yes,Yes,57,No,No,Month-to-month,Bank transfer,75.41,4183.18,No
CUST6468,Male,0,Yes,Yes,29,Yes,DSL,Month-to-month,Electronic check,73.17,2121.04,No
CUST6469,Female,0,No,Yes,47,Yes,No,One year,Bank transfer,86.71,3975.19,No
CUST6470,Male,0,No,No,55,No,Fiber optic,One year,Bank transfer,109.55,,No
CUST6471,Male,0,Yes,Yes,41,No,DSL,Two year,Credit card,93.31,3807.6,No
CUST6472,Female,1,No,Yes,23,Yes,DSL,Month-to-month,Bank transfer,62.7,1469.28,No
CUST6473,Male,1,No,Yes,51,Yes,Fiber optic,Month-to-month,Mailed check,67.47,3400.05,No
CUST6474,Female,0,Yes,No,42,Yes,Fiber optic,Month-to-month,Credit card,53.1,2306.43,Yes
CUST6475,Female,0,Yes,Yes,33,Yes,No,Month-to-month,Credit card,91.46,2946.71,No
CUST6476,Female,0,Yes,No,59,Yes,Fiber optic,Month-to-month,Bank transfer,87.7,5072.77,No
CUST6477,Female,0,No,Yes,2,Yes,Fiber optic,Month-to-month,Mailed check,59.74,142.0,No
CUST6478,Male,0,No,No,67,Yes,No,Month-to-month,Credit card,109.8,7541.99,Yes
CUST6479,Male,1,No,No,10,Yes,Fiber optic,Month-to-month,Electronic check,102.21,869.97,No
CUST6480,Male,0,Yes,No,12,Yes,No,Month-to-month,Bank transfer,124.71,1382.06,No
CUST6481,Male,0,No,Yes,49,Yes,No,Two year,Credit card,46.31,2292.35,No
CUST6482,Male,0,Yes,No,18,Yes,No,One year,Bank transfer,66.99,1318.54,Yes
CUST6483,Female,0,Yes,Yes,43,Yes,DSL,One year,Electronic check,64.1,2786.94,Yes
CUST6484,Male,1,Yes,No,32,Yes,Fiber optic,One year,Bank transfer,148.11,4678.72,Yes
CUST6485,Male,1,Yes,Yes,37,Yes,Fiber optic,Month-to-month,Bank transfer,70.3,2643.13,Yes
CUST6486,Male,0,Yes,No,2,No,Fiber optic,One year,Mailed check,107.96,267.55,No
CUST6487,Female,0,Yes,No,64,Yes,Fiber optic,One year,Mailed check,101.04,6398.54,No
CUST6488,Female,0,Yes,Yes,34,Yes,No,Month-to-month,Electronic check,67.48,2376.8,No
CUST6489,Male,0,No,No,35,Yes,DSL,Two year,Mailed check,71.67,2505.0,No
CUST6490,Female,0,Yes,Yes,37,Yes,Fiber optic,Month-to-month,Credit card,85.68,2995.19,No
CUST6491,Male,0,No,No,38,Yes,DSL,Month-to-month,Mailed check,107.74,4080.64,No
CUST6492,Male,0,No,No,24,Yes,DSL,One year,Credit card,64.84,1499.25,No
CUST6493,Female,0,No,Yes,63,Yes,Fiber optic,One year,Electronic check,54.74,3579.11,Yes
CUST6494,Female,0,No,Yes,12,Yes,DSL,Month-to-month,Electronic check,97.97,1042.74,No
CUST6495,Male,0,No,Yes,67,Yes,DSL,Month-to-month,Bank transfer,35.59,2336.22,No
CUST6496,Male,1,Yes,No,69,Yes,Fiber optic,Month-to-month,Credit card,77.58,5378.74,No
CUST6497,Female,1,No,Yes,0,Yes,DSL,Month-to-month,Bank transfer,101.81,,No
CUST6498,Male,1,No,Yes,71,Yes,DSL,Two year,Bank transfer,82.91,6082.1,No
CUST6499,Female,0,No,No,53,Yes,No,One year,Bank transfer,52.99,2803.95,No
CUST6500,Male,0,Yes,Yes,8,No,No,One year,Credit card,39.96,354.61,Yes
CUST6501,Female,0,No,Yes,35,Yes,DSL,Month-to-month,Mailed check,105.61,3756.55,Yes
CUST6502,Male,0,No,No,36,No,DSL,Month-to-month,Credit card,64.73,2229.04,No
CUST6503,Male,0,No,No,58,Yes,No,Month-to-month,Mailed check,42.96,2492.69,No
CUST6504,Female,0,No,No,20,Yes,DSL,Month-to-month,Credit card,104.17,2219.02,Yes
CUST6505,Male,0,Yes,No,19,Yes,Fiber optic,Month-to-month,Electronic check,94.03,1800.73,No
CUST6506,Male,1,No,No,0,Yes,Fiber optic,Month-to-month,Electronic check,38.45,194.98,No
CUST6507,Female,0,Yes,Yes,58,Yes,Fiber optic,Month-to-month,Mailed check,145.43,8390.38,No
CUST6508,Male,0,Yes,No,27,Yes,No,Month-to-month,Bank transfer,53.78,1443.19,No
CUST6509,Male,0,No,No,70,Yes,DSL,Month-to-month,Bank transfer,93.52,6538.33,No
CUST6510,Male,0,No,No,55,Yes,Fiber optic,Month-to-month,Bank transfer,129.6,6997.87,Yes
CUST6511,Female,1,Yes,Yes,8,Yes,Fiber optic,One year,Bank transfer,96.65,883.8,Yes
CUST6512,Female,0,No,Yes,64,Yes,No,Month-to-month,Credit card,77.78,4944.55,No
CUST6513,Female,1,No,Yes,35,Yes,No,One year,Electronic check,27.03,971.86,No
CUST6514,Male,0,No,Yes,33,Yes,Fiber optic,One year,Credit card,131.23,4270.75,No
CUST6515,Male,0,Yes,No,31,Yes,No,Two year,Credit card,95.95,3146.97,No
CUST6516,Male,0,Yes,No,65,Yes,DSL,Month-to-month,Credit card,27.55,1914.02,No
CUST6517,Male,0,No,No,24,Yes,DSL,Month-to-month,Mailed check,116.34,,Yes
CUST6518,Female,0,No,Yes,50,Yes,DSL,Month-to-month,Electronic check,71.83,3469.08,No
CUST6519,Male,0,Yes,No,62,Yes,DSL,Two year,Mailed check,61.67,3897.94,No
CUST6520,Male,0,Yes,Yes,44,No,Fiber optic,One year,Bank transfer,52.84,2433.26,Yes
CUST6521,Male,0,Yes,Yes,25,Yes,No,Month-to-month,Electronic check,75.13,1785.52,Yes
CUST6522,Female,0,Yes,Yes,20,No,Fiber optic,Month-to-month,Mailed check,94.24,1870.46,Yes
CUST6523,Male,1,Yes,No,50,Yes,Fiber optic,Month-to-month,Mailed check,55.16,2765.68,Yes
CUST6524,Male,0,Yes,No,23,Yes,DSL,Month-to-month,Credit card,73.83,1806.79,Yes
CUST6525,Male,0,Yes,No,11,Yes,Fiber optic,One year,Mailed check,171.42,1870.49,Yes
CUST6526,Male,0,No,No,10,Yes,Fiber optic,Month-to-month,Mailed check,84.27,938.9,Yes
CUST6527,Male,1,Yes,Yes,26,Yes,Fiber optic,Month-to-month,Bank transfer,98.98,2496.19,No
CUST6528,Female,1,Yes,No,22,Yes,DSL,Month-to-month,Bank transfer,41.25,801.96,Yes
CUST6529,Male,0,No,Yes,32,Yes,Fiber optic,Month-to-month,Mailed check,29.28,1120.11,No
CUST6530,Male,0,No,Yes,37,Yes,Fiber optic,Month-to-month,Mailed check,113.94,4084.54,No
CUST6531,Male,0,No,Yes,54,Yes,Fiber optic,Month-to-month,Mailed check,105.37,5614.86,No
CUST6532,Male,1,Yes,Yes,69,Yes,DSL,Month-to-month,Credit card,121.42,8456.48,No
CUST6533,Male,1,Yes,Yes,41,Yes,DSL,One year,Credit card,67.61,2718.94,Yes
CUST6534,Male,1,No,Yes,28,No,DSL,Month-to-month,Credit card,,2957.91,No
CUST6535,Male,0,No,Yes,33,Yes,Fiber optic,Month-to-month,Bank transfer,6.63,199.04,No
CUST6536,Male,0,No,No,56,Yes,Fiber optic,Two year,Electronic check,86.24,4613.84,No
CUST6537,Male,1,Yes,No,2,Yes,No,Month-to-month,Credit card,100.99,314.04,No
CUST6538,Male,0,No,Yes,5,Yes,Fiber optic,Month-to-month,Credit card,49.35,264.34,No
CUST6539,Female,0,Yes,No,47,Yes,DSL,Month-to-month,Mailed check,101.68,4697.82,No
CUST6540,Female,0,Yes,No,63,Yes,Fiber optic,Month-to-month,Credit card,,3898.8,No
CUST6541,Female,1,Yes,No,12,Yes,Fiber optic,Month-to-month,Electronic check,67.61,674.78,No
CUST6542,Female,0,Yes,No,35,Yes,DSL,Month-to-month,Bank transfer,62.24,2018.97,No
CUST6543,Male,0,No,Yes,69,Yes,Fiber optic,Month-to-month,Credit card,117.44,8126.09,No
CUST6544,Female,0,No,No,32,Yes,DSL,One year,Bank transfer,56.37,1827.56,No
CUST6545,Female,0,No,Yes,56,Yes,DSL,Month-to-month,Credit card,52.7,3012.42,Yes
CUST6546,Male,0,Yes,Yes,54,No,Fiber optic,Two year,Bank transfer,44.28,2464.38,No
CUST6547,Female,0,No,No,12,Yes,Fiber optic,One year,Bank transfer,58.94,770.1,No
CUST6548,Female,0,Yes,No,50,No,Fiber optic,One year,Credit card,75.85,3946.28,No
CUST6549,Male,0,Yes,Yes,52,Yes,DSL,One year,Credit card,89.16,4755.84,Yes
CUST6550,Male,1,Yes,Yes,35,Yes,No,Month-to-month,Bank transfer,47.4,1754.84,Yes
CUST6551,Male,0,No,No,4,Yes,Fiber optic,Month-to-month,Electronic check,81.19,348.44,No
CUST6552,Female,0,Yes,No,24,No,No,Two year,Electronic check,88.36,2192.71,Yes
CUST6553,Female,1,Yes,Yes,36,Yes,Fiber optic,Month-to-month,Electronic check,42.02,1471.66,No
CUST6554,Male,0,No,No,18,No,Fiber optic,Month-to-month,Electronic check,71.89,1271.92,Yes
CUST6555,Male,0,No,Yes,34,Yes,DSL,Month-to-month,Credit card,67.45,2465.44,No
CUST6556,Female,0,No,Yes,33,Yes,Fiber optic,Month-to-month,Mailed check,72.22,2327.55,Yes
CUST6557,Male,0,Yes,Yes,53,Yes,Fiber optic,Month-to-month,Bank transfer,54.1,2804.23,Yes
CUST6558,Female,0,Yes,Yes,45,Yes,DSL,Month-to-month,Electronic check,65.94,2931.09,No
CUST6559,Male,0,No,No,5,Yes,Fiber optic,One year,Electronic check,70.93,299.72,Yes
CUST6560,Male,0,Yes,Yes,0,Yes,Fiber optic,Month-to-month,Mailed check,125.92,-46.45,No
CUST6561,Female,0,Yes,Yes,70,Yes,Fiber optic,One year,Mailed check,71.34,5018.03,No
CUST6562,Male,0,No,No,33,Yes,DSL,Month-to-month,Credit card,110.15,3662.45,No
CUST6563,Male,0,No,No,55,Yes,DSL,Month-to-month,Bank transfer,112.42,6274.21,No
CUST6564,Male,0,No,Yes,25,Yes,DSL,Month-to-month,Bank transfer,30.43,979.56,No
CUST6565,Female,0,No,No,41,Yes,Fiber optic,One year,Mailed check,61.26,2474.83,Yes
CUST6566,Male,0,No,No,37,Yes,DSL,Two year,Mailed check,112.49,4155.57,Yes
CUST6567,Male,0,No,Yes,25,Yes,DSL,Month-to-month,Mailed check,75.43,1701.96,No
CUST6568,Male,0,No,No,58,Yes,No,Month-to-month,Credit card,66.51,3728.35,No
CUST6569,Male,0,No,No,23,Yes,DSL,One year,Bank transfer,92.5,2112.88,No
CUST6570,Male,1,Yes,No,20,No,Fiber optic,One year,Mailed check,102.03,2086.96,Yes
CUST6571,Male,1,Yes,No,59,Yes,No,Month-to-month,Electronic check,69.12,4127.22,Yes
CUST6572,Female,0,Yes,No,19,Yes,Fiber optic,Month-to-month,Bank transfer,61.65,1233.06,No
CUST6573,Female,0,Yes,Yes,5,Yes,Fiber optic,Two year,Bank transfer,0.91,130.3,Yes
CUST6574,Male,0,Yes,No,66,Yes,No,Month-to-month,Electronic check,71.41,4883.63,No
CUST6575,Female,1,Yes,Yes,9,Yes,No,Month-to-month,Electronic check,58.57,502.79,No
CUST6576,Female,0,Yes,Yes,11,Yes,Fiber optic,Month-to-month,Bank transfer,39.8,357.59,No
CUST6577,Male,0,Yes,No,21,Yes,DSL,One year,Bank transfer,63.84,1406.13,Yes
CUST6578,Female,0,Yes,No,61,Yes,Fiber optic,Month-to-month,Mailed check,57.48,3599.66,No
CUST6579,Female,0,Yes,No,60,Yes,No,One year,Credit card,75.07,4517.78,Yes
CUST6580,Female,1,Yes,No,16,Yes,No,One year,Credit card,61.63,968.18,Yes
CUST6581,Female,0,No,No,9,Yes,No,Month-to-month,Mailed check,83.41,700.27,Yes
CUST6582,Female,0,Yes,No,11,No,Fiber optic,Month-to-month,Electronic check,75.22,823.2,No
CUST6583,Female,0,No,No,39,Yes,Fiber optic,Two year,Electronic check,108.21,4289.2,No
CUST6584,Female,0,Yes,No,22,Yes,DSL,Month-to-month,Electronic check,53.97,1120.51,Yes
CUST6585,Female,0,No,No,39,Yes,DSL,Month-to-month,Electronic check,123.4,4732.5,Yes
CUST6586,Male,0,Yes,No,49,Yes,Fiber optic,Two year,Mailed check,102.02,5058.94,No
CUST6587,Male,0,No,No,9,Yes,DSL,Two year,Bank transfer,114.6,946.6,No
CUST6588,Female,0,Yes,No,3,Yes,DSL,Month-to-month,Mailed check,77.58,247.86,No
CUST6589,Female,0,No,Yes,0,Yes,No,Month-to-month,Electronic check,61.56,9.82,Yes
CUST6590,Male,0,Yes,No,42,Yes,DSL,Month-to-month,Mailed check,53.86,2262.16,No
CUST6591,Female,0,No,Yes,4,Yes,No,Two year,Credit card,122.57,426.01,Yes
CUST6592,Female,0,Yes,Yes,33,Yes,DSL,One year,Credit card,102.9,3569.09,Yes
CUST6593,Male,0,No,No,65,Yes,No,Month-to-month,Electronic check,39.76,2624.23,No
CUST6594,Male,0,No,Yes,23,Yes,Fiber optic,One year,Mailed check,99.33,,No
CUST6595,Male,0,No,No,13,Yes,DSL,One year,Credit card,45.24,621.21,No
CUST6596,Female,0,No,No,40,Yes,Fiber optic,Month-to-month,Bank transfer,79.73,3372.42,Yes
CUST6597,Female,0,No,Yes,41,Yes,No,One year,Electronic check,94.78,3894.93,No
CUST6598,Male,0,No,No,12,Yes,Fiber optic,Month-to-month,Mailed check,113.74,1518.22,Yes
CUST6599,Male,0,No,Yes,28,Yes,Fiber optic,One year,Electronic check,77.13,2044.86,Yes
CUST6600,Female,0,No,Yes,64,Yes,No,Month-to-month,Credit card,65.98,4137.61,No
CUST6601,Male,1,Yes,No,45,Yes,DSL,One year,Bank transfer,71.32,2995.36,No
CUST6602,Female,0,Yes,Yes,33,Yes,No,Month-to-month,Credit card,102.01,3563.91,No
CUST6603,Female,1,Yes,Yes,62,Yes,DSL,Month-to-month,Electronic check,93.65,5636.11,Yes
CUST6604,Male,0,No,No,3,Yes,Fiber optic,Month-to-month,Bank transfer,69.51,225.95,Yes
CUST6605,Male,0,No,Yes,27,Yes,DSL,One year,Mailed check,14.1,554.46,No
CUST6606,Female,0,Yes,No,0,Yes,Fiber optic,Month-to-month,Credit card,3.03,97.12,No
CUST6607,Male,0,Yes,No,35,Yes,DSL,One year,Bank transfer,76.76,2724.23,No
CUST6608,Male,0,No,No,12,Yes,DSL,Month-to-month,Electronic check,34.56,543.03,Yes
CUST6609,Male,0,No,No,4,Yes,Fiber optic,One year,Mailed check,54.13,149.68,Yes
CUST6610,Male,0,Yes,Yes,13,No,Fiber optic,Month-to-month,Electronic check,63.19,873.24,Yes
CUST6611,Female,0,No,No,31,Yes,Fiber optic,Month-to-month,Electronic check,132.29,4089.73,No
CUST6612,Female,0,Yes,Yes,49,Yes,Fiber optic,Month-to-month,Mailed check,73.67,3596.51,No
CUST6613,Female,0,No,Yes,26,Yes,DSL,Month-to-month,Bank transfer,91.6,2400.66,No
CUST6614,Female,0,Yes,No,34,Yes,No,One year,Bank transfer,85.14,3012.29,No
CUST6615,Male,0,Yes,No,2,Yes,DSL,One year,Mailed check,2.66,161.97,No
CUST6616,Male,0,No,No,3,No,DSL,Month-to-month,Mailed check,58.02,147.36,Yes
CUST6617,Female,0,Yes,Yes,6,Yes,Fiber optic,One year,Electronic check,33.4,91.53,No
CUST6618,Female,0,No,No,2,Yes,Fiber optic,Month-to-month,Electronic check,121.82,161.68,No
CUST6619,Male,0,No,Yes,58,Yes,DSL,Month-to-month,Credit card,15.42,1089.14,Yes
CUST6620,Female,0,No,No,0,Yes,DSL,Month-to-month,Mailed check,57.38,148.08,Yes
CUST6621,Female,0,No,No,27,Yes,No,Month-to-month,Credit card,62.18,1569.73,Yes
CUST6622,Male,0,No,Yes,58,Yes,Fiber optic,One year,Mailed check,40.42,2510.46,No
CUST6623,Female,1,Yes,Yes,52,Yes,Fiber optic,Two year,Credit card,73.04,3726.91,No
CUST6624,Male,0,No,No,9,Yes,No,Month-to-month,Electronic check,68.73,685.03,Yes
CUST6625,Male,0,No,No,70,Yes,DSL,Month-to-month,Electronic check,74.89,5171.06,No
CUST6626,Female,0,Yes,No,2,No,Fiber optic,Two year,Bank transfer,85.07,386.43,No
CUST6627,Male,0,No,Yes,6,No,DSL,Month-to-month,Credit card,77.1,405.59,No
CUST6628,Female,0,Yes,No,8,Yes,DSL,Month-to-month,Mailed check,81.41,546.3,No
CUST6629,Male,0,No,No,68,Yes,DSL,Month-to-month,Credit card,103.37,6983.51,No
CUST6630,Female,0,Yes,Yes,12,Yes,Fiber optic,One year,Electronic check,20.51,508.81,No
CUST6631,Female,1,No,No,39,Yes,DSL,One year,Bank transfer,91.0,3575.06,No
CUST6632,Female,0,No,Yes,61,Yes,Fiber optic,One year,Credit card,38.63,,No
CUST6633,Male,0,No,Yes,61,Yes,No,Month-to-month,Electronic check,50.73,3015.69,No
CUST6634,Male,0,No,No,9,Yes,Fiber optic,One year,Mailed check,73.63,,No
CUST6635,Female,0,No,No,10,Yes,DSL,Month-to-month,Bank transfer,82.34,877.41,No
CUST6636,Male,0,Yes,Yes,61,Yes,DSL,Two year,Electronic check,85.87,5113.02,Yes
CUST6637,Female,0,Yes,Yes,55,Yes,Fiber optic,Month-to-month,Mailed check,41.65,2401.32,Yes
CUST6638,Female,0,No,No,48,Yes,DSL,Month-to-month,Credit card,118.94,5788.13,No
CUST6639,Male,0,Yes,Yes,15,Yes,No,Two year,Mailed check,57.46,851.9,Yes
CUST6640,Female,0,No,Yes,8,No,No,One year,Mailed check,48.42,510.97,No
CUST6641,Male,0,No,No,32,Yes,Fiber optic,One year,Mailed check,31.84,1111.44,No
CUST6642,Female,0,No,Yes,34,Yes,DSL,Month-to-month,Bank transfer,28.88,997.61,Yes
CUST6643,Male,1,Yes,Yes,38,Yes,No,One year,Electronic check,28.01,987.57,No
CUST6644,Female,0,No,Yes,24,Yes,Fiber optic,One year,Electronic check,79.43,1947.67,No
CUST6645,Female,0,Yes,Yes,55,Yes,Fiber optic,One year,Mailed check,88.13,4887.92,No
CUST6646,Male,0,No,Yes,47,Yes,DSL,Two year,Credit card,44.07,2120.44,Yes
CUST6647,Female,0,No,Yes,9,Yes,Fiber optic,Month-to-month,Credit card,35.74,329.56,Yes
CUST6648,Female,0,Yes,No,40,Yes,No,Month-to-month,Electronic check,63.65,2578.72,No
CUST6649,Male,1,No,No,58,Yes,DSL,One year,Credit card,72.92,4259.57,No
CUST6650,Female,0,Yes,No,27,Yes,No,Month-to-month,Mailed check,77.89,2239.24,No
CUST6651,Male,1,No,No,40,Yes,DSL,Month-to-month,Electronic check,41.07,1515.39,Yes
CUST6652,Female,0,No,Yes,65,Yes,No,Month-to-month,Electronic check,64.98,4123.54,No
CUST6653,Male,0,No,No,50,No,Fiber optic,One year,Credit card,117.02,5858.51,No
CUST6654,Female,0,Yes,Yes,61,Yes,DSL,Month-to-month,Electronic check,34.16,2007.76,No
CUST6655,Female,0,No,No,29,Yes,DSL,Month-to-month,Bank transfer,69.13,2025.86,No
CUST6656,Female,0,Yes,Yes,39,Yes,Fiber optic,Month-to-month,Mailed check,,3203.68,No
CUST6657,Male,0,No,No,39,Yes,DSL,Month-to-month,Bank transfer,40.96,1501.9,No
CUST6658,Male,0,No,Yes,68,Yes,Fiber optic,Month-to-month,Electronic check,88.34,6213.17,No
CUST6659,Male,1,Yes,No,61,Yes,DSL,Month-to-month,Credit card,29.82,1796.09,No
CUST6660,Male,0,No,No,14,Yes,DSL,Two year,Bank transfer,89.04,1129.44,Yes
CUST6661,Female,0,No,No,2,No,Fiber optic,Month-to-month,Bank transfer,71.3,131.12,No
CUST6662,Female,0,Yes,No,23,Yes,Fiber optic,One year,Bank transfer,27.42,734.3,No
CUST6663,Male,0,Yes,No,40,Yes,Fiber optic,One year,Credit card,,3745.75,No
CUST6664,Male,0,Yes,Yes,62,Yes,Fiber optic,Month-to-month,Credit card,43.12,2527.33,No
CUST6665,Male,1,No,No,47,Yes,Fiber optic,Month-to-month,Electronic check,65.4,2997.1,No
CUST6666,Female,0,Yes,Yes,60,Yes,Fiber optic,Two year,Credit card,88.91,5356.87,Yes
CUST6667,Male,0,Yes,No,47,Yes,DSL,Month-to-month,Bank transfer,41.07,1926.89,Yes
CUST6668,Male,0,No,No,46,Yes,DSL,Month-to-month,Electronic check,54.15,2330.9,No
CUST6669,Female,0,Yes,No,55,Yes,DSL,Month-to-month,Credit card,103.78,,No
CUST6670,Female,0,Yes,Yes,7,Yes,Fiber optic,Month-to-month,Mailed check,7.91,-51.39,No
CUST6671,Male,0,No,No,17,Yes,Fiber optic,Month-to-month,Credit card,112.56,1736.43,No
CUST6672,Female,0,Yes,No,22,No,Fiber optic,Month-to-month,Credit card,26.07,527.69,No
CUST6673,Male,0,No,Yes,68,Yes,Fiber optic,Month-to-month,Electronic check,49.02,3452.81,No
CUST6674,Female,0,Yes,Yes,64,Yes,DSL,One year,Electronic check,78.47,4955.5,No
CUST6675,Male,0,Yes,Yes,45,Yes,Fiber optic,Two year,Electronic check,88.09,4072.28,No
CUST6676,Male,0,No,Yes,65,Yes,DSL,Month-to-month,Mailed check,78.94,5134.07,No
CUST6677,Male,0,Yes,No,68,Yes,Fiber optic,Month-to-month,Mailed check,71.42,4838.22,Yes
CUST6678,Male,0,No,Yes,21,Yes,Fiber optic,One year,Credit card,56.92,1028.75,No
CUST6679,Female,0,Yes,Yes,64,Yes,No,Month-to-month,Credit card,116.84,7594.74,Yes
CUST6680,Female,0,Yes,No,11,No,No,Month-to-month,Electronic check,93.19,1036.73,No
CUST6681,Female,0,No,Yes,18,Yes,Fiber optic,One year,Electronic check,105.27,1734.87,No
CUST6682,Female,0,No,Yes,21,Yes,No,Two year,Mailed check,57.36,1242.75,No
CUST6683,Male,0,Yes,Yes,54,Yes,DSL,Month-to-month,Mailed check,0.15,-50.68,No
CUST6684,Male,0,Yes,No,61,Yes,DSL,Month-to-month,Electronic check,100.6,6142.73,No
CUST6685,Female,0,Yes,Yes,50,No,No,Month-to-month,Credit card,80.69,4058.51,No
CUST6686,Female,0,No,Yes,47,Yes,No,Month-to-month,Mailed check,75.49,3669.6,No
CUST6687,Female,0,No,Yes,16,Yes,Fiber optic,Month-to-month,Electronic check,52.98,734.95,Yes
CUST6688,Female,1,Yes,No,12,Yes,DSL,Month-to-month,Electronic check,,771.91,No
CUST6689,Female,0,Yes,No,27,Yes,No,Month-to-month,Electronic check,52.03,1537.64,No
CUST6690,Male,0,Yes,Yes,66,Yes,DSL,Month-to-month,Mailed check,71.36,4961.81,Yes
CUST6691,Male,0,No,No,4,Yes,DSL,Month-to-month,Credit card,35.93,248.68,No
CUST6692,Male,0,Yes,Yes,59,Yes,Fiber optic,Two year,Mailed check,92.88,5516.06,Yes
CUST6693,Female,0,No,No,14,Yes,DSL,Two year,Credit card,131.1,1862.9,Yes
CUST6694,Female,1,No,No,43,Yes,DSL,One year,Mailed check,52.07,2394.22,No
CUST6695,Female,0,Yes,Yes,45,Yes,No,Month-to-month,Electronic check,22.22,971.26,No
CUST6696,Female,1,No,Yes,28,No,DSL,Month-to-month,Electronic check,66.94,1953.91,No
CUST6697,Male,0,No,Yes,67,Yes,No,One year,Bank transfer,79.46,5543.23,No
CUST6698,Male,0,Yes,No,48,Yes,No,One year,Electronic check,83.6,4001.86,Yes
CUST6699,Female,0,Yes,Yes,42,Yes,No,One year,Credit card,118.08,4757.96,No
CUST6700,Male,0,Yes,No,67,Yes,No,Month-to-month,Electronic check,94.47,6243.41,No
CUST6701,Male,0,Yes,No,19,Yes,Fiber optic,One year,Bank transfer,15.65,326.69,No
CUST6702,Female,0,Yes,Yes,17,Yes,Fiber optic,Two year,Electronic check,32.92,475.94,Yes
CUST6703,Female,0,Yes,No,63,No,No,Month-to-month,Electronic check,82.17,5141.99,Yes
CUST6704,Female,0,Yes,No,48,Yes,Fiber optic,Month-to-month,Mailed check,56.38,2676.74,No
CUST6705,Female,0,No,Yes,41,Yes,Fiber optic,Month-to-month,Credit card,115.45,4789.54,No
CUST6706,Female,0,Yes,No,11,Yes,Fiber optic,One year,Bank transfer,41.89,366.19,No
CUST6707,Female,0,Yes,No,35,Yes,Fiber optic,Month-to-month,Mailed check,98.82,3400.32,No
CUST6708,Male,0,Yes,Yes,7,Yes,Fiber optic,Two year,Bank transfer,50.52,494.34,No
CUST6709,Male,0,Yes,Yes,27,Yes,Fiber optic,Month-to-month,Electronic check,77.87,2054.29,No
CUST6710,Female,0,Yes,Yes,59,Yes,Fiber optic,Two year,Bank transfer,45.16,2737.02,No
CUST6711,Male,1,Yes,No,48,Yes,Fiber optic,Month-to-month,Mailed check,86.77,4166.35,Yes
CUST6712,Female,0,No,No,37,Yes,Fiber optic,Month-to-month,Electronic check,102.18,3778.35,Yes
CUST6713,Female,0,Yes,No,57,Yes,DSL,One year,Mailed check,77.59,,No
CUST6714,Female,0,No,Yes,4,Yes,Fiber optic,Two year,Credit card,127.27,322.83,Yes
CUST6715,Female,1,Yes,No,45,Yes,DSL,Two year,Credit card,48.39,2221.88,No
CUST6716,Male,0,No,No,1,Yes,No,Month-to-month,Credit card,72.94,128.22,No
CUST6717,Female,0,No,No,24,Yes,No,Month-to-month,Bank transfer,95.38,2373.96,No
CUST6718,Male,0,No,Yes,0,Yes,Fiber optic,Month-to-month,Credit card,41.51,-37.55,Yes
CUST6719,Female,0,Yes,Yes,68,Yes,No,Month-to-month,Bank transfer,71.87,4887.21,No
CUST6720,Female,0,Yes,Yes,39,Yes,Fiber optic,Month-to-month,Bank transfer,89.92,3261.63,No
CUST6721,Female,0,Yes,No,67,Yes,DSL,Month-to-month,Mailed check,97.88,6490.98,Yes
CUST6722,Male,0,Yes,No,68,Yes,Fiber optic,Two year,Electronic check,104.26,7107.24,No
CUST6723,Female,1,Yes,Yes,68,Yes,DSL,Month-to-month,Electronic check,43.93,3134.31,No
CUST6724,Female,0,Yes,Yes,15,Yes,DSL,One year,Mailed check,78.65,1364.33,No
CUST6725,Female,0,No,No,53,Yes,Fiber optic,One year,Credit card,30.55,1584.91,No
CUST6726,Male,0,No,Yes,62,Yes,Fiber optic,Month-to-month,Mailed check,48.27,3080.14,Yes
CUST6727,Male,0,No,No,17,No,Fiber optic,Two year,Mailed check,64.78,1086.54,No
CUST6728,Male,0,Yes,Yes,16,Yes,Fiber optic,Month-to-month,Electronic check,104.32,1507.52,Yes
CUST6729,Female,0,Yes,Yes,3,Yes,DSL,Two year,Bank transfer,85.84,318.03,No
CUST6730,Male,0,No,Yes,8,No,Fiber optic,Two year,Mailed check,71.2,752.73,No
CUST6731,Female,0,Yes,No,30,Yes,DSL,Two year,Mailed check,83.46,2465.66,No
CUST6732,Male,0,Yes,Yes,4,Yes,DSL,One year,Bank transfer,85.64,251.83,Yes
CUST6733,Male,1,Yes,No,15,Yes,Fiber optic,Month-to-month,Electronic check,81.07,1222.79,No
CUST6734,Female,0,No,Yes,41,Yes,DSL,Month-to-month,Credit card,52.75,2150.47,No
CUST6735,Male,0,No,Yes,40,Yes,DSL,Month-to-month,Mailed check,41.3,1913.0,No
CUST6736,Female,0,Yes,No,29,Yes,DSL,Month-to-month,Credit card,63.3,1936.29,No
CUST6737,Female,0,No,No,25,Yes,Fiber optic,One year,Credit card,46.18,1167.44,Yes
CUST6738,Male,0,No,Yes,48,Yes,No,One year,Mailed check,88.64,3965.19,No
CUST6739,Female,0,Yes,No,30,Yes,No,Month-to-month,Credit card,115.87,3461.77,No
CUST6740,Female,0,Yes,Yes,49,Yes,Fiber optic,Month-to-month,Mailed check,86.91,4443.81,No
CUST6741,Male,0,No,No,14,Yes,Fiber optic,Month-to-month,Bank transfer,15.7,227.8,No
CUST6742,Male,0,No,No,51,Yes,DSL,Month-to-month,Bank transfer,51.0,2683.18,Yes
CUST6743,Female,0,Yes,Yes,37,Yes,DSL,Month-to-month,Bank transfer,70.54,2649.18,No
CUST6744,Male,0,Yes,Yes,37,No,Fiber optic,One year,Bank transfer,26.96,948.85,Yes
CUST6745,Female,0,Yes,No,59,Yes,Fiber optic,One year,Electronic check,70.94,4354.59,No
CUST6746,Female,1,No,No,19,Yes,Fiber optic,Month-to-month,Bank transfer,84.08,1616.41,Yes
CUST6747,Male,0,No,Yes,43,Yes,DSL,Month-to-month,Mailed check,,4756.92,Yes
CUST6748,Male,0,Yes,No,62,Yes,DSL,One year,Mailed check,124.56,7724.87,Yes
CUST6749,Male,1,Yes,No,49,Yes,DSL,Month-to-month,Mailed check,34.25,1821.0,No
CUST6750,Male,0,Yes,No,21,Yes,Fiber optic,Two year,Credit card,66.5,1248.55,No
CUST6751,Female,0,Yes,No,71,Yes,DSL,Month-to-month,Mailed check,66.88,4775.51,No
CUST6752,Female,0,No,Yes,53,Yes,Fiber optic,Month-to-month,Electronic check,48.61,,No
CUST6753,Male,0,Yes,Yes,8,Yes,DSL,Two year,Electronic check,72.96,429.67,Yes
CUST6754,Male,0,Yes,No,14,Yes,Fiber optic,Month-to-month,Electronic check,67.6,1023.08,No
CUST6755,Female,1,No,No,47,Yes,DSL,Month-to-month,Electronic check,88.41,4180.92,No
CUST6756,Female,0,Yes,Yes,19,Yes,DSL,One year,Electronic check,110.7,2191.15,No
CUST6757,Female,0,No,No,34,Yes,DSL,One year,Electronic check,73.97,2628.79,No
CUST6758,Female,0,No,No,66,Yes,DSL,Month-to-month,Bank transfer,55.3,3644.24,No
CUST6759,Male,1,No,No,59,Yes,DSL,Month-to-month,Electronic check,39.23,2259.01,No
CUST6760,Female,0,Yes,No,33,Yes,No,Month-to-month,Credit card,131.27,4189.46,No
CUST6761,Female,0,No,No,53,No,DSL,One year,Electronic check,97.21,5087.7,No
CUST6762,Male,0,Yes,Yes,11,Yes,DSL,Month-to-month,Mailed check,81.99,902.98,No
CUST6763,Female,0,No,No,18,Yes,Fiber optic,One year,Mailed check,65.02,1074.0,Yes
CUST6764,Female,1,No,No,25,Yes,Fiber optic,One year,Credit card,118.36,,No
CUST6765,Male,0,No,No,22,Yes,DSL,Month-to-month,Electronic check,65.21,,No
CUST6766,Male,0,Yes,Yes,32,Yes,Fiber optic,Month-to-month,Bank transfer,18.64,420.2,No
CUST6767,Male,0,Yes,No,56,No,Fiber optic,Month-to-month,Bank transfer,77.95,4307.41,No
CUST6768,Female,0,No,No,29,Yes,DSL,Month-to-month,Bank transfer,33.17,980.35,No
CUST6769,Female,0,Yes,Yes,22,Yes,Fiber optic,One year,Bank transfer,78.06,1591.38,No
CUST6770,Male,0,No,Yes,35,Yes,DSL,One year,Electronic check,110.32,3772.37,No
CUST6771,Male,0,No,Yes,42,Yes,DSL,Month-to-month,Credit card,19.82,769.42,No
CUST6772,Female,0,No,Yes,65,Yes,No,Two year,Bank transfer,,2745.76,Yes
CUST6773,Male,1,No,No,52,Yes,DSL,Month-to-month,Electronic check,,5018.67,No
CUST6774,Male,0,Yes,No,59,No,DSL,Month-to-month,Electronic check,,3309.97,No
CUST6775,Male,1,No,No,36,Yes,No,Month-to-month,Electronic check,82.45,2920.76,No
CUST6776,Female,0,Yes,Yes,60,No,Fiber optic,Month-to-month,Electronic check,82.52,4847.31,Yes
CUST6777,Female,0,No,No,52,Yes,Fiber optic,Month-to-month,Electronic check,96.69,5041.55,No
CUST6778,Female,0,No,Yes,11,No,Fiber optic,Two year,Mailed check,50.6,608.37,No
CUST6779,Female,0,No,Yes,34,Yes,Fiber optic,Month-to-month,Electronic check,6.55,384.08,No
CUST6780,Female,0,No,No,66,Yes,Fiber optic,Two year,Electronic check,81.91,5520.68,No
CUST6781,Female,0,No,Yes,37,Yes,DSL,Month-to-month,Electronic check,22.93,722.53,No
CUST6782,Male,0,Yes,Yes,23,Yes,Fiber optic,One year,Mailed check,98.06,2241.28,No
CUST6783,Female,1,Yes,No,39,Yes,DSL,Two year,Mailed check,,2726.09,No
CUST6784,Female,0,No,No,64,Yes,DSL,Month-to-month,Credit card,61.12,3826.66,Yes
CUST6785,Male,0,Yes,Yes,56,Yes,Fiber optic,Month-to-month,Credit card,90.72,5045.25,No
CUST6786,Female,0,Yes,No,71,Yes,Fiber optic,Month-to-month,Electronic check,17.74,1326.94,No
CUST6787,Female,0,No,No,44,Yes,DSL,Two year,Bank transfer,63.99,2840.56,No
CUST6788,Male,0,No,Yes,71,Yes,DSL,One year,Electronic check,83.44,5924.41,No
CUST6789,Male,0,No,Yes,12,Yes,Fiber optic,One year,Credit card,77.59,865.73,No
CUST6790,Male,0,No,No,5,Yes,Fiber optic,One year,Bank transfer,55.34,132.14,No
CUST6791,Female,0,Yes,No,70,Yes,No,Month-to-month,Bank transfer,55.64,3863.56,No
CUST6792,Male,0,Yes,Yes,46,Yes,Fiber optic,Month-to-month,Credit card,116.3,5340.68,No
CUST6793,Female,0,Yes,No,43,No,No,Month-to-month,Electronic check,97.38,4040.5,No
CUST6794,Female,0,Yes,Yes,31,Yes,Fiber optic,Month-to-month,Credit card,50.07,1556.97,Yes
CUST6795,Female,0,No,Yes,2,Yes,Fiber optic,One year,Bank transfer,110.45,260.1,No
CUST6796,Female,1,No,No,53,Yes,No,One year,Mailed check,92.65,4841.25,No
CUST6797,Male,1,No,No,37,Yes,No,Two year,Electronic check,84.65,3172.39,No
CUST6798,Male,0,No,No,3,Yes,Fiber optic,Month-to-month,Credit card,85.8,284.97,No
CUST6799,Female,0,Yes,No,16,Yes,Fiber optic,Month-to-month,Credit card,35.62,539.47,Yes
CUST6800,Male,0,Yes,No,36,Yes,DSL,One year,Credit card,115.16,4104.16,No
CUST6801,Female,1,No,Yes,35,Yes,No,Month-to-month,Mailed check,98.55,3416.03,Yes
CUST6802,Female,0,Yes,No,57,Yes,Fiber optic,Month-to-month,Mailed check,77.35,4323.33,No
CUST6803,Female,0,Yes,Yes,40,Yes,No,Month-to-month,Electronic check,77.31,3126.86,No
CUST6804,Male,1,No,No,7,Yes,DSL,Month-to-month,Electronic check,67.26,386.29,No
CUST6805,Female,0,Yes,Yes,66,Yes,DSL,Two year,Electronic check,52.94,3415.93,No
CUST6806,Female,0,No,No,29,Yes,Fiber optic,Month-to-month,Credit card,86.04,2544.89,Yes
CUST6807,Male,1,Yes,No,51,Yes,No,Two year,Mailed check,46.14,2328.93,Yes
CUST6808,Male,0,Yes,Yes,24,No,No,Two year,Electronic check,74.52,1794.65,Yes
CUST6809,Male,1,No,No,51,Yes,DSL,Month-to-month,Mailed check,72.92,3547.76,No
CUST6810,Male,0,No,No,58,No,Fiber optic,One year,Bank transfer,81.56,4678.15,Yes
CUST6811,Female,1,No,Yes,29,No,DSL,Month-to-month,Electronic check,98.24,3017.04,No
CUST6812,Male,0,Yes,Yes,66,Yes,Fiber optic,Month-to-month,Mailed check,82.1,5240.52,No
CUST6813,Female,1,No,Yes,3,Yes,Fiber optic,Two year,Electronic check,90.81,447.39,No
CUST6814,Male,0,Yes,No,56,Yes,Fiber optic,Month-to-month,Mailed check,11.8,686.92,No
CUST6815,Male,0,No,Yes,62,Yes,No,Month-to-month,Mailed check,83.81,5142.92,Yes
CUST6816,Male,0,Yes,Yes,31,Yes,DSL,Month-to-month,Credit card,72.25,2219.31,No
CUST6817,Male,0,No,No,50,Yes,Fiber optic,Month-to-month,Bank transfer,81.15,,No
CUST6818,Male,0,No,No,62,Yes,Fiber optic,Month-to-month,Electronic check,54.13,3128.31,No
CUST6819,Male,0,Yes,No,0,Yes,DSL,Month-to-month,Mailed check,104.53,141.54,No
CUST6820,Female,0,Yes,No,18,Yes,No,Month-to-month,Electronic check,77.51,1421.74,No
CUST6821,Male,0,No,No,34,Yes,No,Two year,Mailed check,47.66,1721.66,Yes
CUST6822,Male,0,Yes,No,62,Yes,DSL,Month-to-month,Bank transfer,52.95,3108.07,Yes
CUST6823,Male,1,No,Yes,25,Yes,Fiber optic,Month-to-month,Mailed check,97.08,2404.25,Yes
CUST6824,Male,0,Yes,Yes,12,Yes,DSL,Month-to-month,Mailed check,67.44,576.44,Yes
CUST6825,Female,0,Yes,No,22,Yes,Fiber optic,One year,Electronic check,69.86,1656.68,No
CUST6826,Male,0,No,Yes,34,Yes,Fiber optic,Month-to-month,Bank transfer,,2080.11,No
CUST6827,Male,0,No,Yes,11,Yes,DSL,Two year,Mailed check,100.33,1003.89,Yes
CUST6828,Male,0,Yes,Yes,8,No,No,One year,Electronic check,84.47,482.32,No
CUST6829,Male,0,Yes,Yes,66,Yes,Fiber optic,Month-to-month,Mailed check,34.39,2314.18,No
CUST6830,Female,1,Yes,No,43,Yes,No,Month-to-month,Electronic check,40.73,1758.58,No
CUST6831,Male,0,Yes,No,60,Yes,DSL,Month-to-month,Bank transfer,70.14,4133.61,Yes
CUST6832,Female,0,No,Yes,20,Yes,No,One year,Credit card,50.71,1040.51,No
CUST6833,Male,0,No,No,6,Yes,Fiber optic,Month-to-month,Bank transfer,5.18,-46.91,No
CUST6834,Female,0,Yes,Yes,10,Yes,DSL,One year,Electronic check,47.65,300.57,No
CUST6835,Female,0,No,Yes,44,Yes,DSL,Two year,Bank transfer,61.64,2675.78,No
CUST6836,Male,0,Yes,No,31,Yes,No,One year,Electronic check,58.0,1962.47,No
CUST6837,Male,0,Yes,Yes,35,No,Fiber optic,One year,Electronic check,91.62,3303.87,Yes
CUST6838,Female,0,Yes,No,36,Yes,Fiber optic,One year,Bank transfer,2.96,152.1,Yes
CUST6839,Female,0,No,No,40,Yes,No,Month-to-month,Credit card,46.83,1897.6,No
CUST6840,Male,1,Yes,No,48,Yes,DSL,Month-to-month,Bank transfer,93.87,4469.43,No
CUST6841,Female,0,No,No,14,No,Fiber optic,Month-to-month,Electronic check,49.97,773.18,No
CUST6842,Female,0,No,No,12,Yes,Fiber optic,Month-to-month,Credit card,33.66,460.45,No
CUST6843,Female,0,Yes,No,52,Yes,Fiber optic,Two year,Electronic check,49.58,,Yes
CUST6844,Male,0,No,No,32,Yes,DSL,Month-to-month,Credit card,83.39,2688.39,No
CUST6845,Female,1,Yes,No,71,Yes,Fiber optic,One year,Bank transfer,62.4,4269.81,No
CUST6846,Female,0,Yes,No,31,Yes,Fiber optic,One year,Bank transfer,48.25,1447.72,No
CUST6847,Female,0,No,Yes,47,Yes,Fiber optic,One year,Electronic check,84.45,3849.84,No
CUST6848,Male,1,Yes,No,67,Yes,Fiber optic,Month-to-month,Credit card,81.25,5322.53,No
CUST6849,Male,0,No,Yes,56,Yes,DSL,Month-to-month,Electronic check,32.1,,No
CUST6850,Female,0,No,No,61,Yes,No,Month-to-month,Credit card,,4316.78,No
CUST6851,Male,0,No,Yes,1,Yes,Fiber optic,Two year,Electronic check,31.02,107.83,No
CUST6852,Female,0,Yes,No,15,Yes,No,Month-to-month,Bank transfer,105.1,1679.7,No
CUST6853,Male,0,No,No,7,Yes,DSL,Month-to-month,Mailed check,106.94,742.41,No
CUST6854,Male,0,Yes,No,18,Yes,DSL,Month-to-month,Electronic check,61.37,1044.11,No
CUST6855,Female,0,Yes,Yes,31,Yes,DSL,Month-to-month,Mailed check,101.95,3263.55,No
CUST6856,Male,0,No,Yes,66,Yes,Fiber optic,Month-to-month,Bank transfer,47.31,3177.7,No
CUST6857,Male,0,No,No,31,Yes,DSL,Two year,Mailed check,65.8,2159.32,Yes
CUST6858,Male,0,Yes,Yes,24,Yes,Fiber optic,One year,Credit card,52.46,1150.89,No
CUST6859,Female,0,No,No,52,Yes,No,Two year,Mailed check,69.26,3575.49,No
CUST6860,Male,0,No,Yes,24,Yes,DSL,Month-to-month,Electronic check,71.99,1705.9,No
CUST6861,Male,1,No,Yes,32,Yes,DSL,Month-to-month,Mailed check,69.92,2258.38,Yes
CUST6862,Female,1,Yes,Yes,30,Yes,No,One year,Credit card,67.29,2081.19,Yes
CUST6863,Male,1,No,No,35,Yes,DSL,One year,Bank transfer,73.82,2597.48,No
CUST6864,Male,1,Yes,Yes,48,Yes,Fiber optic,Month-to-month,Credit card,107.66,5301.22,No
CUST6865,Male,0,Yes,Yes,43,Yes,DSL,Two year,Electronic check,9.67,378.34,No
CUST6866,Male,0,No,No,47,Yes,Fiber optic,Two year,Credit card,127.63,5893.71,No
CUST6867,Male,0,No,No,29,No,DSL,Month-to-month,Mailed check,59.48,1658.35,No
CUST6868,Female,0,Yes,Yes,12,Yes,Fiber optic,Month-to-month,Mailed check,67.66,732.91,No
CUST6869,Female,0,Yes,Yes,42,Yes,Fiber optic,Month-to-month,Credit card,109.88,4569.37,Yes
CUST6870,Male,0,No,No,15,Yes,Fiber optic,Two year,Mailed check,88.2,1296.08,Yes
CUST6871,Male,0,Yes,No,25,Yes,DSL,Month-to-month,Mailed check,86.05,2128.57,No
CUST6872,Male,1,No,No,46,Yes,Fiber optic,One year,Electronic check,107.37,4962.21,No
CUST6873,Female,0,Yes,No,36,Yes,DSL,One year,Electronic check,65.06,2296.05,Yes
CUST6874,Female,0,No,No,2,Yes,No,Month-to-month,Electronic check,97.57,300.02,No
CUST6875,Male,1,Yes,Yes,25,Yes,Fiber optic,Month-to-month,Bank transfer,32.19,610.93,No
CUST6876,Male,0,No,No,14,Yes,DSL,Month-to-month,Bank transfer,82.53,932.73,No
CUST6877,Female,0,No,No,65,Yes,DSL,Two year,Electronic check,86.85,5745.38,No
CUST6878,Male,0,Yes,Yes,27,Yes,DSL,One year,Credit card,104.38,2910.53,No
CUST6879,Female,0,No,No,37,Yes,DSL,One year,Credit card,91.23,3499.41,No
CUST6880,Female,0,Yes,No,43,Yes,Fiber optic,Month-to-month,Credit card,76.13,3337.26,Yes
CUST6881,Male,0,Yes,No,52,Yes,DSL,Month-to-month,Electronic check,60.47,3144.69,Yes
CUST6882,Female,0,Yes,Yes,3,Yes,No,Two year,Bank transfer,60.14,154.58,No
CUST6883,Male,0,Yes,No,71,Yes,DSL,Month-to-month,Mailed check,60.39,4127.48,Yes
CUST6884,Male,1,No,No,43,Yes,Fiber optic,Month-to-month,Credit card,31.06,1350.35,No
CUST6885,Male,1,Yes,No,45,Yes,DSL,Month-to-month,Electronic check,122.3,5359.82,No
CUST6886,Male,0,Yes,No,25,Yes,DSL,Month-to-month,Electronic check,99.96,2745.61,No
CUST6887,Male,0,Yes,Yes,12,No,No,Month-to-month,Mailed check,77.64,828.48,No
CUST6888,Male,1,No,Yes,68,Yes,No,Month-to-month,Bank transfer,94.45,6415.06,No
CUST6889,Female,1,Yes,No,43,No,Fiber optic,One year,Bank transfer,92.59,4132.01,No
CUST6890,Female,1,No,No,52,Yes,Fiber optic,Month-to-month,Electronic check,40.21,2054.32,Yes
CUST6891,Female,1,No,No,50,Yes,No,Two year,Mailed check,89.1,,No
CUST6892,Female,0,Yes,No,12,No,Fiber optic,Month-to-month,Bank transfer,108.09,1038.4,Yes
CUST6893,Male,0,No,No,40,Yes,DSL,Month-to-month,Mailed check,49.66,1855.42,No
CUST6894,Female,0,Yes,No,10,Yes,DSL,Month-to-month,Mailed check,23.99,296.05,No
CUST6895,Female,0,No,No,36,Yes,Fiber optic,Two year,Electronic check,35.14,1432.32,Yes
CUST6896,Female,0,No,Yes,59,Yes,Fiber optic,Two year,Mailed check,67.11,3870.37,No
CUST6897,Male,0,Yes,No,31,Yes,Fiber optic,Month-to-month,Mailed check,33.41,1055.38,Yes
CUST6898,Female,0,No,Yes,44,Yes,DSL,Month-to-month,Mailed check,64.84,3123.81,No
CUST6899,Male,0,Yes,Yes,17,Yes,No,Month-to-month,Credit card,50.36,912.8,No
CUST6900,Female,0,No,No,19,Yes,Fiber optic,Two year,Mailed check,69.98,1427.23,No
CUST6901,Male,0,Yes,Yes,43,Yes,Fiber optic,One year,Mailed check,54.71,2275.92,No
CUST6902,Male,0,Yes,Yes,35,Yes,DSL,Two year,Electronic check,68.92,2567.44,No
CUST6903,Female,0,Yes,Yes,68,No,No,Month-to-month,Bank transfer,88.08,5920.21,No
CUST6904,Male,0,Yes,No,36,Yes,Fiber optic,Month-to-month,Bank transfer,41.26,1398.56,No
CUST6905,Male,1,No,Yes,32,Yes,Fiber optic,One year,Mailed check,78.44,2658.02,Yes
CUST6906,Female,0,Yes,Yes,18,Yes,No,Two year,Electronic check,44.43,736.05,Yes
CUST6907,Female,0,Yes,No,50,Yes,No,Month-to-month,Electronic check,69.83,3491.13,Yes
CUST6908,Female,0,Yes,No,31,Yes,DSL,Month-to-month,Mailed check,67.54,,No
CUST6909,Male,0,Yes,Yes,21,No,No,Two year,Mailed check,80.67,1602.66,Yes
CUST6910,Male,0,No,No,0,Yes,Fiber optic,Month-to-month,Bank transfer,75.54,-23.68,No
CUST6911,Male,0,Yes,No,53,Yes,DSL,Month-to-month,Bank transfer,107.17,5618.99,No
CUST6912,Female,0,No,Yes,19,No,DSL,Month-to-month,Bank transfer,69.22,1282.31,Yes
CUST6913,Male,0,Yes,Yes,57,No,Fiber optic,Month-to-month,Mailed check,51.17,2920.61,No
CUST6914,Male,0,Yes,Yes,34,Yes,Fiber optic,Month-to-month,Bank transfer,97.89,3462.27,No
CUST6915,Male,1,Yes,No,69,Yes,Fiber optic,One year,Electronic check,79.93,5679.4,No
CUST6916,Male,0,Yes,Yes,69,Yes,DSL,Month-to-month,Credit card,96.52,6675.46,Yes
CUST6917,Male,0,Yes,Yes,60,Yes,No,Month-to-month,Credit card,66.4,3911.34,No
CUST6918,Male,0,Yes,No,62,Yes,No,One year,Credit card,30.74,1973.68,No
CUST6919,Male,0,No,No,60,Yes,Fiber optic,Two year,Electronic check,137.32,8239.73,No
CUST6920,Female,0,No,No,56,Yes,No,One year,Credit card,51.92,2911.31,No
CUST6921,Female,0,Yes,No,2,Yes,No,One year,Mailed check,35.17,-32.84,No
CUST6922,Female,0,Yes,Yes,44,Yes,DSL,Two year,Mailed check,91.51,3864.73,No
CUST6923,Male,0,Yes,Yes,14,No,Fiber optic,One year,Credit card,41.65,581.21,Yes
CUST6924,Male,0,No,Yes,16,Yes,No,Two year,Credit card,58.23,824.73,No
CUST6925,Female,0,Yes,No,14,Yes,DSL,One year,Bank transfer,73.74,979.33,Yes
CUST6926,Male,0,No,Yes,4,Yes,No,One year,Electronic check,65.7,411.07,No
CUST6927,Female,0,No,No,45,Yes,DSL,One year,Bank transfer,59.1,2652.48,No
CUST6928,Male,0,No,No,10,No,Fiber optic,Two year,Electronic check,117.69,1287.61,No
CUST6929,Male,0,No,No,63,Yes,Fiber optic,One year,Bank transfer,66.66,4229.19,Yes
CUST6930,Female,0,No,Yes,13,Yes,Fiber optic,One year,Mailed check,43.02,617.64,No
CUST6931,Female,0,Yes,No,38,No,Fiber optic,Month-to-month,Electronic check,99.31,3718.78,No
CUST6932,Female,0,No,Yes,66,No,Fiber optic,Two year,Credit card,48.32,3304.41,No
CUST6933,Female,0,No,Yes,54,Yes,Fiber optic,Month-to-month,Electronic check,66.73,,No
CUST6934,Female,0,Yes,Yes,41,Yes,Fiber optic,Month-to-month,Electronic check,42.86,1730.82,Yes
CUST6935,Male,1,Yes,No,4,Yes,Fiber optic,One year,Bank transfer,76.34,336.39,No
CUST6936,Male,0,No,Yes,51,Yes,Fiber optic,Month-to-month,Credit card,71.19,3559.17,No
CUST6937,Male,0,Yes,Yes,21,No,No,Month-to-month,Bank transfer,69.13,1422.36,No
CUST6938,Female,0,Yes,No,43,Yes,DSL,Month-to-month,Credit card,74.5,3197.97,No
CUST6939,Female,0,Yes,Yes,58,Yes,Fiber optic,Month-to-month,Bank transfer,94.53,5430.17,No
CUST6940,Female,0,No,No,24,Yes,DSL,Month-to-month,Credit card,91.09,2342.03,No
CUST6941,Female,0,No,Yes,20,Yes,Fiber optic,Month-to-month,Electronic check,38.82,734.88,No
CUST6942,Female,0,Yes,No,63,Yes,DSL,Two year,Mailed check,49.76,3343.13,No
CUST6943,Female,1,Yes,No,67,Yes,Fiber optic,Month-to-month,Credit card,97.73,6554.64,No
CUST6944,Male,1,No,No,46,Yes,DSL,One year,Bank transfer,46.52,2116.49,Yes
CUST6945,Male,0,No,No,34,No,DSL,One year,Electronic check,84.76,2831.4,No
CUST6946,Male,0,Yes,No,6,Yes,Fiber optic,Month-to-month,Bank transfer,95.18,613.32,No
CUST6947,Male,0,No,Yes,55,Yes,Fiber optic,One year,Electronic check,20.75,1230.67,No
CUST6948,Male,0,No,Yes,51,Yes,Fiber optic,Month-to-month,Electronic check,57.81,2694.52,No
CUST6949,Female,0,Yes,Yes,45,Yes,DSL,One year,Credit card,94.45,4250.74,Yes
CUST6950,Female,1,Yes,Yes,8,Yes,No,Month-to-month,Bank transfer,,325.91,No
CUST6951,Female,0,No,No,57,Yes,DSL,Two year,Electronic check,,3396.77,No
CUST6952,Female,1,No,No,22,Yes,No,Month-to-month,Bank transfer,354.11098684210526,2188.43,No
CUST6953,Female,0,No,Yes,2,Yes,Fiber optic,Month-to-month,Electronic check,103.12,210.34,No
CUST6954,Female,1,Yes,No,60,Yes,DSL,Month-to-month,Credit card,49.65,2999.84,No
CUST6955,Male,0,Yes,Yes,8,Yes,Fiber optic,One year,Mailed check,123.01,841.1,No
CUST6956,Female,0,Yes,No,52,Yes,No,Month-to-month,Mailed check,16.47,801.71,No
CUST6957,Female,0,Yes,No,67,Yes,Fiber optic,Month-to-month,Mailed check,24.79,,Yes
CUST6958,Female,0,No,Yes,48,Yes,DSL,Month-to-month,Mailed check,56.37,2660.86,No
CUST6959,Female,0,Yes,Yes,69,Yes,Fiber optic,Month-to-month,Credit card,59.96,4224.46,Yes
CUST6960,Male,0,Yes,No,47,Yes,Fiber optic,One year,Credit card,61.34,3011.15,No
CUST6961,Male,0,No,Yes,6,Yes,No,Month-to-month,Credit card,53.96,384.82,No
CUST6962,Female,0,Yes,Yes,30,Yes,No,One year,Bank transfer,48.23,1414.56,No
CUST6963,Male,1,No,Yes,55,Yes,DSL,Month-to-month,Electronic check,63.39,3411.83,Yes
CUST6964,Male,1,Yes,Yes,60,Yes,DSL,Month-to-month,Electronic check,52.3,3147.05,No
CUST6965,Female,0,No,No,4,Yes,DSL,Month-to-month,Mailed check,90.46,391.49,No
CUST6966,Female,0,No,No,29,Yes,No,Two year,Mailed check,70.92,2034.58,Yes
CUST6967,Female,0,No,No,21,Yes,Fiber optic,One year,Electronic check,63.37,1264.86,No
CUST6968,Female,0,Yes,No,16,Yes,No,Month-to-month,Electronic check,67.84,1146.97,Yes
CUST6969,Female,0,No,Yes,9,Yes,Fiber optic,One year,Electronic check,103.42,1002.13,No
CUST6970,Male,0,Yes,Yes,70,Yes,Fiber optic,One year,Credit card,55.5,3753.81,No
CUST6971,Female,0,Yes,Yes,67,Yes,DSL,Month-to-month,Credit card,31.8,2092.23,No
CUST6972,Female,1,Yes,No,41,No,No,Month-to-month,Credit card,40.68,,No
CUST6973,Female,0,Yes,No,26,Yes,Fiber optic,Month-to-month,Mailed check,63.01,1737.12,No
CUST6974,Male,0,Yes,No,6,Yes,No,Month-to-month,Credit card,84.45,513.16,No
CUST6975,Female,0,Yes,No,22,Yes,DSL,Month-to-month,Electronic check,96.39,2157.11,No
CUST6976,Female,0,No,Yes,7,Yes,Fiber optic,One year,Mailed check,119.46,861.47,Yes
CUST6977,Female,0,No,Yes,7,Yes,Fiber optic,Month-to-month,Mailed check,92.17,740.62,No
CUST6978,Male,0,Yes,Yes,4,Yes,DSL,Month-to-month,Credit card,43.51,63.12,No
CUST6979,Female,0,Yes,No,70,Yes,Fiber optic,Month-to-month,Mailed check,63.9,4499.76,No
CUST6980,Female,0,Yes,No,1,Yes,Fiber optic,Month-to-month,Electronic check,5.09,-83.8,No
CUST6981,Female,0,Yes,No,50,Yes,DSL,Month-to-month,Mailed check,60.65,3141.31,Yes
CUST6982,Male,0,Yes,No,65,No,DSL,One year,Bank transfer,51.85,3264.42,Yes
CUST6983,Female,0,No,No,11,Yes,Fiber optic,Month-to-month,Electronic check,0.61,47.56,Yes
CUST6984,Female,0,No,No,46,No,DSL,One year,Electronic check,133.23,6040.23,No
CUST6985,Female,0,Yes,Yes,54,Yes,Fiber optic,Month-to-month,Credit card,58.66,3242.88,No
CUST6986,Male,0,Yes,No,25,Yes,Fiber optic,One year,Electronic check,6.78,213.43,No
CUST6987,Female,0,No,No,44,No,DSL,Month-to-month,Electronic check,61.78,2742.29,Yes
CUST6988,Female,1,Yes,No,61,Yes,DSL,One year,Mailed check,119.52,7486.81,No
CUST6989,Female,0,Yes,Yes,69,Yes,No,One year,Bank transfer,127.21,8707.24,No
CUST6990,Male,0,Yes,Yes,1,Yes,DSL,Month-to-month,Mailed check,71.75,164.36,No
CUST6991,Male,0,No,No,25,Yes,Fiber optic,One year,Bank transfer,72.89,1939.45,Yes
CUST6992,Female,0,No,Yes,13,No,Fiber optic,Month-to-month,Electronic check,106.77,1480.65,No
CUST6993,Male,0,Yes,Yes,56,Yes,No,Month-to-month,Mailed check,65.48,3599.15,Yes
CUST6994,Male,0,No,Yes,31,Yes,DSL,Two year,Mailed check,83.81,2574.65,No
CUST6995,Male,0,No,No,61,Yes,No,Month-to-month,Credit card,95.19,5745.99,Yes
CUST6996,Female,0,Yes,Yes,29,Yes,Fiber optic,Month-to-month,Mailed check,37.72,1064.15,Yes
CUST6997,Female,0,No,Yes,12,Yes,DSL,Month-to-month,Bank transfer,116.1,1309.08,No
CUST6998,Male,0,No,Yes,39,Yes,DSL,Month-to-month,Bank transfer,43.61,1664.47,Yes
CUST6999,Male,0,No,No,30,Yes,Fiber optic,Two year,Electronic check,50.99,1676.46,Yes
CUST7000,Male,0,No,Yes,36,Yes,DSL,Month-to-month,Credit card,72.99,2595.72,Yes
CUST3094,Female,1,Yes,No,55,Yes,Fiber optic,One year,Mailed check,77.74,4197.92,No
CUST4862,Female,0,No,Yes,34,Yes,No,Two year,Mailed check,100.14,3501.31,No
CUST3146,Female,0,Yes,Yes,20,Yes,DSL,Month-to-month,Mailed check,59.12,1236.16,No
CUST5458,Female,1,No,No,68,Yes,No,One year,Bank transfer,91.88,6307.58,No
CUST4796,Female,0,Yes,No,3,Yes,No,Two year,Credit card,67.94,217.07,Yes
CUST1571,Female,0,No,Yes,64,Yes,Fiber optic,Month-to-month,Mailed check,39.35,2541.09,Yes
CUST4507,Male,0,Yes,Yes,27,Yes,DSL,One year,Mailed check,79.87,2203.3,No
CUST2297,Male,0,No,No,3,Yes,DSL,Two year,Mailed check,45.31,223.74,No
CUST4432,Female,0,Yes,Yes,60,Yes,DSL,Month-to-month,Credit card,92.94,,No
CUST2889,Male,0,No,No,30,Yes,Fiber optic,Month-to-month,Bank transfer,2.21,33.07,No
CUST1828,Female,0,Yes,Yes,14,Yes,Fiber optic,Month-to-month,Mailed check,34.62,224.36,No
CUST3470,Male,0,Yes,No,24,No,DSL,Two year,Electronic check,27.14,736.08,No
CUST4398,Female,0,No,No,27,Yes,DSL,One year,Credit card,56.26,1500.81,No
CUST1428,Male,0,No,No,65,Yes,Fiber optic,One year,Credit card,98.17,6408.58,Yes
CUST4098,Female,0,Yes,Yes,42,Yes,DSL,Month-to-month,Mailed check,66.48,2734.02,No
CUST6164,Male,0,No,No,26,Yes,DSL,Month-to-month,Credit card,69.7,1732.18,No
CUST4625,Male,0,Yes,No,31,Yes,Fiber optic,Month-to-month,Credit card,19.04,543.98,No
CUST2594,Female,0,Yes,No,61,Yes,Fiber optic,One year,Mailed check,74.15,4480.95,No
CUST868,Female,0,No,No,42,Yes,DSL,Month-to-month,Mailed check,69.51,2826.17,No
CUST6542,Female,0,Yes,No,35,Yes,DSL,Month-to-month,Bank transfer,62.24,2018.97,No
CUST6303,Male,0,No,Yes,59,Yes,DSL,Month-to-month,Electronic check,79.08,4731.73,No
CUST2333,Female,0,Yes,Yes,11,Yes,DSL,Month-to-month,Credit card,72.65,783.77,Yes
CUST6736,Female,0,Yes,No,29,Yes,DSL,Month-to-month,Credit card,63.3,1936.29,No
CUST5229,Male,0,No,No,25,Yes,DSL,Month-to-month,Electronic check,61.14,1289.67,No
CUST3026,Male,1,No,Yes,17,Yes,DSL,Month-to-month,Mailed check,86.68,1259.38,Yes
CUST4039,Female,0,No,Yes,14,Yes,DSL,Month-to-month,Bank transfer,86.07,958.15,No
CUST3383,Male,0,No,Yes,15,Yes,Fiber optic,Month-to-month,Electronic check,55.53,937.6,No
CUST5190,Male,0,Yes,Yes,56,No,DSL,Month-to-month,Electronic check,55.65,3038.36,No
CUST4153,Male,0,Yes,Yes,18,Yes,DSL,Month-to-month,Bank transfer,80.37,1474.92,No
CUST2672,Female,0,Yes,Yes,50,No,Fiber optic,Month-to-month,Electronic check,110.09,5516.11,No
CUST6562,Male,0,No,No,33,Yes,DSL,Month-to-month,Credit card,110.15,3662.45,No
CUST1656,Male,0,Yes,No,46,Yes,DSL,Month-to-month,Credit card,63.55,2932.35,Yes
CUST4403,Female,0,Yes,Yes,68,Yes,No,Month-to-month,Credit card,113.28,7857.44,No
CUST5304,Male,1,No,Yes,17,Yes,DSL,Month-to-month,Electronic check,3.24,87.53,No
CUST4595,Male,0,Yes,Yes,59,Yes,DSL,Two year,Electronic check,66.06,3842.36,No
CUST661,Female,0,No,Yes,17,Yes,Fiber optic,One year,Bank transfer,91.37,1524.3,No
CUST2794,Male,0,No,No,43,Yes,DSL,Month-to-month,Mailed check,87.3,3925.62,No
CUST3659,Female,0,Yes,Yes,53,Yes,No,Month-to-month,Electronic check,133.47,7123.91,No
CUST2764,Male,1,No,No,67,No,DSL,Month-to-month,Electronic check,44.08,3041.57,No
CUST3135,Female,0,No,Yes,34,Yes,Fiber optic,Month-to-month,Electronic check,22.91,636.32,No
CUST4851,Male,0,No,Yes,14,Yes,DSL,One year,Bank transfer,56.71,758.88,Yes
CUST4904,Male,0,No,Yes,3,Yes,DSL,Month-to-month,Credit card,34.96,121.88,No
CUST6202,Female,0,Yes,Yes,42,Yes,No,Month-to-month,Mailed check,58.16,2451.15,No
CUST2936,Male,0,No,Yes,46,Yes,No,One year,Mailed check,102.77,4802.35,No
CUST1908,Male,0,No,No,28,Yes,No,Month-to-month,Credit card,97.58,2745.39,No
CUST1972,Male,0,No,Yes,69,Yes,Fiber optic,Month-to-month,Mailed check,22.92,1536.78,No
CUST5308,Male,0,No,Yes,12,Yes,Fiber optic,One year,Mailed check,87.95,1087.11,No
CUST4841,Female,0,Yes,Yes,65,Yes,No,Two year,Mailed check,61.66,4035.88,Yes
CUST4522,Male,0,No,Yes,26,Yes,Fiber optic,Month-to-month,Electronic check,67.58,1668.12,No
CUST349,Female,0,Yes,No,57,Yes,No,Month-to-month,Credit card,50.56,2875.21,No
